Row_ID,Date,Fetch_Time,App_ID,Game_Name,Rank,Peak_Today,Main_Genre,Developer,Release_Date,Price_USD
7ea7b9f6,2026-04-25,22:50:01,730,COUNTER-STRIKE 2,1,1002543,Action,Valve,"21 Aug, 2012",0.0
a8db8ea4,2026-04-25,22:50:01,570,DOTA 2,2,427894,Action,Valve,"Jul 9, 2013",0.0
afd762d4,2026-04-25,22:50:01,2676230,FIVEM,3,179298,Other,N/A,,0.0
01e48807,2026-04-25,22:50:01,3041230,WINDROSE,4,161291,Action,Kraken Express,"Apr 14, 2026",29.99
878f1851,2026-04-25,22:50:01,578080,PUBG: BATTLEGROUNDS,5,149622,Action,PUBG Corporation,"21 Dec, 2017",0.0
f77e55ee,2026-04-25,22:50:01,2767030,MARVEL RIVALS,6,131564,Action,NetEase Games,"5 Dec, 2024",0.0
5038f7c8,2026-04-25,22:50:01,2868840,SLAY THE SPIRE 2,7,114280,Indie,Mega Crit,"Mar 5, 2026",24.99
f50f9ab6,2026-04-25,22:50:01,252490,RUST,8,112127,Action,Facepunch Studios,"Feb 8, 2018",39.99
6c81067a,2026-04-25,22:50:01,3321460,CRIMSON DESERT,9,95467,Action,Pearl Abyss,"Mar 19, 2026",69.99
249c3a46,2026-04-25,22:50:01,359550,TOM CLANCY'S RAINBOW SIX SIEGE,10,88025,Action,Ubisoft Montreal,"Dec 1, 2015",0.0
8670fe8e,2026-04-25,22:50:01,1808500,ARC RAIDERS,11,83758,Action,Embark Studios,"30 Oct, 2025",39.99
8ccc7c8b,2026-04-25,22:50:01,1172470,APEX LEGENDS™,12,80096,Action,Respawn,"4 Nov, 2020",0.0
a0b4b2fa,2026-04-25,22:50:01,3419430,BONGO CAT,13,75960,Casual,Marcel Zurawka,"Mar 5, 2025",0.0
a5b42c8f,2026-04-25,22:50:01,1422450,DEADLOCK,14,0,Action,Valve,To be announced,0.0
499fa5aa,2026-04-25,22:50:01,322170,GEOMETRY DASH,15,68458,Action,RobTop Games,"Dec 22, 2014",4.99
235e974f,2026-04-25,22:50:01,2357570,OVERWATCH®,16,67107,Action,"Blizzard Entertainment, Inc.","Aug 10, 2023",0.0
3ceb3937,2026-04-25,22:50:01,230410,WARFRAME,17,63437,Action,Digital Extremes,"25 Mar, 2013",0.0
1a14d722,2026-04-25,22:50:01,3405690,EA SPORTS FC™ 26,18,59050,Simulation,EA Canada,"25 Sep, 2025",20.99
17332d9d,2026-04-25,22:50:01,440,TEAM FORTRESS 2,19,56670,Action,Valve,"Oct 10, 2007",0.0
8780e6e8,2026-04-25,22:50:01,271590,GRAND THEFT AUTO V LEGACY,20,55993,Action,Rockstar North,"Apr 13, 2015",0.0
eb023ef6,2026-04-25,22:50:01,221100,DAYZ,21,54715,Action,Bohemia Interactive,"Dec 13, 2018",49.99
3e0b282a,2026-04-25,22:50:01,438100,VRCHAT,22,53185,Adventure,VRChat Inc.,"1 Feb, 2017",0.0
91a6e488,2026-04-25,22:50:01,381210,DEAD BY DAYLIGHT,23,52715,Action,Behaviour Interactive Inc.,"Jun 14, 2016",7.99
7f4d380b,2026-04-25,22:50:01,1086940,BALDUR'S GATE 3,24,51316,Adventure,Larian Studios,"Aug 3, 2023",59.99
dc01b3ae,2026-04-25,22:50:01,431960,WALLPAPER ENGINE,25,50613,Casual,Wallpaper Engine Team,"Nov 16, 2018",4.99
b63fdb27,2026-04-25,22:50:01,413150,STARDEW VALLEY,26,50318,Indie,ConcernedApe,"Feb 26, 2016",14.99
5b4e4bcc,2026-04-25,22:50:01,236390,WAR THUNDER,27,44908,Action,Gaijin Entertainment,"Aug 15, 2013",0.0
d81f1439,2026-04-25,22:50:01,2507950,DELTA FORCE,28,42901,Action,Team Jade,"4 Dec, 2024",0.0
aa603c94,2026-04-25,22:50:01,1366800,CROSSHAIR X,29,41996,Action,CenterPoint Gaming,"Aug 17, 2020",9.99
4d923ce6,2026-04-25,22:50:01,2807960,BATTLEFIELD™ 6,30,40789,Action,Battlefield Studios,"10 Oct, 2025",41.99
6457c4d5,2026-04-25,22:50:01,3240220,GRAND THEFT AUTO V ENHANCED,31,39418,Action,Rockstar North,"Mar 4, 2025",19.79
f83303a8,2026-04-25,22:50:01,553850,HELLDIVERS™ 2,32,38514,Action,Arrowhead Game Studios,"8 Feb, 2024",39.99
e97e3f0d,2026-04-25,22:50:01,1938090,CALL OF DUTY®,33,37333,Action,Treyarch,"Oct 27, 2022",0.0
8976d6af,2026-04-25,22:50:01,394360,HEARTS OF IRON IV,34,35908,Simulation,Paradox Development Studio,"Jun 6, 2016",49.99
6cd3d632,2026-04-25,22:50:01,1245620,ELDEN RING,35,34883,Action,"FromSoftware, Inc.","Feb 24, 2022",59.99
4e0a5f82,2026-04-25,22:50:01,240,COUNTER-STRIKE: SOURCE,36,32664,Action,Valve,"1 Nov, 2004",5.79
3f9c7220,2026-04-25,22:50:01,108600,PROJECT ZOMBOID,37,32591,Indie,The Indie Stone,"Nov 8, 2013",19.99
b1bccd49,2026-04-25,22:50:01,1091500,CYBERPUNK 2077,38,31636,RPG,CD PROJEKT RED,"Dec 9, 2020",20.99
61aed53c,2026-04-25,22:50:01,3551340,FOOTBALL MANAGER 26,39,30450,Simulation,Sports Interactive,"Nov 4, 2025",59.99
4e32b8ce,2026-04-25,22:50:01,227300,EURO TRUCK SIMULATOR 2,40,28707,Indie,SCS Software,"Oct 12, 2012",19.99
e6b80f4c,2026-04-25,22:50:01,2399830,ARK: SURVIVAL ASCENDED,41,28610,Action,Studio Wildcard,"Oct 25, 2023",44.99
60d15ede,2026-04-25,22:50:01,3265700,VAMPIRE CRAWLERS: THE TURBO WILDCARD FROM VAMPIRE SURVIVORS,42,28493,Action,poncle,"Apr 21, 2026",9.99
3f5692fc,2026-04-25,22:50:01,1222670,THE SIMS™ 4,43,28795,Adventure,Maxis,"Jun 18, 2020",0.0
468a1e97,2026-04-25,22:50:01,3357650,PRAGMATA,44,27918,Action,"CAPCOM Co., Ltd.","Apr 17, 2026",59.99
22a0d46c,2026-04-25,22:50:01,2073620,ARENA BREAKOUT: INFINITE,45,27356,Action,Morefun Studios,"Sep 15, 2025",0.0
28a187d8,2026-04-25,22:50:01,289070,SID MEIER’S CIVILIZATION® VI,46,28086,Strategy,Firaxis Games,"Oct 21, 2016",59.99
36b80382,2026-04-25,22:50:01,294100,RIMWORLD,47,26977,Indie,Ludeon Studios,"Oct 17, 2018",34.99
8d7a6adf,2026-04-25,22:50:01,4000,GARRY'S MOD,48,27053,Casual,Facepunch Studios,"Nov 29, 2006",4.99
2e025059,2026-04-25,22:50:01,252950,ROCKET LEAGUE®,49,26817,Action,Psyonix LLC,"Jul 7, 2015",0.0
d00f60a5,2026-04-25,22:50:01,550,LEFT 4 DEAD 2,50,26417,Action,Valve,"Nov 16, 2009",9.99
c47c0a20,2026-04-25,22:50:01,39210,FINAL FANTASY XIV ONLINE,51,26320,Massively Multiplayer,Square Enix,"Feb 18, 2014",19.99
017c8ec9,2026-04-25,22:50:01,2300320,FARMING SIMULATOR 25,52,26398,Simulation,GIANTS Software,"Nov 12, 2024",29.99
53e5b2ae,2026-04-25,22:50:01,3241660,R.E.P.O.,53,25818,Action,semiwork,"Feb 26, 2025",9.99
e2f1edb5,2026-04-25,22:50:01,489830,THE ELDER SCROLLS V: SKYRIM SPECIAL EDITION,54,25640,RPG,Bethesda Game Studios,"Oct 27, 2016",39.99
72b8b11c,2026-04-25,22:50:01,3164500,SCHEDULE I,55,26086,Action,TVGS,"Mar 24, 2025",19.99
f27fb709,2026-04-25,22:50:01,526870,SATISFACTORY,56,25409,Adventure,Coffee Stain Studios,"Sep 10, 2024",27.99
32986448,2026-04-25,22:50:01,892970,VALHEIM,57,24771,Action,Iron Gate AB,"Feb 2, 2021",9.99
56a7b15f,2026-04-25,22:50:01,1174180,RED DEAD REDEMPTION 2,58,25174,Action,Rockstar Games,"Dec 5, 2019",59.99
06f6ba33,2026-04-25,22:50:01,4465480,COUNTER-STRIKE:GLOBAL OFFENSIVE,59,24926,Action,Valve,"Aug 21, 2012",0.0
6d0d748a,2026-04-25,22:50:01,105600,TERRARIA,60,24875,Action,Re-Logic,"May 16, 2011",9.99
ccd54aa5,2026-04-25,22:50:01,1158310,CRUSADER KINGS III,61,24103,RPG,Paradox Development Studio,"Sep 1, 2020",14.99
60eb5cbc,2026-04-25,22:50:01,1142710,TOTAL WAR: WARHAMMER III,62,23806,Action,CREATIVE ASSEMBLY,"Feb 17, 2022",59.99
44574652,2026-04-25,22:50:01,251570,7 DAYS TO DIE,63,23165,Action,The Fun Pimps,"Jul 25, 2024",44.99
55cee1f1,2026-04-25,22:50:01,1973530,LIMBUS COMPANY,64,22806,Other,ProjectMoon,"26 Feb, 2023",0.0
860eb175,2026-04-25,22:50:01,284160,BEAMNG.DRIVE,65,22388,Racing,BeamNG,"May 29, 2015",24.99
f7bdc71b,2026-04-25,22:50:01,261550,MOUNT & BLADE II: BANNERLORD,66,22371,Action,TaleWorlds Entertainment,"Oct 25, 2022",24.99
04c47f08,2026-04-25,22:50:01,813780,AGE OF EMPIRES II: DEFINITIVE EDITION,67,21558,Strategy,World's Edge,"Nov 14, 2019",12.24
c9f2409f,2026-04-25,22:50:01,582660,BLACK DESERT,68,21560,Action,Pearl Abyss,"May 24, 2017",0.99
bb5f9ce9,2026-04-25,22:50:01,1203620,ENSHROUDED,69,20246,Action,Keen Games GmbH,"Jan 24, 2024",23.99
94e4ea27,2026-04-25,22:50:01,1874880,ARMA REFORGER,70,19181,Action,Bohemia Interactive,"Nov 16, 2023",39.99
be569c3a,2026-04-25,22:50:01,250900,THE BINDING OF ISAAC: REBIRTH,71,18786,Action,"Nicalis, Inc.","Nov 4, 2014",14.99
e203ebf8,2026-04-25,22:50:01,1281930,TMODLOADER,72,19041,Action,TML Team,"May 16, 2020",0.0
6289efc1,2026-04-25,22:50:01,3527290,PEAK,73,18606,Action,Team PEAK,"16 Jun, 2025",7.49
1fed924d,2026-04-25,22:50:01,1623730,PALWORLD,74,18511,Action,Pocketpair,"Jan 19, 2024",29.99
67c1c7ef,2026-04-25,22:50:01,3065800,MARATHON,75,18326,Action,Bungie,"Mar 5, 2026",31.99
af2be441,2026-04-25,22:50:01,427520,FACTORIO,76,18299,Casual,Wube Software LTD.,"Aug 14, 2020",35.0
2704bb5a,2026-04-25,22:50:01,3472040,NBA 2K26,77,17525,Sports,Visual Concepts,"Sep 4, 2025",19.99
3b71ce83,2026-04-25,22:50:01,3679080,THE SEVEN DEADLY SINS: ORIGIN,78,17381,Action,Netmarble F&C,"Mar 16, 2026",0.0
b8098f42,2026-04-25,22:50:01,220200,KERBAL SPACE PROGRAM,79,17154,Indie,Squad,"Apr 27, 2015",39.99
5680a144,2026-04-25,22:50:01,1665460,EFOOTBALL™,80,17521,Simulation,KONAMI,"Sep 29, 2021",0.0
b27efcb8,2026-04-25,22:50:01,346110,ARK: SURVIVAL EVOLVED,81,17249,Action,Studio Wildcard,"Aug 27, 2017",14.99
772c261b,2026-04-25,22:50:01,376210,THE ISLE,82,17282,Action,Afterthought LLC,"Dec 1, 2015",19.99
62172707,2026-04-25,22:50:01,1476970,IDLEON,83,17182,Casual,Lavaflame2,"Nov 6, 2025",0.0
8f2e878b,2026-04-25,22:50:01,1905180,OBS STUDIO,84,16925,Utilities,OBS Project,"Mar 21, 2022",0.0
33dc33a2,2026-04-25,22:50:01,238960,PATH OF EXILE,85,16517,Action,Grinding Gear Games,"23 Oct, 2013",0.0
d75f1a5f,2026-04-25,22:50:01,322330,DON'T STARVE TOGETHER,86,17246,Action,Klei Entertainment,"Apr 21, 2016",14.99
2584efff,2026-04-25,22:50:01,2073850,THE FINALS,87,16507,Action,Embark Studios,"Dec 7, 2023",0.0
f012041b,2026-04-25,22:50:01,1144200,READY OR NOT,88,16175,Action,VOID Interactive,"Dec 13, 2023",24.99
f8e105eb,2026-04-25,22:50:01,1716740,STARFIELD,89,16148,RPG,Bethesda Game Studios,"Sep 5, 2023",49.99
94116dcb,2026-04-25,22:50:01,2479810,GRAY ZONE WARFARE,90,16086,Action,"MADFINGER Games, a.s.","Apr 30, 2024",39.99
17f694f8,2026-04-25,22:50:01,8930,SID MEIER'S CIVILIZATION® V,91,15953,Strategy,Firaxis Games,"Sep 21, 2010",29.99
7fce9220,2026-04-25,22:50:01,2646460,SOULMASK,92,15449,Adventure,CampFire Studio,"Apr 9, 2026",29.99
d2e3da5a,2026-04-25,22:50:01,281990,STELLARIS,93,15588,Simulation,Paradox Development Studio,"May 9, 2016",39.99
87a12951,2026-04-25,22:50:01,275850,NO MAN'S SKY,94,15429,Action,Hello Games,"Aug 12, 2016",59.99
d9e7ef7f,2026-04-25,22:50:01,629520,SOUNDPAD,95,15333,Audio Production,Leppsoft,"Sep 30, 2017",4.99
189ae49d,2026-04-25,22:50:01,377160,FALLOUT 4,96,15185,RPG,Bethesda Game Studios,"Nov 9, 2015",19.99
fa424429,2026-04-25,22:50:01,3564740,WHERE WINDS MEET,97,15134,Action,Everstone Studio,"14 Nov, 2025",0.0
86c351f1,2026-04-25,22:50:01,594650,HUNT: SHOWDOWN 1896,98,15341,Action,Crytek,"Aug 27, 2019",13.49
3f9f6532,2026-04-25,22:50:01,2252570,FOOTBALL MANAGER 2024,99,14541,Simulation,Sports Interactive,"Nov 6, 2023",0.0
bff4eefc,2026-04-25,22:50:01,1974050,TORCHLIGHT: INFINITE,100,13902,Action,XD,"May 9, 2023",0.0
55d2ef67,2026-04-26,01:30:40,730,COUNTER-STRIKE 2,1,707048,Action,Valve,"21 Aug, 2012",0.0
0f2dd7f2,2026-04-26,01:30:40,570,DOTA 2,2,325223,Action,Valve,"Jul 9, 2013",0.0
64b277a3,2026-04-26,01:30:40,2676230,FIVEM,3,144163,Other,,,0.0
ae1d4973,2026-04-26,01:30:40,3041230,WINDROSE,4,138323,Action,Kraken Express,"Apr 14, 2026",29.99
7473d1e7,2026-04-26,01:30:40,578080,PUBG: BATTLEGROUNDS,5,129594,Action,PUBG Corporation,"21 Dec, 2017",0.0
381ffea1,2026-04-26,01:30:40,2767030,MARVEL RIVALS,6,130327,Action,NetEase Games,"5 Dec, 2024",0.0
6ff3a670,2026-04-26,01:30:40,2868840,SLAY THE SPIRE 2,7,130681,Indie,Mega Crit,"Mar 5, 2026",24.99
1989767b,2026-04-26,01:30:40,252490,RUST,8,87880,Action,Facepunch Studios,"Feb 8, 2018",39.99
330f0861,2026-04-26,01:30:40,3321460,CRIMSON DESERT,9,88221,Action,Pearl Abyss,"Mar 19, 2026",69.99
b1d7d387,2026-04-26,01:30:40,359550,TOM CLANCY'S RAINBOW SIX SIEGE,10,84915,Action,Ubisoft Montreal,"Dec 1, 2015",0.0
99e6998c,2026-04-26,01:30:40,1172470,APEX LEGENDS™,11,82597,Action,Respawn,"4 Nov, 2020",0.0
e82ffb24,2026-04-26,01:30:40,3419430,BONGO CAT,12,74880,Casual,Marcel Zurawka,"Mar 5, 2025",0.0
0edaf3c7,2026-04-26,01:30:40,1808500,ARC RAIDERS,13,71994,Action,Embark Studios,"30 Oct, 2025",39.99
1e852684,2026-04-26,01:30:40,2357570,OVERWATCH®,14,64172,Action,"Blizzard Entertainment, Inc.","Aug 10, 2023",0.0
02a1aed2,2026-04-26,01:30:40,1422450,DEADLOCK,15,0,Action,Valve,To be announced,0.0
490915ac,2026-04-26,01:30:40,230410,WARFRAME,16,63812,Action,Digital Extremes,"25 Mar, 2013",0.0
a89693ad,2026-04-26,01:30:40,322170,GEOMETRY DASH,17,61752,Action,RobTop Games,"Dec 22, 2014",4.99
f06e859b,2026-04-26,01:30:40,431960,WALLPAPER ENGINE,18,59006,Casual,Wallpaper Engine Team,"Nov 16, 2018",4.99
578c8ef1,2026-04-26,01:30:40,438100,VRCHAT,19,56537,Adventure,VRChat Inc.,"1 Feb, 2017",0.0
c67a9e6c,2026-04-26,01:30:40,440,TEAM FORTRESS 2,20,55030,Action,Valve,"Oct 10, 2007",0.0
eac530cc,2026-04-26,01:30:40,413150,STARDEW VALLEY,21,53160,Indie,ConcernedApe,"Feb 26, 2016",14.99
10bc0cb6,2026-04-26,01:30:40,2507950,DELTA FORCE,22,52645,Action,Team Jade,"4 Dec, 2024",0.0
4589c30f,2026-04-26,01:30:40,1086940,BALDUR'S GATE 3,23,47684,Adventure,Larian Studios,"Aug 3, 2023",59.99
b1f3e675,2026-04-26,01:30:40,381210,DEAD BY DAYLIGHT,24,44991,Action,Behaviour Interactive Inc.,"Jun 14, 2016",7.99
e662a445,2026-04-26,01:30:40,3405690,EA SPORTS FC™ 26,25,41587,Simulation,EA Canada,"25 Sep, 2025",20.99
ae1f4953,2026-04-26,01:30:40,236390,WAR THUNDER,26,40553,Action,Gaijin Entertainment,"Aug 15, 2013",0.0
41131555,2026-04-26,01:30:40,221100,DAYZ,27,41009,Action,Bohemia Interactive,"Dec 13, 2018",49.99
51af92df,2026-04-26,01:30:40,271590,GRAND THEFT AUTO V LEGACY,28,39712,Action,Rockstar North,"Apr 13, 2015",0.0
82c8a1db,2026-04-26,01:30:40,553850,HELLDIVERS™ 2,29,38858,Action,Arrowhead Game Studios,"8 Feb, 2024",39.99
fb85120c,2026-04-26,01:30:40,2807960,BATTLEFIELD™ 6,30,38190,Action,Battlefield Studios,"10 Oct, 2025",41.99
3104c598,2026-04-26,01:30:40,1366800,CROSSHAIR X,31,37070,Action,CenterPoint Gaming,"Aug 17, 2020",9.99
788585f3,2026-04-26,01:30:40,3240220,GRAND THEFT AUTO V ENHANCED,32,36693,Action,Rockstar North,"Mar 4, 2025",19.79
b99762f7,2026-04-26,01:30:40,1938090,CALL OF DUTY®,33,35446,Action,Treyarch,"Oct 27, 2022",0.0
c1195c55,2026-04-26,01:30:40,1973530,LIMBUS COMPANY,34,32167,Other,ProjectMoon,"26 Feb, 2023",0.0
1960624c,2026-04-26,01:30:40,1245620,ELDEN RING,35,31063,Action,"FromSoftware, Inc.","Feb 24, 2022",59.99
6f72c5ba,2026-04-26,01:30:40,240,COUNTER-STRIKE: SOURCE,36,27776,Action,Valve,"1 Nov, 2004",5.79
0d0d8083,2026-04-26,01:30:40,550,LEFT 4 DEAD 2,37,30046,Action,Valve,"Nov 16, 2009",9.99
fce6e7a6,2026-04-26,01:30:40,3265700,VAMPIRE CRAWLERS: THE TURBO WILDCARD FROM VAMPIRE SURVIVORS,38,29295,Action,poncle,"Apr 21, 2026",9.99
ba9a333b,2026-04-26,01:30:40,394360,HEARTS OF IRON IV,39,28938,Simulation,Paradox Development Studio,"Jun 6, 2016",49.99
a89bcefe,2026-04-26,01:30:40,108600,PROJECT ZOMBOID,40,28943,Indie,The Indie Stone,"Nov 8, 2013",19.99
01898a91,2026-04-26,01:30:40,1091500,CYBERPUNK 2077,41,28775,RPG,CD PROJEKT RED,"Dec 9, 2020",20.99
ba6adf24,2026-04-26,01:30:40,3357650,PRAGMATA,42,27555,Action,"CAPCOM Co., Ltd.","Apr 17, 2026",59.99
63ee7ff5,2026-04-26,01:30:40,2399830,ARK: SURVIVAL ASCENDED,43,27131,Action,Studio Wildcard,"Oct 25, 2023",44.99
0af2f040,2026-04-26,01:30:40,294100,RIMWORLD,44,26480,Indie,Ludeon Studios,"Oct 17, 2018",34.99
e57418a6,2026-04-26,01:30:40,289070,SID MEIER’S CIVILIZATION® VI,45,26526,Strategy,Firaxis Games,"Oct 21, 2016",59.99
ba65c23a,2026-04-26,01:30:40,1222670,THE SIMS™ 4,46,26233,Adventure,Maxis,"Jun 18, 2020",0.0
89ba5fb9,2026-04-26,01:30:40,39210,FINAL FANTASY XIV ONLINE,47,26058,Massively Multiplayer,Square Enix,"Feb 18, 2014",19.99
640ab70c,2026-04-26,01:30:40,105600,TERRARIA,48,24123,Action,Re-Logic,"May 16, 2011",9.99
2c0da622,2026-04-26,01:30:40,552990,WORLD OF WARSHIPS,49,23679,Action,Wargaming Group Limited,"Nov 15, 2017",0.0
6a6d3e53,2026-04-26,01:30:40,1174180,RED DEAD REDEMPTION 2,50,23577,Action,Rockstar Games,"Dec 5, 2019",59.99
3293920d,2026-04-26,01:30:40,489830,THE ELDER SCROLLS V: SKYRIM SPECIAL EDITION,51,23113,RPG,Bethesda Game Studios,"Oct 27, 2016",39.99
4ba5d839,2026-04-26,01:30:40,3241660,R.E.P.O.,52,22227,Action,semiwork,"Feb 26, 2025",9.99
9dda248c,2026-04-26,01:30:40,4465480,COUNTER-STRIKE:GLOBAL OFFENSIVE,53,21338,Action,Valve,"Aug 21, 2012",0.0
a62b9ea0,2026-04-26,01:30:40,4000,GARRY'S MOD,54,21562,Casual,Facepunch Studios,"Nov 29, 2006",4.99
d9be0523,2026-04-26,01:30:40,2073620,ARENA BREAKOUT: INFINITE,55,21411,Action,Morefun Studios,"Sep 15, 2025",0.0
4d85dafc,2026-04-26,01:30:40,251570,7 DAYS TO DIE,56,21497,Action,The Fun Pimps,"Jul 25, 2024",44.99
b345851c,2026-04-26,01:30:40,252950,ROCKET LEAGUE®,57,21197,Action,Psyonix LLC,"Jul 7, 2015",0.0
54ff6c99,2026-04-26,01:30:40,582660,BLACK DESERT,58,20295,Action,Pearl Abyss,"May 24, 2017",0.99
da462f61,2026-04-26,01:30:40,3164500,SCHEDULE I,59,20172,Action,TVGS,"Mar 24, 2025",19.99
0f27d9de,2026-04-26,01:30:40,1158310,CRUSADER KINGS III,60,20178,RPG,Paradox Development Studio,"Sep 1, 2020",14.99
9fbb0c6c,2026-04-26,01:30:40,526870,SATISFACTORY,61,19959,Adventure,Coffee Stain Studios,"Sep 10, 2024",27.99
b30565a0,2026-04-26,01:30:40,892970,VALHEIM,62,19743,Action,Iron Gate AB,"Feb 2, 2021",9.99
9940fade,2026-04-26,01:30:40,813780,AGE OF EMPIRES II: DEFINITIVE EDITION,63,19509,Strategy,World's Edge,"Nov 14, 2019",12.24
36462f5c,2026-04-26,01:30:40,261550,MOUNT & BLADE II: BANNERLORD,64,19439,Action,TaleWorlds Entertainment,"Oct 25, 2022",24.99
99e53b5c,2026-04-26,01:30:40,284160,BEAMNG.DRIVE,65,19192,Racing,BeamNG,"May 29, 2015",24.99
ab4e20b0,2026-04-26,01:30:40,1623730,PALWORLD,66,18957,Action,Pocketpair,"Jan 19, 2024",29.99
39f2535a,2026-04-26,01:30:40,2923300,BANANA,67,18756,Adventure,Sky,"Apr 23, 2024",0.0
2ccc5dfa,2026-04-26,01:30:40,3472040,NBA 2K26,68,19022,Sports,Visual Concepts,"Sep 4, 2025",19.99
623160e9,2026-04-26,01:30:40,1142710,TOTAL WAR: WARHAMMER III,69,18973,Action,CREATIVE ASSEMBLY,"Feb 17, 2022",59.99
22fff05f,2026-04-26,01:30:40,322330,DON'T STARVE TOGETHER,70,18314,Action,Klei Entertainment,"Apr 21, 2016",14.99
f4772f49,2026-04-26,01:30:40,3065800,MARATHON,71,18449,Action,Bungie,"Mar 5, 2026",31.99
3eb08692,2026-04-26,01:30:40,1281930,TMODLOADER,72,18641,Action,TML Team,"May 16, 2020",0.0
7a64c07e,2026-04-26,01:30:40,3551340,FOOTBALL MANAGER 26,73,18180,Simulation,Sports Interactive,"Nov 4, 2025",59.99
96d9d2f9,2026-04-26,01:30:40,3527290,PEAK,74,18032,Action,Team PEAK,"16 Jun, 2025",7.49
67a8759e,2026-04-26,01:30:40,4128580,BIDKING,75,16995,Casual,MindSurge Network & Games,"Apr 15, 2026",2.99
ea536114,2026-04-26,01:30:40,2300320,FARMING SIMULATOR 25,76,17543,Simulation,GIANTS Software,"Nov 12, 2024",29.99
0ab980ba,2026-04-26,01:30:40,227300,EURO TRUCK SIMULATOR 2,77,17570,Indie,SCS Software,"Oct 12, 2012",19.99
a1d5ce02,2026-04-26,01:30:40,3564740,WHERE WINDS MEET,78,16107,Action,Everstone Studio,"14 Nov, 2025",0.0
7949bb3d,2026-04-26,01:30:40,1203620,ENSHROUDED,79,16291,Action,Keen Games GmbH,"Jan 24, 2024",23.99
01e95992,2026-04-26,01:30:40,250900,THE BINDING OF ISAAC: REBIRTH,80,16127,Action,"Nicalis, Inc.","Nov 4, 2014",14.99
c785a1df,2026-04-26,01:30:40,1476970,IDLEON,81,16097,Casual,Lavaflame2,"Nov 6, 2025",0.0
3ba56a7c,2026-04-26,01:30:40,346110,ARK: SURVIVAL EVOLVED,82,15718,Action,Studio Wildcard,"Aug 27, 2017",14.99
2adf3e76,2026-04-26,01:30:40,1874880,ARMA REFORGER,83,15521,Action,Bohemia Interactive,"Nov 16, 2023",39.99
2b8397e2,2026-04-26,01:30:40,2622380,ELDEN RING NIGHTREIGN,84,15329,Action,"FromSoftware, Inc.","29 May, 2025",39.99
5d472ac9,2026-04-26,01:30:40,1144200,READY OR NOT,85,14970,Action,VOID Interactive,"Dec 13, 2023",24.99
cef164ca,2026-04-26,01:30:40,376210,THE ISLE,86,15161,Action,Afterthought LLC,"Dec 1, 2015",19.99
6c4497e4,2026-04-26,01:30:40,427520,FACTORIO,87,15072,Casual,Wube Software LTD.,"Aug 14, 2020",35.0
08f49680,2026-04-26,01:30:40,2479810,GRAY ZONE WARFARE,88,14971,Action,"MADFINGER Games, a.s.","Apr 30, 2024",39.99
46f92f6b,2026-04-26,01:30:40,220200,KERBAL SPACE PROGRAM,89,14901,Indie,Squad,"Apr 27, 2015",39.99
67b1baab,2026-04-26,01:30:40,3679080,THE SEVEN DEADLY SINS: ORIGIN,90,14559,Action,Netmarble F&C,"Mar 16, 2026",0.0
6245629c,2026-04-26,01:30:40,1905180,OBS STUDIO,91,14646,Utilities,OBS Project,"Mar 21, 2022",0.0
5c399540,2026-04-26,01:30:40,1716740,STARFIELD,92,14306,RPG,Bethesda Game Studios,"Sep 5, 2023",49.99
4878c6fd,2026-04-26,01:30:40,8930,SID MEIER'S CIVILIZATION® V,93,14262,Strategy,Firaxis Games,"Sep 21, 2010",29.99
8346b8e2,2026-04-26,01:30:40,1665460,EFOOTBALL™,94,14208,Simulation,KONAMI,"Sep 29, 2021",0.0
348efab6,2026-04-26,01:30:40,2646460,SOULMASK,95,14058,Adventure,CampFire Studio,"Apr 9, 2026",29.99
970bde06,2026-04-26,01:30:40,281990,STELLARIS,96,14107,Simulation,Paradox Development Studio,"May 9, 2016",39.99
3e3e4378,2026-04-26,01:30:40,2073850,THE FINALS,97,14038,Action,Embark Studios,"Dec 7, 2023",0.0
9efdb781,2026-04-26,01:30:40,1364780,STREET FIGHTER™ 6,98,13384,Action,"CAPCOM Co., Ltd.","Jun 1, 2023",19.99
c750c07d,2026-04-26,01:30:40,275850,NO MAN'S SKY,99,13496,Action,Hello Games,"Aug 12, 2016",59.99
0e2fb83c,2026-04-26,01:30:40,377160,FALLOUT 4,100,13485,RPG,Bethesda Game Studios,"Nov 9, 2015",19.99
d871c50f,2026-04-26,01:30:40,1974050,TORCHLIGHT: INFINITE,,12284,Action,XD,"May 9, 2023",0.0
16ca3334,2026-04-26,01:30:40,629520,SOUNDPAD,,11705,Audio Production,Leppsoft,"Sep 30, 2017",4.99
b26bd75b,2026-04-26,01:30:40,594650,HUNT: SHOWDOWN 1896,,10582,Action,Crytek,"Aug 27, 2019",13.49
2dd17230,2026-04-26,01:30:40,2252570,FOOTBALL MANAGER 2024,,10788,Simulation,Sports Interactive,"Nov 6, 2023",0.0
dfa06af3,2026-04-26,01:30:40,238960,PATH OF EXILE,,13227,Action,Grinding Gear Games,"23 Oct, 2013",0.0
e5beedc6,2026-04-27,01:45:16,730,COUNTER-STRIKE 2,1,644712,Action,Valve,"21 Aug, 2012",0.0
2c5a68fb,2026-04-27,01:45:16,570,DOTA 2,2,303800,Action,Valve,"Jul 9, 2013",0.0
58c23206,2026-04-27,01:45:16,3419430,BONGO CAT,3,132154,Casual,Marcel Zurawka,"Mar 5, 2025",0.0
9138d35d,2026-04-27,01:45:16,2676230,FIVEM,4,127451,Other,,,0.0
c61331be,2026-04-27,01:45:16,3041230,WINDROSE,5,129183,Action,Kraken Express,"Apr 14, 2026",29.99
624b2516,2026-04-27,01:45:16,2767030,MARVEL RIVALS,6,127642,Action,NetEase Games,"5 Dec, 2024",0.0
5d65d9d1,2026-04-27,01:45:16,2868840,SLAY THE SPIRE 2,7,126783,Indie,Mega Crit,"Mar 5, 2026",24.99
47bb0646,2026-04-27,01:45:16,578080,PUBG: BATTLEGROUNDS,8,116173,Action,PUBG Corporation,"21 Dec, 2017",0.0
1cbe985c,2026-04-27,01:45:16,359550,TOM CLANCY'S RAINBOW SIX SIEGE,9,88620,Action,Ubisoft Montreal,"Dec 1, 2015",0.0
018fd6ae,2026-04-27,01:45:16,3321460,CRIMSON DESERT,10,74521,Action,Pearl Abyss,"Mar 19, 2026",69.99
cc8afe39,2026-04-27,01:45:16,1172470,APEX LEGENDS™,11,73447,Action,Respawn,"4 Nov, 2020",0.0
577d29ed,2026-04-27,01:45:16,1808500,ARC RAIDERS,12,71730,Action,Embark Studios,"30 Oct, 2025",39.99
4acd10b3,2026-04-27,01:45:16,252490,RUST,13,68221,Action,Facepunch Studios,"Feb 8, 2018",39.99
13e69018,2026-04-27,01:45:16,1422450,DEADLOCK,14,0,Action,Valve,To be announced,0.0
59917882,2026-04-27,01:45:16,230410,WARFRAME,15,65231,Action,Digital Extremes,"25 Mar, 2013",0.0
e27b048b,2026-04-27,01:45:16,2357570,OVERWATCH®,16,63873,Action,"Blizzard Entertainment, Inc.","Aug 10, 2023",0.0
c038f035,2026-04-27,01:45:16,440,TEAM FORTRESS 2,17,54331,Action,Valve,"Oct 10, 2007",0.0
1b68e954,2026-04-27,01:45:16,322170,GEOMETRY DASH,18,52801,Action,RobTop Games,"Dec 22, 2014",4.99
a265c85a,2026-04-27,01:45:16,431960,WALLPAPER ENGINE,19,52309,Casual,Wallpaper Engine Team,"Nov 16, 2018",4.99
766df476,2026-04-27,01:45:16,413150,STARDEW VALLEY,20,52127,Indie,ConcernedApe,"Feb 26, 2016",14.99
8c0c4bf0,2026-04-27,01:45:16,1086940,BALDUR'S GATE 3,21,49197,Adventure,Larian Studios,"Aug 3, 2023",59.99
a5293375,2026-04-27,01:45:16,438100,VRCHAT,22,45281,Adventure,VRChat Inc.,"1 Feb, 2017",0.0
5232e7a9,2026-04-27,01:45:16,381210,DEAD BY DAYLIGHT,23,44372,Action,Behaviour Interactive Inc.,"Jun 14, 2016",7.99
917de648,2026-04-27,01:45:16,2507950,DELTA FORCE,24,43105,Action,Team Jade,"4 Dec, 2024",0.0
0653c74a,2026-04-27,01:45:16,3405690,EA SPORTS FC™ 26,25,37519,Simulation,EA Canada,"25 Sep, 2025",20.99
7c5fa63f,2026-04-27,01:45:16,553850,HELLDIVERS™ 2,26,37382,Action,Arrowhead Game Studios,"8 Feb, 2024",39.99
20601b48,2026-04-27,01:45:16,2807960,BATTLEFIELD™ 6,27,36825,Action,Battlefield Studios,"10 Oct, 2025",41.99
36d400a3,2026-04-27,01:45:16,221100,DAYZ,28,36020,Action,Bohemia Interactive,"Dec 13, 2018",49.99
378793af,2026-04-27,01:45:16,1938090,CALL OF DUTY®,29,35355,Action,Treyarch,"Oct 27, 2022",0.0
8f6f32da,2026-04-27,01:45:16,1366800,CROSSHAIR X,30,35019,Action,CenterPoint Gaming,"Aug 17, 2020",9.99
59c2d212,2026-04-27,01:45:16,236390,WAR THUNDER,31,34518,Action,Gaijin Entertainment,"Aug 15, 2013",0.0
2feb34ed,2026-04-27,01:45:16,240,COUNTER-STRIKE: SOURCE,32,33398,Action,Valve,"1 Nov, 2004",5.79
cc2236ae,2026-04-27,01:45:16,271590,GRAND THEFT AUTO V LEGACY,33,33759,Action,Rockstar North,"Apr 13, 2015",0.0
271a41e9,2026-04-27,01:45:16,3240220,GRAND THEFT AUTO V ENHANCED,34,32841,Action,Rockstar North,"Mar 4, 2025",19.79
b69427e9,2026-04-27,01:45:16,550,LEFT 4 DEAD 2,35,29286,Action,Valve,"Nov 16, 2009",9.99
f94c3f71,2026-04-27,01:45:16,1245620,ELDEN RING,36,28726,Action,"FromSoftware, Inc.","Feb 24, 2022",59.99
24299535,2026-04-27,01:45:16,108600,PROJECT ZOMBOID,37,27587,Indie,The Indie Stone,"Nov 8, 2013",19.99
2d1493a1,2026-04-27,01:45:16,1091500,CYBERPUNK 2077,38,27491,RPG,CD PROJEKT RED,"Dec 9, 2020",20.99
2a6a722c,2026-04-27,01:45:16,39210,FINAL FANTASY XIV ONLINE,39,26434,Massively Multiplayer,Square Enix,"Feb 18, 2014",19.99
4ab1d5f1,2026-04-27,01:45:16,218620,PAYDAY 2,40,26300,Action,OVERKILL - a Starbreeze Studio.,"Aug 13, 2013",9.99
b2346f96,2026-04-27,01:45:16,1222670,THE SIMS™ 4,41,25323,Adventure,Maxis,"Jun 18, 2020",0.0
d2fa9a8f,2026-04-27,01:45:16,3265700,VAMPIRE CRAWLERS: THE TURBO WILDCARD FROM VAMPIRE SURVIVORS,42,25148,Action,poncle,"Apr 21, 2026",9.99
63d70130,2026-04-27,01:45:16,552990,WORLD OF WARSHIPS,43,22668,Action,Wargaming Group Limited,"Nov 15, 2017",0.0
ca40a167,2026-04-27,01:45:16,294100,RIMWORLD,44,24186,Indie,Ludeon Studios,"Oct 17, 2018",34.99
1807176f,2026-04-27,01:45:16,2399830,ARK: SURVIVAL ASCENDED,45,23693,Action,Studio Wildcard,"Oct 25, 2023",44.99
c4e292c8,2026-04-27,01:45:16,289070,SID MEIER’S CIVILIZATION® VI,46,23551,Strategy,Firaxis Games,"Oct 21, 2016",59.99
a2a9cf98,2026-04-27,01:45:16,489830,THE ELDER SCROLLS V: SKYRIM SPECIAL EDITION,47,22950,RPG,Bethesda Game Studios,"Oct 27, 2016",39.99
777dae00,2026-04-27,01:45:16,394360,HEARTS OF IRON IV,48,22612,Simulation,Paradox Development Studio,"Jun 6, 2016",49.99
465f2aa5,2026-04-27,01:45:16,3241660,R.E.P.O.,49,22639,Action,semiwork,"Feb 26, 2025",9.99
9c38b02e,2026-04-27,01:45:16,105600,TERRARIA,50,22022,Action,Re-Logic,"May 16, 2011",9.99
c82d7e6e,2026-04-27,01:45:16,3357650,PRAGMATA,51,21599,Action,"CAPCOM Co., Ltd.","Apr 17, 2026",59.99
7232c60f,2026-04-27,01:45:16,1973530,LIMBUS COMPANY,52,21624,Other,ProjectMoon,"26 Feb, 2023",0.0
40051396,2026-04-27,01:45:16,3164500,SCHEDULE I,53,21418,Action,TVGS,"Mar 24, 2025",19.99
c9c3aacb,2026-04-27,01:45:16,1174180,RED DEAD REDEMPTION 2,54,21098,Action,Rockstar Games,"Dec 5, 2019",59.99
a3368d8a,2026-04-27,01:45:16,2923300,BANANA,55,19887,Adventure,Sky,"Apr 23, 2024",0.0
432f1ab2,2026-04-27,01:45:16,252950,ROCKET LEAGUE®,56,21066,Action,Psyonix LLC,"Jul 7, 2015",0.0
076fc509,2026-04-27,01:45:16,892970,VALHEIM,57,20113,Action,Iron Gate AB,"Feb 2, 2021",9.99
ad689d23,2026-04-27,01:45:16,582660,BLACK DESERT,58,19402,Action,Pearl Abyss,"May 24, 2017",0.99
99f4b36f,2026-04-27,01:45:16,251570,7 DAYS TO DIE,59,19179,Action,The Fun Pimps,"Jul 25, 2024",44.99
c96cf91a,2026-04-27,01:45:16,4465480,COUNTER-STRIKE:GLOBAL OFFENSIVE,60,19174,Action,Valve,"Aug 21, 2012",0.0
25284511,2026-04-27,01:45:16,813780,AGE OF EMPIRES II: DEFINITIVE EDITION,61,19040,Strategy,World's Edge,"Nov 14, 2019",12.24
0bb06e4f,2026-04-27,01:45:16,526870,SATISFACTORY,62,18817,Adventure,Coffee Stain Studios,"Sep 10, 2024",27.99
3645b30f,2026-04-27,01:45:16,2073620,ARENA BREAKOUT: INFINITE,63,18803,Action,Morefun Studios,"Sep 15, 2025",0.0
51d60841,2026-04-27,01:45:16,4000,GARRY'S MOD,64,18764,Casual,Facepunch Studios,"Nov 29, 2006",4.99
f6df41f3,2026-04-27,01:45:16,1158310,CRUSADER KINGS III,65,17831,RPG,Paradox Development Studio,"Sep 1, 2020",14.99
99f412fb,2026-04-27,01:45:16,3472040,NBA 2K26,66,17595,Sports,Visual Concepts,"Sep 4, 2025",19.99
6f47526e,2026-04-27,01:45:16,3065800,MARATHON,67,17291,Action,Bungie,"Mar 5, 2026",31.99
894b7867,2026-04-27,01:45:16,3564740,WHERE WINDS MEET,68,17062,Action,Everstone Studio,"14 Nov, 2025",0.0
c44f5e05,2026-04-27,01:45:16,284160,BEAMNG.DRIVE,69,17008,Racing,BeamNG,"May 29, 2015",24.99
ca6d75cb,2026-04-27,01:45:16,1142710,TOTAL WAR: WARHAMMER III,70,16811,Action,CREATIVE ASSEMBLY,"Feb 17, 2022",59.99
c8111244,2026-04-27,01:45:16,1623730,PALWORLD,71,16758,Action,Pocketpair,"Jan 19, 2024",29.99
5d06353b,2026-04-27,01:45:16,2300320,FARMING SIMULATOR 25,72,16617,Simulation,GIANTS Software,"Nov 12, 2024",29.99
ae50a2de,2026-04-27,01:45:16,3527290,PEAK,73,16470,Action,Team PEAK,"16 Jun, 2025",7.49
9889f33e,2026-04-27,01:45:16,261550,MOUNT & BLADE II: BANNERLORD,74,16492,Action,TaleWorlds Entertainment,"Oct 25, 2022",24.99
55285ddd,2026-04-27,01:45:16,1281930,TMODLOADER,75,16290,Action,TML Team,"May 16, 2020",0.0
7df137f3,2026-04-27,01:45:16,1203620,ENSHROUDED,76,15635,Action,Keen Games GmbH,"Jan 24, 2024",23.99
05ab4e02,2026-04-27,01:45:16,4128580,BIDKING,77,16113,Casual,MindSurge Network & Games,"Apr 15, 2026",2.99
e7cbc7c0,2026-04-27,01:45:16,250900,THE BINDING OF ISAAC: REBIRTH,78,15440,Action,"Nicalis, Inc.","Nov 4, 2014",14.99
c138e434,2026-04-27,01:45:16,1144200,READY OR NOT,79,15426,Action,VOID Interactive,"Dec 13, 2023",24.99
02961caa,2026-04-27,01:45:16,2073850,THE FINALS,80,15380,Action,Embark Studios,"Dec 7, 2023",0.0
a5281d46,2026-04-27,01:45:16,322330,DON'T STARVE TOGETHER,81,15244,Action,Klei Entertainment,"Apr 21, 2016",14.99
b380ad5a,2026-04-27,01:45:16,3551340,FOOTBALL MANAGER 26,82,15200,Simulation,Sports Interactive,"Nov 4, 2025",59.99
c3c16b47,2026-04-27,01:45:16,1476970,IDLEON,83,15279,Casual,Lavaflame2,"Nov 6, 2025",0.0
1cf75407,2026-04-27,01:45:16,1874880,ARMA REFORGER,84,14237,Action,Bohemia Interactive,"Nov 16, 2023",39.99
c5c4f539,2026-04-27,01:45:16,376210,THE ISLE,85,13961,Action,Afterthought LLC,"Dec 1, 2015",19.99
54982e6e,2026-04-27,01:45:16,220200,KERBAL SPACE PROGRAM,86,13842,Indie,Squad,"Apr 27, 2015",39.99
a6207f82,2026-04-27,01:45:16,1716740,STARFIELD,87,13818,RPG,Bethesda Game Studios,"Sep 5, 2023",49.99
722afaa1,2026-04-27,01:45:16,427520,FACTORIO,88,13767,Casual,Wube Software LTD.,"Aug 14, 2020",35.0
1114b1cb,2026-04-27,01:45:16,227300,EURO TRUCK SIMULATOR 2,89,13556,Indie,SCS Software,"Oct 12, 2012",19.99
e0b995b2,2026-04-27,01:45:16,3224770,UMAMUSUME: PRETTY DERBY,90,13545,Simulation,"Cygames, Inc.","24 Jun, 2025",0.0
f1bc59b3,2026-04-27,01:45:16,377160,FALLOUT 4,91,13410,RPG,Bethesda Game Studios,"Nov 9, 2015",19.99
eb543415,2026-04-27,01:45:16,739630,PHASMOPHOBIA,92,13315,Action,Kinetic Games,"Sep 18, 2020",19.99
6d41a5bc,2026-04-27,01:45:16,8930,SID MEIER'S CIVILIZATION® V,93,13204,Strategy,Firaxis Games,"Sep 21, 2010",29.99
9dcabbd7,2026-04-27,01:45:16,2479810,GRAY ZONE WARFARE,94,13121,Action,"MADFINGER Games, a.s.","Apr 30, 2024",39.99
8364aebf,2026-04-27,01:45:16,346110,ARK: SURVIVAL EVOLVED,95,13063,Action,Studio Wildcard,"Aug 27, 2017",14.99
fa8e2038,2026-04-27,01:45:16,281990,STELLARIS,96,12808,Simulation,Paradox Development Studio,"May 9, 2016",39.99
5bbf3cc7,2026-04-27,01:45:16,275850,NO MAN'S SKY,97,12814,Action,Hello Games,"Aug 12, 2016",59.99
78e7489a,2026-04-27,01:45:16,2622380,ELDEN RING NIGHTREIGN,98,12472,Action,"FromSoftware, Inc.","29 May, 2025",39.99
f8a5e8ed,2026-04-27,01:45:16,1623660,MIR4,99,12281,Action,Wemade Next,"Aug 25, 2021",0.0
ac703530,2026-04-27,01:45:16,1665460,EFOOTBALL™,100,12161,Simulation,KONAMI,"Sep 29, 2021",0.0
c4e6695a,2026-04-27,01:45:16,2252570,FOOTBALL MANAGER 2024,,9124,Simulation,Sports Interactive,"Nov 6, 2023",0.0
327ee061,2026-04-27,01:45:16,2646460,SOULMASK,,11616,Adventure,CampFire Studio,"Apr 9, 2026",29.99
da16fe66,2026-04-27,01:45:16,1364780,STREET FIGHTER™ 6,,9689,Action,"CAPCOM Co., Ltd.","Jun 1, 2023",19.99
38efd9ee,2026-04-27,01:45:16,3679080,THE SEVEN DEADLY SINS: ORIGIN,,11877,Action,Netmarble F&C,"Mar 16, 2026",0.0
9ea377a0,2026-04-27,01:45:16,1905180,OBS STUDIO,,11748,Utilities,OBS Project,"Mar 21, 2022",0.0
8af9e8a2,2026-04-27,01:45:16,238960,PATH OF EXILE,,11569,Action,Grinding Gear Games,"23 Oct, 2013",0.0
320d6044,2026-04-27,01:45:16,1974050,TORCHLIGHT: INFINITE,,9784,Action,XD,"May 9, 2023",0.0
2afe923e,2026-04-27,01:45:16,629520,SOUNDPAD,,10039,Audio Production,Leppsoft,"Sep 30, 2017",4.99
06208e7e,2026-04-27,01:45:16,594650,HUNT: SHOWDOWN 1896,,9357,Action,Crytek,"Aug 27, 2019",13.49
1a166b89,2026-04-28,01:52:29,730,COUNTER-STRIKE 2,1,623808,Action,Valve,"21 Aug, 2012",0.0
99e1a026,2026-04-28,01:52:29,570,DOTA 2,2,286452,Action,Valve,"Jul 9, 2013",0.0
f62720a8,2026-04-28,01:52:29,3419430,BONGO CAT,3,142644,Casual,Marcel Zurawka,"Mar 5, 2025",0.0
7f61fdda,2026-04-28,01:52:29,2676230,FIVEM,4,127776,Other,,,0.0
a9fe5213,2026-04-28,01:52:29,2868840,SLAY THE SPIRE 2,5,120892,Indie,Mega Crit,"Mar 5, 2026",24.99
abfaa743,2026-04-28,01:52:29,578080,PUBG: BATTLEGROUNDS,6,123373,Action,PUBG Corporation,"21 Dec, 2017",0.0
dbfcd23c,2026-04-28,01:52:29,2767030,MARVEL RIVALS,7,116723,Action,NetEase Games,"5 Dec, 2024",0.0
5712d427,2026-04-28,01:52:29,3041230,WINDROSE,8,106614,Action,Kraken Express,"Apr 14, 2026",29.99
3673ec7f,2026-04-28,01:52:29,359550,TOM CLANCY'S RAINBOW SIX SIEGE,9,81702,Action,Ubisoft Montreal,"Dec 1, 2015",0.0
2b16b2c8,2026-04-28,01:52:29,1172470,APEX LEGENDS™,10,71917,Action,Respawn,"4 Nov, 2020",0.0
e7b3a3e8,2026-04-28,01:52:29,1808500,ARC RAIDERS,11,70423,Action,Embark Studios,"30 Oct, 2025",39.99
405d3e91,2026-04-28,01:52:29,252490,RUST,12,69742,Action,Facepunch Studios,"Feb 8, 2018",39.99
e3f4eac6,2026-04-28,01:52:29,1422450,DEADLOCK,13,0,Action,Valve,To be announced,0.0
e666225c,2026-04-28,01:52:29,3321460,CRIMSON DESERT,14,62717,Action,Pearl Abyss,"Mar 19, 2026",69.99
e712bfce,2026-04-28,01:52:29,2357570,OVERWATCH®,15,60427,Action,"Blizzard Entertainment, Inc.","Aug 10, 2023",0.0
b33e9ba7,2026-04-28,01:52:29,230410,WARFRAME,16,58174,Action,Digital Extremes,"25 Mar, 2013",0.0
9cf322e3,2026-04-28,01:52:29,431960,WALLPAPER ENGINE,17,50928,Casual,Wallpaper Engine Team,"Nov 16, 2018",4.99
ee3433f3,2026-04-28,01:52:29,322170,GEOMETRY DASH,18,48827,Action,RobTop Games,"Dec 22, 2014",4.99
e219093a,2026-04-28,01:52:29,2507950,DELTA FORCE,19,45957,Action,Team Jade,"4 Dec, 2024",0.0
845c04fd,2026-04-28,01:52:29,413150,STARDEW VALLEY,20,46507,Indie,ConcernedApe,"Feb 26, 2016",14.99
8e3f8721,2026-04-28,01:52:29,440,TEAM FORTRESS 2,21,46318,Action,Valve,"Oct 10, 2007",0.0
9e1bfc86,2026-04-28,01:52:29,381210,DEAD BY DAYLIGHT,22,42948,Action,Behaviour Interactive Inc.,"Jun 14, 2016",7.99
faaa407f,2026-04-28,01:52:29,1086940,BALDUR'S GATE 3,23,42599,Adventure,Larian Studios,"Aug 3, 2023",59.99
a31c3f75,2026-04-28,01:52:29,438100,VRCHAT,24,42020,Adventure,VRChat Inc.,"1 Feb, 2017",0.0
cc975620,2026-04-28,01:52:29,3405690,EA SPORTS FC™ 26,25,37305,Simulation,EA Canada,"25 Sep, 2025",20.99
513d6e28,2026-04-28,01:52:29,553850,HELLDIVERS™ 2,26,35451,Action,Arrowhead Game Studios,"8 Feb, 2024",39.99
682db6f5,2026-04-28,01:52:29,1938090,CALL OF DUTY®,27,33446,Action,Treyarch,"Oct 27, 2022",0.0
76175c14,2026-04-28,01:52:29,1366800,CROSSHAIR X,28,33133,Action,CenterPoint Gaming,"Aug 17, 2020",9.99
843e2647,2026-04-28,01:52:29,221100,DAYZ,29,33113,Action,Bohemia Interactive,"Dec 13, 2018",49.99
25992a93,2026-04-28,01:52:29,236390,WAR THUNDER,30,32667,Action,Gaijin Entertainment,"Aug 15, 2013",0.0
b76a2bd8,2026-04-28,01:52:29,2807960,BATTLEFIELD™ 6,31,32543,Action,Battlefield Studios,"10 Oct, 2025",41.99
48f1d356,2026-04-28,01:52:29,240,COUNTER-STRIKE: SOURCE,32,30761,Action,Valve,"1 Nov, 2004",5.79
4e67f19d,2026-04-28,01:52:29,271590,GRAND THEFT AUTO V LEGACY,33,31111,Action,Rockstar North,"Apr 13, 2015",0.0
5d369b6b,2026-04-28,01:52:29,3240220,GRAND THEFT AUTO V ENHANCED,34,29632,Action,Rockstar North,"Mar 4, 2025",19.79
36dac37f,2026-04-28,01:52:29,2344520,DIABLO® IV,35,28623,Action,"Blizzard Entertainment, Inc.","Oct 17, 2023",49.99
db13a54a,2026-04-28,01:52:29,1245620,ELDEN RING,36,26413,Action,"FromSoftware, Inc.","Feb 24, 2022",59.99
c1e3399e,2026-04-28,01:52:29,218620,PAYDAY 2,37,26041,Action,OVERKILL - a Starbreeze Studio.,"Aug 13, 2013",9.99
03d53109,2026-04-28,01:52:29,550,LEFT 4 DEAD 2,38,24730,Action,Valve,"Nov 16, 2009",9.99
e3c51996,2026-04-28,01:52:29,1091500,CYBERPUNK 2077,39,24810,RPG,CD PROJEKT RED,"Dec 9, 2020",20.99
11df0f78,2026-04-28,01:52:29,39210,FINAL FANTASY XIV ONLINE,40,24479,Massively Multiplayer,Square Enix,"Feb 18, 2014",19.99
a2249edb,2026-04-28,01:52:29,108600,PROJECT ZOMBOID,41,24387,Indie,The Indie Stone,"Nov 8, 2013",19.99
a37902c4,2026-04-28,01:52:29,1222670,THE SIMS™ 4,42,23277,Adventure,Maxis,"Jun 18, 2020",0.0
1c7a45c9,2026-04-28,01:52:29,552990,WORLD OF WARSHIPS,43,23020,Action,Wargaming Group Limited,"Nov 15, 2017",0.0
93556b30,2026-04-28,01:52:29,489830,THE ELDER SCROLLS V: SKYRIM SPECIAL EDITION,44,22447,RPG,Bethesda Game Studios,"Oct 27, 2016",39.99
689f00cf,2026-04-28,01:52:29,294100,RIMWORLD,45,22354,Indie,Ludeon Studios,"Oct 17, 2018",34.99
a110f7f2,2026-04-28,01:52:29,1973530,LIMBUS COMPANY,46,22525,Other,ProjectMoon,"26 Feb, 2023",0.0
3f600552,2026-04-28,01:52:29,4465480,COUNTER-STRIKE:GLOBAL OFFENSIVE,47,21817,Action,Valve,"Aug 21, 2012",0.0
1e721cee,2026-04-28,01:52:29,252950,ROCKET LEAGUE®,48,21780,Action,Psyonix LLC,"Jul 7, 2015",0.0
5a0ae681,2026-04-28,01:52:29,289070,SID MEIER’S CIVILIZATION® VI,49,21531,Strategy,Firaxis Games,"Oct 21, 2016",59.99
6b127f2c,2026-04-28,01:52:29,394360,HEARTS OF IRON IV,50,21160,Simulation,Paradox Development Studio,"Jun 6, 2016",49.99
68e04a97,2026-04-28,01:52:29,3265700,VAMPIRE CRAWLERS: THE TURBO WILDCARD FROM VAMPIRE SURVIVORS,51,21148,Action,poncle,"Apr 21, 2026",9.99
8557b9b8,2026-04-28,01:52:29,2923300,BANANA,52,20860,Adventure,Sky,"Apr 23, 2024",0.0
38d8d1ca,2026-04-28,01:52:29,2399830,ARK: SURVIVAL ASCENDED,53,20810,Action,Studio Wildcard,"Oct 25, 2023",44.99
5017cc7b,2026-04-28,01:52:29,105600,TERRARIA,54,19495,Action,Re-Logic,"May 16, 2011",9.99
79b98dbd,2026-04-28,01:52:29,3164500,SCHEDULE I,55,19108,Action,TVGS,"Mar 24, 2025",19.99
3bf2be03,2026-04-28,01:52:29,1174180,RED DEAD REDEMPTION 2,56,18988,Action,Rockstar Games,"Dec 5, 2019",59.99
2e7b4903,2026-04-28,01:52:29,582660,BLACK DESERT,57,18939,Action,Pearl Abyss,"May 24, 2017",0.99
d60d92dd,2026-04-28,01:52:29,3241660,R.E.P.O.,58,18594,Action,semiwork,"Feb 26, 2025",9.99
ed56613c,2026-04-28,01:52:29,2073620,ARENA BREAKOUT: INFINITE,59,18260,Action,Morefun Studios,"Sep 15, 2025",0.0
50ce1cd6,2026-04-28,01:52:29,892970,VALHEIM,60,17681,Action,Iron Gate AB,"Feb 2, 2021",9.99
5d7ba017,2026-04-28,01:52:29,3472040,NBA 2K26,61,17569,Sports,Visual Concepts,"Sep 4, 2025",19.99
7b68edf6,2026-04-28,01:52:29,3357650,PRAGMATA,62,17250,Action,"CAPCOM Co., Ltd.","Apr 17, 2026",59.99
393c8d1f,2026-04-28,01:52:29,813780,AGE OF EMPIRES II: DEFINITIVE EDITION,63,16838,Strategy,World's Edge,"Nov 14, 2019",12.24
bd03f707,2026-04-28,01:52:29,4128580,BIDKING,64,16383,Casual,MindSurge Network & Games,"Apr 15, 2026",2.99
7d11f5db,2026-04-28,01:52:29,251570,7 DAYS TO DIE,65,16734,Action,The Fun Pimps,"Jul 25, 2024",44.99
50c735be,2026-04-28,01:52:29,3065800,MARATHON,66,16422,Action,Bungie,"Mar 5, 2026",31.99
805bbb24,2026-04-28,01:52:29,526870,SATISFACTORY,67,16388,Adventure,Coffee Stain Studios,"Sep 10, 2024",27.99
422feab8,2026-04-28,01:52:29,1158310,CRUSADER KINGS III,68,16275,RPG,Paradox Development Studio,"Sep 1, 2020",14.99
b049230c,2026-04-28,01:52:29,4000,GARRY'S MOD,69,16212,Casual,Facepunch Studios,"Nov 29, 2006",4.99
07719bdc,2026-04-28,01:52:29,284160,BEAMNG.DRIVE,70,15418,Racing,BeamNG,"May 29, 2015",24.99
c51f3dbc,2026-04-28,01:52:29,261550,MOUNT & BLADE II: BANNERLORD,71,15534,Action,TaleWorlds Entertainment,"Oct 25, 2022",24.99
b7042d52,2026-04-28,01:52:29,1142710,TOTAL WAR: WARHAMMER III,72,15054,Action,CREATIVE ASSEMBLY,"Feb 17, 2022",59.99
981f3fe5,2026-04-28,01:52:29,250900,THE BINDING OF ISAAC: REBIRTH,73,15087,Action,"Nicalis, Inc.","Nov 4, 2014",14.99
93fe8fac,2026-04-28,01:52:29,2300320,FARMING SIMULATOR 25,74,15041,Simulation,GIANTS Software,"Nov 12, 2024",29.99
8cda1668,2026-04-28,01:52:29,1281930,TMODLOADER,75,14973,Action,TML Team,"May 16, 2020",0.0
85516b58,2026-04-28,01:52:29,1476970,IDLEON,76,14698,Casual,Lavaflame2,"Nov 6, 2025",0.0
78bc4a1a,2026-04-28,01:52:29,3551340,FOOTBALL MANAGER 26,77,14674,Simulation,Sports Interactive,"Nov 4, 2025",59.99
196632a7,2026-04-28,01:52:29,1623730,PALWORLD,78,14549,Action,Pocketpair,"Jan 19, 2024",29.99
bedfdf6f,2026-04-28,01:52:29,2073850,THE FINALS,79,14456,Action,Embark Studios,"Dec 7, 2023",0.0
d4ad66d8,2026-04-28,01:52:29,322330,DON'T STARVE TOGETHER,80,14185,Action,Klei Entertainment,"Apr 21, 2016",14.99
5f5c7d79,2026-04-28,01:52:29,1203620,ENSHROUDED,81,13237,Action,Keen Games GmbH,"Jan 24, 2024",23.99
9bd6ad67,2026-04-28,01:52:29,3527290,PEAK,82,13447,Action,Team PEAK,"16 Jun, 2025",7.49
73660ece,2026-04-28,01:52:29,1144200,READY OR NOT,83,12972,Action,VOID Interactive,"Dec 13, 2023",24.99
f73b7266,2026-04-28,01:52:29,376210,THE ISLE,84,12775,Action,Afterthought LLC,"Dec 1, 2015",19.99
f2198e3b,2026-04-28,01:52:29,220200,KERBAL SPACE PROGRAM,85,12723,Indie,Squad,"Apr 27, 2015",39.99
edfa54ea,2026-04-28,01:52:29,1665460,EFOOTBALL™,86,12743,Simulation,KONAMI,"Sep 29, 2021",0.0
bcdeca48,2026-04-28,01:52:29,1874880,ARMA REFORGER,87,12627,Action,Bohemia Interactive,"Nov 16, 2023",39.99
3fadf767,2026-04-28,01:52:29,427520,FACTORIO,88,12498,Casual,Wube Software LTD.,"Aug 14, 2020",35.0
7c5404bc,2026-04-28,01:52:29,2622380,ELDEN RING NIGHTREIGN,89,11937,Action,"FromSoftware, Inc.","29 May, 2025",39.99
ca4638d8,2026-04-28,01:52:29,4025700,HEARTOPIA,90,12018,Casual,XD,"16 Jan, 2026",0.0
6a4afa27,2026-04-28,01:52:29,227300,EURO TRUCK SIMULATOR 2,91,11852,Indie,SCS Software,"Oct 12, 2012",19.99
6b36e17b,2026-04-28,01:52:29,3564740,WHERE WINDS MEET,92,11888,Action,Everstone Studio,"14 Nov, 2025",0.0
c6f06dbb,2026-04-28,01:52:29,8930,SID MEIER'S CIVILIZATION® V,93,11982,Strategy,Firaxis Games,"Sep 21, 2010",29.99
2d605437,2026-04-28,01:52:29,377160,FALLOUT 4,94,11893,RPG,Bethesda Game Studios,"Nov 9, 2015",19.99
d424751e,2026-04-28,01:52:29,1905180,OBS STUDIO,95,11875,Utilities,OBS Project,"Mar 21, 2022",0.0
f9458ddb,2026-04-28,01:52:29,346110,ARK: SURVIVAL EVOLVED,96,11790,Action,Studio Wildcard,"Aug 27, 2017",14.99
6c24ca20,2026-04-28,01:52:29,1716740,STARFIELD,97,11559,RPG,Bethesda Game Studios,"Sep 5, 2023",49.99
e796cbf7,2026-04-28,01:52:29,2479810,GRAY ZONE WARFARE,98,11409,Action,"MADFINGER Games, a.s.","Apr 30, 2024",39.99
f4383175,2026-04-28,01:52:29,3679080,THE SEVEN DEADLY SINS: ORIGIN,99,11388,Action,Netmarble F&C,"Mar 16, 2026",0.0
65d1d9b2,2026-04-28,01:52:29,281990,STELLARIS,100,11313,Simulation,Paradox Development Studio,"May 9, 2016",39.99
1baf4e1d,2026-04-28,01:52:29,238960,PATH OF EXILE,,10098,Action,Grinding Gear Games,"23 Oct, 2013",0.0
ba5e358e,2026-04-28,01:52:29,629520,SOUNDPAD,,9353,Audio Production,Leppsoft,"Sep 30, 2017",4.99
723dadb9,2026-04-28,01:52:29,1974050,TORCHLIGHT: INFINITE,,8186,Action,XD,"May 9, 2023",0.0
bd26d9f9,2026-04-28,01:52:29,3224770,UMAMUSUME: PRETTY DERBY,,10611,Simulation,"Cygames, Inc.","24 Jun, 2025",0.0
b61f6bf1,2026-04-28,01:52:29,2646460,SOULMASK,,10097,Adventure,CampFire Studio,"Apr 9, 2026",29.99
4772fcc5,2026-04-28,01:52:29,1364780,STREET FIGHTER™ 6,,10412,Action,"CAPCOM Co., Ltd.","Jun 1, 2023",19.99
d60bd20e,2026-04-28,01:52:29,1623660,MIR4,,5205,Action,Wemade Next,"Aug 25, 2021",0.0
9ad81f44,2026-04-28,01:52:29,275850,NO MAN'S SKY,,10775,Action,Hello Games,"Aug 12, 2016",59.99
3f7109da,2026-04-28,01:52:29,739630,PHASMOPHOBIA,,11015,Action,Kinetic Games,"Sep 18, 2020",19.99
9ef0d2c8,2026-04-28,01:52:29,2252570,FOOTBALL MANAGER 2024,,8933,Simulation,Sports Interactive,"Nov 6, 2023",0.0
e6e93126,2026-04-28,01:52:29,594650,HUNT: SHOWDOWN 1896,,8879,Action,Crytek,"Aug 27, 2019",13.49
d1835564,2026-04-29,01:55:20,730,COUNTER-STRIKE 2,1,643033,Action,Valve,"21 Aug, 2012",0.0
7e977eb2,2026-04-29,01:55:20,570,DOTA 2,2,276675,Action,Valve,"Jul 9, 2013",0.0
9079af9d,2026-04-29,01:55:20,2676230,FIVEM,3,124976,Other,,,0.0
8687c5de,2026-04-29,01:55:20,3419430,BONGO CAT,4,118949,Casual,Marcel Zurawka,"Mar 5, 2025",0.0
f4d8f71b,2026-04-29,01:55:20,2868840,SLAY THE SPIRE 2,5,119912,Indie,Mega Crit,"Mar 5, 2026",24.99
7b57d3a1,2026-04-29,01:55:20,578080,PUBG: BATTLEGROUNDS,6,117774,Action,PUBG Corporation,"21 Dec, 2017",0.0
5f4ded17,2026-04-29,01:55:20,1808500,ARC RAIDERS,7,109942,Action,Embark Studios,"30 Oct, 2025",39.99
0955d95c,2026-04-29,01:55:20,2767030,MARVEL RIVALS,8,105665,Action,NetEase Games,"5 Dec, 2024",0.0
42d4ee1f,2026-04-29,01:55:20,3041230,WINDROSE,9,96369,Action,Kraken Express,"Apr 14, 2026",29.99
6493741c,2026-04-29,01:55:20,359550,TOM CLANCY'S RAINBOW SIX SIEGE,10,79745,Action,Ubisoft Montreal,"Dec 1, 2015",0.0
a7007c38,2026-04-29,01:55:20,1172470,APEX LEGENDS™,11,75775,Action,Respawn,"4 Nov, 2020",0.0
aee6a9b1,2026-04-29,01:55:20,1422450,DEADLOCK,12,0,Action,Valve,To be announced,0.0
60147e48,2026-04-29,01:55:20,252490,RUST,13,62425,Action,Facepunch Studios,"Feb 8, 2018",39.99
9d5d250c,2026-04-29,01:55:20,553850,HELLDIVERS™ 2,14,60601,Action,Arrowhead Game Studios,"8 Feb, 2024",39.99
a375b3b8,2026-04-29,01:55:20,2357570,OVERWATCH®,15,60093,Action,"Blizzard Entertainment, Inc.","Aug 10, 2023",0.0
0dfb3eea,2026-04-29,01:55:20,381210,DEAD BY DAYLIGHT,16,60209,Action,Behaviour Interactive Inc.,"Jun 14, 2016",7.99
b9a1ae96,2026-04-29,01:55:20,3321460,CRIMSON DESERT,17,58098,Action,Pearl Abyss,"Mar 19, 2026",69.99
f98b9310,2026-04-29,01:55:20,230410,WARFRAME,18,55126,Action,Digital Extremes,"25 Mar, 2013",0.0
4309785f,2026-04-29,01:55:20,431960,WALLPAPER ENGINE,19,52403,Casual,Wallpaper Engine Team,"Nov 16, 2018",4.99
8d0b587d,2026-04-29,01:55:20,322170,GEOMETRY DASH,20,49370,Action,RobTop Games,"Dec 22, 2014",4.99
ae4508cf,2026-04-29,01:55:20,440,TEAM FORTRESS 2,21,46660,Action,Valve,"Oct 10, 2007",0.0
cb19cae4,2026-04-29,01:55:20,2507950,DELTA FORCE,22,45601,Action,Team Jade,"4 Dec, 2024",0.0
d8d66358,2026-04-29,01:55:20,413150,STARDEW VALLEY,23,45405,Indie,ConcernedApe,"Feb 26, 2016",14.99
92afeaa4,2026-04-29,01:55:20,1086940,BALDUR'S GATE 3,24,40675,Adventure,Larian Studios,"Aug 3, 2023",59.99
ecdeae39,2026-04-29,01:55:20,438100,VRCHAT,25,40352,Adventure,VRChat Inc.,"1 Feb, 2017",0.0
5c41f35d,2026-04-29,01:55:20,39210,FINAL FANTASY XIV ONLINE,26,34850,Massively Multiplayer,Square Enix,"Feb 18, 2014",19.99
686bd65c,2026-04-29,01:55:20,3405690,EA SPORTS FC™ 26,27,34701,Simulation,EA Canada,"25 Sep, 2025",20.99
80a80208,2026-04-29,01:55:20,1366800,CROSSHAIR X,28,34041,Action,CenterPoint Gaming,"Aug 17, 2020",9.99
b23cf259,2026-04-29,01:55:20,2807960,BATTLEFIELD™ 6,29,32714,Action,Battlefield Studios,"10 Oct, 2025",41.99
512a08d6,2026-04-29,01:55:20,1938090,CALL OF DUTY®,30,32233,Action,Treyarch,"Oct 27, 2022",0.0
5854e4c2,2026-04-29,01:55:20,221100,DAYZ,31,31496,Action,Bohemia Interactive,"Dec 13, 2018",49.99
81428a6b,2026-04-29,01:55:20,271590,GRAND THEFT AUTO V LEGACY,32,31244,Action,Rockstar North,"Apr 13, 2015",0.0
2e05f23f,2026-04-29,01:55:20,236390,WAR THUNDER,33,31526,Action,Gaijin Entertainment,"Aug 15, 2013",0.0
951506d4,2026-04-29,01:55:20,2344520,DIABLO® IV,34,30301,Action,"Blizzard Entertainment, Inc.","Oct 17, 2023",49.99
05b3e094,2026-04-29,01:55:20,3240220,GRAND THEFT AUTO V ENHANCED,35,28842,Action,Rockstar North,"Mar 4, 2025",19.79
7b2ba731,2026-04-29,01:55:20,1245620,ELDEN RING,36,25971,Action,"FromSoftware, Inc.","Feb 24, 2022",59.99
e5a61cec,2026-04-29,01:55:20,550,LEFT 4 DEAD 2,37,24610,Action,Valve,"Nov 16, 2009",9.99
fcabc3b0,2026-04-29,01:55:20,1091500,CYBERPUNK 2077,38,24309,RPG,CD PROJEKT RED,"Dec 9, 2020",20.99
7839c38e,2026-04-29,01:55:20,108600,PROJECT ZOMBOID,39,23562,Indie,The Indie Stone,"Nov 8, 2013",19.99
b72b3cec,2026-04-29,01:55:20,552990,WORLD OF WARSHIPS,40,22940,Action,Wargaming Group Limited,"Nov 15, 2017",0.0
b8b4b33a,2026-04-29,01:55:20,294100,RIMWORLD,41,22351,Indie,Ludeon Studios,"Oct 17, 2018",34.99
0bff6d5b,2026-04-29,01:55:20,1973530,LIMBUS COMPANY,42,21885,Other,ProjectMoon,"26 Feb, 2023",0.0
aadf91e1,2026-04-29,01:55:20,489830,THE ELDER SCROLLS V: SKYRIM SPECIAL EDITION,43,21551,RPG,Bethesda Game Studios,"Oct 27, 2016",39.99
4faddd08,2026-04-29,01:55:20,289070,SID MEIER’S CIVILIZATION® VI,44,21372,Strategy,Firaxis Games,"Oct 21, 2016",59.99
7a32168f,2026-04-29,01:55:20,394360,HEARTS OF IRON IV,45,21361,Simulation,Paradox Development Studio,"Jun 6, 2016",49.99
8ba4956f,2026-04-29,01:55:20,105600,TERRARIA,46,21095,Action,Re-Logic,"May 16, 2011",9.99
6e6f2b8a,2026-04-29,01:55:20,252950,ROCKET LEAGUE®,47,20989,Action,Psyonix LLC,"Jul 7, 2015",0.0
7474d3f3,2026-04-29,01:55:20,2399830,ARK: SURVIVAL ASCENDED,48,20916,Action,Studio Wildcard,"Oct 25, 2023",44.99
716c72f2,2026-04-29,01:55:20,1222670,THE SIMS™ 4,49,20758,Adventure,Maxis,"Jun 18, 2020",0.0
ce88545b,2026-04-29,01:55:20,3241660,R.E.P.O.,50,18467,Action,semiwork,"Feb 26, 2025",9.99
415c0b1f,2026-04-29,01:55:20,582660,BLACK DESERT,51,18496,Action,Pearl Abyss,"May 24, 2017",0.99
070fefdc,2026-04-29,01:55:20,1174180,RED DEAD REDEMPTION 2,52,18318,Action,Rockstar Games,"Dec 5, 2019",59.99
2a4619cd,2026-04-29,01:55:20,3265700,VAMPIRE CRAWLERS: THE TURBO WILDCARD FROM VAMPIRE SURVIVORS,53,17977,Action,poncle,"Apr 21, 2026",9.99
fd3010db,2026-04-29,01:55:20,4128580,BIDKING,54,18606,Casual,MindSurge Network & Games,"Apr 15, 2026",2.99
2c0a89f1,2026-04-29,01:55:20,3164500,SCHEDULE I,55,17905,Action,TVGS,"Mar 24, 2025",19.99
bda0250e,2026-04-29,01:55:20,3472040,NBA 2K26,56,17716,Sports,Visual Concepts,"Sep 4, 2025",19.99
eefa7cda,2026-04-29,01:55:20,2923300,BANANA,57,17734,Adventure,Sky,"Apr 23, 2024",0.0
6e24a67f,2026-04-29,01:55:20,2073620,ARENA BREAKOUT: INFINITE,58,17481,Action,Morefun Studios,"Sep 15, 2025",0.0
1fece0a8,2026-04-29,01:55:20,892970,VALHEIM,59,17418,Action,Iron Gate AB,"Feb 2, 2021",9.99
f51f15be,2026-04-29,01:55:20,251570,7 DAYS TO DIE,60,17186,Action,The Fun Pimps,"Jul 25, 2024",44.99
98fd0c6b,2026-04-29,01:55:20,813780,AGE OF EMPIRES II: DEFINITIVE EDITION,61,16083,Strategy,World's Edge,"Nov 14, 2019",12.24
bfc02aef,2026-04-29,01:55:20,1158310,CRUSADER KINGS III,62,16007,RPG,Paradox Development Studio,"Sep 1, 2020",14.99
57c0fcfc,2026-04-29,01:55:20,526870,SATISFACTORY,63,15918,Adventure,Coffee Stain Studios,"Sep 10, 2024",27.99
05ce033e,2026-04-29,01:55:20,3357650,PRAGMATA,64,16041,Action,"CAPCOM Co., Ltd.","Apr 17, 2026",59.99
b359d3b4,2026-04-29,01:55:20,4000,GARRY'S MOD,65,15561,Casual,Facepunch Studios,"Nov 29, 2006",4.99
10d13cf5,2026-04-29,01:55:20,3065800,MARATHON,66,15499,Action,Bungie,"Mar 5, 2026",31.99
8f70df5e,2026-04-29,01:55:20,284160,BEAMNG.DRIVE,67,15368,Racing,BeamNG,"May 29, 2015",24.99
13e7aa09,2026-04-29,01:55:20,261550,MOUNT & BLADE II: BANNERLORD,68,15387,Action,TaleWorlds Entertainment,"Oct 25, 2022",24.99
5f685c14,2026-04-29,01:55:20,3124540,FAR FAR WEST,69,15297,Action,Evil Raptor,"Apr 28, 2026",17.99
9ffe944e,2026-04-29,01:55:20,3551340,FOOTBALL MANAGER 26,70,14812,Simulation,Sports Interactive,"Nov 4, 2025",59.99
0eea2b69,2026-04-29,01:55:20,250900,THE BINDING OF ISAAC: REBIRTH,71,14802,Action,"Nicalis, Inc.","Nov 4, 2014",14.99
010b6308,2026-04-29,01:55:20,2300320,FARMING SIMULATOR 25,72,14468,Simulation,GIANTS Software,"Nov 12, 2024",29.99
a84e1a30,2026-04-29,01:55:20,1476970,IDLEON,73,14434,Casual,Lavaflame2,"Nov 6, 2025",0.0
b1acfe20,2026-04-29,01:55:20,1623730,PALWORLD,74,14388,Action,Pocketpair,"Jan 19, 2024",29.99
b6766eaa,2026-04-29,01:55:20,2584990,SHADOWVERSE: WORLDS BEYOND,75,14152,Casual,"Cygames, Inc.","Jun 14, 2025",0.0
89b03dc4,2026-04-29,01:55:20,240,COUNTER-STRIKE: SOURCE,76,14071,Action,Valve,"1 Nov, 2004",5.79
7b530649,2026-04-29,01:55:20,322330,DON'T STARVE TOGETHER,77,13224,Action,Klei Entertainment,"Apr 21, 2016",14.99
13d62c1a,2026-04-29,01:55:20,2073850,THE FINALS,78,13579,Action,Embark Studios,"Dec 7, 2023",0.0
ae1fad98,2026-04-29,01:55:20,2622380,ELDEN RING NIGHTREIGN,79,13502,Action,"FromSoftware, Inc.","29 May, 2025",39.99
fd320fd5,2026-04-29,01:55:20,1364780,STREET FIGHTER™ 6,80,13089,Action,"CAPCOM Co., Ltd.","Jun 1, 2023",19.99
6683aa50,2026-04-29,01:55:20,1281930,TMODLOADER,81,13156,Action,TML Team,"May 16, 2020",0.0
4b13b5fa,2026-04-29,01:55:20,427520,FACTORIO,82,12860,Casual,Wube Software LTD.,"Aug 14, 2020",35.0
72cd2dad,2026-04-29,01:55:20,1203620,ENSHROUDED,83,12779,Action,Keen Games GmbH,"Jan 24, 2024",23.99
830f65a1,2026-04-29,01:55:20,376210,THE ISLE,84,12661,Action,Afterthought LLC,"Dec 1, 2015",19.99
1e8afaf4,2026-04-29,01:55:20,3527290,PEAK,85,12439,Action,Team PEAK,"16 Jun, 2025",7.49
b403132d,2026-04-29,01:55:20,1905180,OBS STUDIO,86,12529,Utilities,OBS Project,"Mar 21, 2022",0.0
f3316302,2026-04-29,01:55:20,1623660,MIR4,87,12323,Action,Wemade Next,"Aug 25, 2021",0.0
9bd7d24d,2026-04-29,01:55:20,227300,EURO TRUCK SIMULATOR 2,88,12197,Indie,SCS Software,"Oct 12, 2012",19.99
ebe00d00,2026-04-29,01:55:20,220200,KERBAL SPACE PROGRAM,89,12163,Indie,Squad,"Apr 27, 2015",39.99
84275b06,2026-04-29,01:55:20,1665460,EFOOTBALL™,90,12084,Simulation,KONAMI,"Sep 29, 2021",0.0
dc251b1f,2026-04-29,01:55:20,1874880,ARMA REFORGER,91,11956,Action,Bohemia Interactive,"Nov 16, 2023",39.99
4df5a02f,2026-04-29,01:55:20,3564740,WHERE WINDS MEET,92,11768,Action,Everstone Studio,"14 Nov, 2025",0.0
f7e4a554,2026-04-29,01:55:20,8930,SID MEIER'S CIVILIZATION® V,93,11678,Strategy,Firaxis Games,"Sep 21, 2010",29.99
a78a5f4a,2026-04-29,01:55:20,4025700,HEARTOPIA,94,11513,Casual,XD,"16 Jan, 2026",0.0
028e6137,2026-04-29,01:55:20,377160,FALLOUT 4,95,11550,RPG,Bethesda Game Studios,"Nov 9, 2015",19.99
cdd977ca,2026-04-29,01:55:20,346110,ARK: SURVIVAL EVOLVED,96,11535,Action,Studio Wildcard,"Aug 27, 2017",14.99
9e532323,2026-04-29,01:55:20,1144200,READY OR NOT,97,11152,Action,VOID Interactive,"Dec 13, 2023",24.99
33157883,2026-04-29,01:55:20,739630,PHASMOPHOBIA,98,11270,Action,Kinetic Games,"Sep 18, 2020",19.99
5ea4b094,2026-04-29,01:55:20,1449850,YU-GI-OH! MASTER DUEL,99,11121,Simulation,KONAMI,"18 Jan, 2022",0.0
d184837d,2026-04-29,01:55:20,3679080,THE SEVEN DEADLY SINS: ORIGIN,100,11128,Action,Netmarble F&C,"Mar 16, 2026",0.0
9a437a31,2026-04-29,01:55:20,1974050,TORCHLIGHT: INFINITE,,7347,Action,XD,"May 9, 2023",0.0
cfedf5f4,2026-04-29,01:55:20,238960,PATH OF EXILE,,9518,Action,Grinding Gear Games,"23 Oct, 2013",0.0
ec5be236,2026-04-29,01:55:20,2252570,FOOTBALL MANAGER 2024,,9052,Simulation,Sports Interactive,"Nov 6, 2023",0.0
7def036c,2026-04-29,01:55:20,275850,NO MAN'S SKY,,9944,Action,Hello Games,"Aug 12, 2016",59.99
eb04374d,2026-04-29,01:55:20,594650,HUNT: SHOWDOWN 1896,,8243,Action,Crytek,"Aug 27, 2019",13.49
ceb5c683,2026-04-29,01:55:20,1142710,TOTAL WAR: WARHAMMER III,,4779,Action,CREATIVE ASSEMBLY,"Feb 17, 2022",59.99
9377ff80,2026-04-29,01:55:20,218620,PAYDAY 2,,10543,Action,OVERKILL - a Starbreeze Studio.,"Aug 13, 2013",9.99
cd63e2af,2026-04-29,01:55:20,629520,SOUNDPAD,,9584,Audio Production,Leppsoft,"Sep 30, 2017",4.99
3314b385,2026-04-29,01:55:20,2479810,GRAY ZONE WARFARE,,10515,Action,"MADFINGER Games, a.s.","Apr 30, 2024",39.99
8259b704,2026-04-29,01:55:20,4465480,COUNTER-STRIKE:GLOBAL OFFENSIVE,,10405,Action,Valve,"Aug 21, 2012",0.0
3215b6e9,2026-04-29,01:55:20,281990,STELLARIS,,11064,Simulation,Paradox Development Studio,"May 9, 2016",39.99
1722a251,2026-04-29,01:55:20,2646460,SOULMASK,,9612,Adventure,CampFire Studio,"Apr 9, 2026",29.99
df76eada,2026-04-29,01:55:20,1716740,STARFIELD,,10808,RPG,Bethesda Game Studios,"Sep 5, 2023",49.99
f6cd6ec7,2026-04-29,01:55:20,3224770,UMAMUSUME: PRETTY DERBY,,10197,Simulation,"Cygames, Inc.","24 Jun, 2025",0.0
f84bc07f,2026-04-30,01:53:58,730,COUNTER-STRIKE 2,1,653871,Action,Valve,"21 Aug, 2012",0.0
bf278fbd,2026-04-30,01:53:58,570,DOTA 2,2,280465,Action,Valve,"Jul 9, 2013",0.0
339ae66c,2026-04-30,01:53:58,578080,PUBG: BATTLEGROUNDS,3,126395,Action,PUBG Corporation,"21 Dec, 2017",0.0
82dbb071,2026-04-30,01:53:58,2676230,FIVEM,4,124256,Other,,,0.0
89461b3f,2026-04-30,01:53:58,3419430,BONGO CAT,5,122389,Casual,Marcel Zurawka,"Mar 5, 2025",0.0
33a181fb,2026-04-30,01:53:58,2868840,SLAY THE SPIRE 2,6,113523,Indie,Mega Crit,"Mar 5, 2026",24.99
e28ed907,2026-04-30,01:53:58,2767030,MARVEL RIVALS,7,100931,Action,NetEase Games,"5 Dec, 2024",0.0
50634e32,2026-04-30,01:53:58,1808500,ARC RAIDERS,8,90486,Action,Embark Studios,"30 Oct, 2025",39.99
1c80f48f,2026-04-30,01:53:58,3041230,WINDROSE,9,86965,Action,Kraken Express,"Apr 14, 2026",29.99
0dfb16a8,2026-04-30,01:53:58,359550,TOM CLANCY'S RAINBOW SIX SIEGE,10,76977,Action,Ubisoft Montreal,"Dec 1, 2015",0.0
48a7a5cc,2026-04-30,01:53:58,1172470,APEX LEGENDS™,11,70804,Action,Respawn,"4 Nov, 2020",0.0
8a3af5ee,2026-04-30,01:53:58,1422450,DEADLOCK,12,0,Action,Valve,To be announced,0.0
82a30185,2026-04-30,01:53:58,252490,RUST,13,59880,Action,Facepunch Studios,"Feb 8, 2018",39.99
83f36945,2026-04-30,01:53:58,2357570,OVERWATCH®,14,56866,Action,"Blizzard Entertainment, Inc.","Aug 10, 2023",0.0
892aa17c,2026-04-30,01:53:58,381210,DEAD BY DAYLIGHT,15,55937,Action,Behaviour Interactive Inc.,"Jun 14, 2016",7.99
d4cf9e4b,2026-04-30,01:53:58,230410,WARFRAME,16,54090,Action,Digital Extremes,"25 Mar, 2013",0.0
05d247fe,2026-04-30,01:53:58,2507950,DELTA FORCE,17,54009,Action,Team Jade,"4 Dec, 2024",0.0
5ff69150,2026-04-30,01:53:58,3321460,CRIMSON DESERT,18,53635,Action,Pearl Abyss,"Mar 19, 2026",69.99
fa401e15,2026-04-30,01:53:58,431960,WALLPAPER ENGINE,19,52765,Casual,Wallpaper Engine Team,"Nov 16, 2018",4.99
10a5982c,2026-04-30,01:53:58,322170,GEOMETRY DASH,20,49620,Action,RobTop Games,"Dec 22, 2014",4.99
014bae0b,2026-04-30,01:53:58,553850,HELLDIVERS™ 2,21,48699,Action,Arrowhead Game Studios,"8 Feb, 2024",39.99
5bd947ec,2026-04-30,01:53:58,413150,STARDEW VALLEY,22,44568,Indie,ConcernedApe,"Feb 26, 2016",14.99
f595fb02,2026-04-30,01:53:58,438100,VRCHAT,23,43194,Adventure,VRChat Inc.,"1 Feb, 2017",0.0
574d9fb0,2026-04-30,01:53:58,440,TEAM FORTRESS 2,24,40004,Action,Valve,"Oct 10, 2007",0.0
e2a58ab7,2026-04-30,01:53:58,1086940,BALDUR'S GATE 3,25,39639,Adventure,Larian Studios,"Aug 3, 2023",59.99
4d182aaf,2026-04-30,01:53:58,3405690,EA SPORTS FC™ 26,26,35232,Simulation,EA Canada,"25 Sep, 2025",20.99
2a3b786d,2026-04-30,01:53:58,271590,GRAND THEFT AUTO V LEGACY,27,32099,Action,Rockstar North,"Apr 13, 2015",0.0
f9ca8df4,2026-04-30,01:53:58,1366800,CROSSHAIR X,28,31923,Action,CenterPoint Gaming,"Aug 17, 2020",9.99
39444e82,2026-04-30,01:53:58,1938090,CALL OF DUTY®,29,31600,Action,Treyarch,"Oct 27, 2022",0.0
0e361bf1,2026-04-30,01:53:58,236390,WAR THUNDER,30,31584,Action,Gaijin Entertainment,"Aug 15, 2013",0.0
0c6eb13c,2026-04-30,01:53:58,2807960,BATTLEFIELD™ 6,31,31705,Action,Battlefield Studios,"10 Oct, 2025",41.99
ee00205c,2026-04-30,01:53:58,2344520,DIABLO® IV,32,31053,Action,"Blizzard Entertainment, Inc.","Oct 17, 2023",49.99
1352b00b,2026-04-30,01:53:58,221100,DAYZ,33,30584,Action,Bohemia Interactive,"Dec 13, 2018",49.99
3c2f84ce,2026-04-30,01:53:58,39210,FINAL FANTASY XIV ONLINE,34,29820,Massively Multiplayer,Square Enix,"Feb 18, 2014",19.99
61f8ccd6,2026-04-30,01:53:58,3240220,GRAND THEFT AUTO V ENHANCED,35,29139,Action,Rockstar North,"Mar 4, 2025",19.79
dfc96a56,2026-04-30,01:53:58,240,COUNTER-STRIKE: SOURCE,36,27160,Action,Valve,"1 Nov, 2004",5.79
f2d3c953,2026-04-30,01:53:58,550,LEFT 4 DEAD 2,37,25418,Action,Valve,"Nov 16, 2009",9.99
6ae7548c,2026-04-30,01:53:58,1245620,ELDEN RING,38,25249,Action,"FromSoftware, Inc.","Feb 24, 2022",59.99
d5690b7e,2026-04-30,01:53:58,3124540,FAR FAR WEST,39,25257,Action,Evil Raptor,"Apr 28, 2026",17.99
79f09535,2026-04-30,01:53:58,4465480,COUNTER-STRIKE:GLOBAL OFFENSIVE,40,24421,Action,Valve,"Aug 21, 2012",0.0
6392a5f0,2026-04-30,01:53:58,218620,PAYDAY 2,41,23685,Action,OVERKILL - a Starbreeze Studio.,"Aug 13, 2013",9.99
039eb1e5,2026-04-30,01:53:58,1091500,CYBERPUNK 2077,42,23461,RPG,CD PROJEKT RED,"Dec 9, 2020",20.99
835274f9,2026-04-30,01:53:58,108600,PROJECT ZOMBOID,43,22863,Indie,The Indie Stone,"Nov 8, 2013",19.99
49b1ece6,2026-04-30,01:53:58,294100,RIMWORLD,44,21698,Indie,Ludeon Studios,"Oct 17, 2018",34.99
0f3bfb38,2026-04-30,01:53:58,252950,ROCKET LEAGUE®,45,21634,Action,Psyonix LLC,"Jul 7, 2015",0.0
b22cb29b,2026-04-30,01:53:58,489830,THE ELDER SCROLLS V: SKYRIM SPECIAL EDITION,46,21162,RPG,Bethesda Game Studios,"Oct 27, 2016",39.99
82798401,2026-04-30,01:53:58,289070,SID MEIER’S CIVILIZATION® VI,47,21258,Strategy,Firaxis Games,"Oct 21, 2016",59.99
4abe6c12,2026-04-30,01:53:58,1222670,THE SIMS™ 4,48,21071,Adventure,Maxis,"Jun 18, 2020",0.0
193e66f1,2026-04-30,01:53:58,394360,HEARTS OF IRON IV,49,20980,Simulation,Paradox Development Studio,"Jun 6, 2016",49.99
a0ef5776,2026-04-30,01:53:58,3513350,WUTHERING WAVES,50,21097,Action,KURO GAMES,"Apr 28, 2025",0.0
e8662550,2026-04-30,01:53:58,2399830,ARK: SURVIVAL ASCENDED,51,19749,Action,Studio Wildcard,"Oct 25, 2023",44.99
b5f44449,2026-04-30,01:53:58,105600,TERRARIA,52,19222,Action,Re-Logic,"May 16, 2011",9.99
8d531c98,2026-04-30,01:53:58,1174180,RED DEAD REDEMPTION 2,53,17983,Action,Rockstar Games,"Dec 5, 2019",59.99
a0967eca,2026-04-30,01:53:58,3241660,R.E.P.O.,54,18034,Action,semiwork,"Feb 26, 2025",9.99
ef7d259e,2026-04-30,01:53:58,2073620,ARENA BREAKOUT: INFINITE,55,17286,Action,Morefun Studios,"Sep 15, 2025",0.0
fe531eaa,2026-04-30,01:53:58,3472040,NBA 2K26,56,17670,Sports,Visual Concepts,"Sep 4, 2025",19.99
84573eb6,2026-04-30,01:53:58,3164500,SCHEDULE I,57,16904,Action,TVGS,"Mar 24, 2025",19.99
a998407e,2026-04-30,01:53:58,892970,VALHEIM,58,16796,Action,Iron Gate AB,"Feb 2, 2021",9.99
1da7252d,2026-04-30,01:53:58,4128580,BIDKING,59,16979,Casual,MindSurge Network & Games,"Apr 15, 2026",2.99
5cf6a9b8,2026-04-30,01:53:58,582660,BLACK DESERT,60,16380,Action,Pearl Abyss,"May 24, 2017",0.99
fd024337,2026-04-30,01:53:58,4000,GARRY'S MOD,61,15996,Casual,Facepunch Studios,"Nov 29, 2006",4.99
4b4d3cc4,2026-04-30,01:53:58,251570,7 DAYS TO DIE,62,16094,Action,The Fun Pimps,"Jul 25, 2024",44.99
3696c7f3,2026-04-30,01:53:58,813780,AGE OF EMPIRES II: DEFINITIVE EDITION,63,16009,Strategy,World's Edge,"Nov 14, 2019",12.24
6669e298,2026-04-30,01:53:58,284160,BEAMNG.DRIVE,64,15699,Racing,BeamNG,"May 29, 2015",24.99
ce9a5cd8,2026-04-30,01:53:58,1158310,CRUSADER KINGS III,65,15591,RPG,Paradox Development Studio,"Sep 1, 2020",14.99
705aa9da,2026-04-30,01:53:58,526870,SATISFACTORY,66,15336,Adventure,Coffee Stain Studios,"Sep 10, 2024",27.99
bb690b89,2026-04-30,01:53:58,3265700,VAMPIRE CRAWLERS: THE TURBO WILDCARD FROM VAMPIRE SURVIVORS,67,15495,Action,poncle,"Apr 21, 2026",9.99
248e80f6,2026-04-30,01:53:58,3065800,MARATHON,68,14940,Action,Bungie,"Mar 5, 2026",31.99
487120bf,2026-04-30,01:53:58,261550,MOUNT & BLADE II: BANNERLORD,69,14879,Action,TaleWorlds Entertainment,"Oct 25, 2022",24.99
061696b4,2026-04-30,01:53:58,3551340,FOOTBALL MANAGER 26,70,14510,Simulation,Sports Interactive,"Nov 4, 2025",59.99
e249981b,2026-04-30,01:53:58,250900,THE BINDING OF ISAAC: REBIRTH,71,14591,Action,"Nicalis, Inc.","Nov 4, 2014",14.99
5ccf77ba,2026-04-30,01:53:58,2300320,FARMING SIMULATOR 25,72,13965,Simulation,GIANTS Software,"Nov 12, 2024",29.99
37ef54d1,2026-04-30,01:53:58,1281930,TMODLOADER,73,14258,Action,TML Team,"May 16, 2020",0.0
2146dade,2026-04-30,01:53:58,1142710,TOTAL WAR: WARHAMMER III,74,14152,Action,CREATIVE ASSEMBLY,"Feb 17, 2022",59.99
84d43d57,2026-04-30,01:53:58,1476970,IDLEON,75,14057,Casual,Lavaflame2,"Nov 6, 2025",0.0
bec0fcd4,2026-04-30,01:53:58,1623730,PALWORLD,76,13735,Action,Pocketpair,"Jan 19, 2024",29.99
fc6b9e4e,2026-04-30,01:53:58,322330,DON'T STARVE TOGETHER,77,13326,Action,Klei Entertainment,"Apr 21, 2016",14.99
a28a4ca5,2026-04-30,01:53:58,3357650,PRAGMATA,78,13275,Action,"CAPCOM Co., Ltd.","Apr 17, 2026",59.99
8b2da851,2026-04-30,01:53:58,2073850,THE FINALS,79,12947,Action,Embark Studios,"Dec 7, 2023",0.0
082b07df,2026-04-30,01:53:58,427520,FACTORIO,80,12670,Casual,Wube Software LTD.,"Aug 14, 2020",35.0
de7cf461,2026-04-30,01:53:58,4025700,HEARTOPIA,81,12552,Casual,XD,"16 Jan, 2026",0.0
8f393564,2026-04-30,01:53:58,1623660,MIR4,82,12382,Action,Wemade Next,"Aug 25, 2021",0.0
ed201b8d,2026-04-30,01:53:58,376210,THE ISLE,83,12172,Action,Afterthought LLC,"Dec 1, 2015",19.99
dad45c38,2026-04-30,01:53:58,3527290,PEAK,84,12282,Action,Team PEAK,"16 Jun, 2025",7.49
7cc4cb5b,2026-04-30,01:53:58,1203620,ENSHROUDED,85,12150,Action,Keen Games GmbH,"Jan 24, 2024",23.99
6b4f9213,2026-04-30,01:53:58,220200,KERBAL SPACE PROGRAM,86,11892,Indie,Squad,"Apr 27, 2015",39.99
fec2df08,2026-04-30,01:53:58,227300,EURO TRUCK SIMULATOR 2,87,11715,Indie,SCS Software,"Oct 12, 2012",19.99
2d724cdb,2026-04-30,01:53:58,1905180,OBS STUDIO,88,12073,Utilities,OBS Project,"Mar 21, 2022",0.0
e783866d,2026-04-30,01:53:58,291550,BRAWLHALLA,89,11805,Action,Blue Mammoth Games,"Oct 17, 2017",0.0
acda7445,2026-04-30,01:53:58,306130,THE ELDER SCROLLS® ONLINE,90,11717,Action,ZeniMax Online Studios,"May 22, 2017",19.99
cfb7a627,2026-04-30,01:53:58,346110,ARK: SURVIVAL EVOLVED,91,11687,Action,Studio Wildcard,"Aug 27, 2017",14.99
7e658f87,2026-04-30,01:53:58,1874880,ARMA REFORGER,92,11559,Action,Bohemia Interactive,"Nov 16, 2023",39.99
110ddde7,2026-04-30,01:53:58,2622380,ELDEN RING NIGHTREIGN,93,11822,Action,"FromSoftware, Inc.","29 May, 2025",39.99
5ddab8a5,2026-04-30,01:53:58,281990,STELLARIS,94,11708,Simulation,Paradox Development Studio,"May 9, 2016",39.99
f912fde1,2026-04-30,01:53:58,1665460,EFOOTBALL™,95,7608,Simulation,KONAMI,"Sep 29, 2021",0.0
7cbe1a04,2026-04-30,01:53:58,8930,SID MEIER'S CIVILIZATION® V,96,11366,Strategy,Firaxis Games,"Sep 21, 2010",29.99
446e4d61,2026-04-30,01:53:58,739630,PHASMOPHOBIA,97,11294,Action,Kinetic Games,"Sep 18, 2020",19.99
ec078907,2026-04-30,01:53:58,1203220,NARAKA: BLADEPOINT,98,11351,Action,24 Entertainment,"11 Aug, 2021",0.0
78b03143,2026-04-30,01:53:58,377160,FALLOUT 4,99,10971,RPG,Bethesda Game Studios,"Nov 9, 2015",19.99
38fd7185,2026-04-30,01:53:58,960090,BLOONS TD 6,100,10725,Strategy,Ninja Kiwi,"Dec 17, 2018",13.99
2eb90882,2026-04-30,01:53:58,1449850,YU-GI-OH! MASTER DUEL,,10591,Simulation,KONAMI,"18 Jan, 2022",0.0
5faba816,2026-04-30,01:53:58,552990,WORLD OF WARSHIPS,,5316,Action,Wargaming Group Limited,"Nov 15, 2017",0.0
8b897cff,2026-04-30,01:53:58,238960,PATH OF EXILE,,8780,Action,Grinding Gear Games,"23 Oct, 2013",0.0
2ef5924c,2026-04-30,01:53:58,629520,SOUNDPAD,,9175,Audio Production,Leppsoft,"Sep 30, 2017",4.99
b8c2367d,2026-04-30,01:53:58,1716740,STARFIELD,,9878,RPG,Bethesda Game Studios,"Sep 5, 2023",49.99
6ff0a57f,2026-04-30,01:53:58,2252570,FOOTBALL MANAGER 2024,,8974,Simulation,Sports Interactive,"Nov 6, 2023",0.0
05036006,2026-04-30,01:53:58,1973530,LIMBUS COMPANY,,3615,Other,ProjectMoon,"26 Feb, 2023",0.0
c93f4f1f,2026-04-30,01:53:58,3564740,WHERE WINDS MEET,,9122,Action,Everstone Studio,"14 Nov, 2025",0.0
f9279379,2026-04-30,01:53:58,275850,NO MAN'S SKY,,9385,Action,Hello Games,"Aug 12, 2016",59.99
fb0d26df,2026-04-30,01:53:58,2923300,BANANA,,6612,Adventure,Sky,"Apr 23, 2024",0.0
7d48f916,2026-04-30,01:53:58,2584990,SHADOWVERSE: WORLDS BEYOND,,8824,Casual,"Cygames, Inc.","Jun 14, 2025",0.0
9e4994ab,2026-04-30,01:53:58,3224770,UMAMUSUME: PRETTY DERBY,,8912,Simulation,"Cygames, Inc.","24 Jun, 2025",0.0
f7ffe022,2026-04-30,01:53:58,1144200,READY OR NOT,,10539,Action,VOID Interactive,"Dec 13, 2023",24.99
b6f099ce,2026-04-30,01:53:58,1364780,STREET FIGHTER™ 6,,10879,Action,"CAPCOM Co., Ltd.","Jun 1, 2023",19.99
f0d91c38,2026-04-30,01:53:58,594650,HUNT: SHOWDOWN 1896,,8211,Action,Crytek,"Aug 27, 2019",13.49
25f85c28,2026-04-30,01:53:58,1974050,TORCHLIGHT: INFINITE,,6785,Action,XD,"May 9, 2023",0.0
7b614619,2026-04-30,01:53:58,3679080,THE SEVEN DEADLY SINS: ORIGIN,,9170,Action,Netmarble F&C,"Mar 16, 2026",0.0
6e27f0f4,2026-04-30,01:53:58,2646460,SOULMASK,,8792,Adventure,CampFire Studio,"Apr 9, 2026",29.99
e2c029d8,2026-04-30,01:53:58,2479810,GRAY ZONE WARFARE,,9911,Action,"MADFINGER Games, a.s.","Apr 30, 2024",39.99
a3acbfa6,2026-05-01,01:56:10,730,COUNTER-STRIKE 2,1,714188,Action,Valve,"21 Aug, 2012",0.0
dc10b13a,2026-05-01,01:56:10,570,DOTA 2,2,309528,Action,Valve,"Jul 9, 2013",0.0
bfa106ba,2026-05-01,01:56:10,578080,PUBG: BATTLEGROUNDS,3,149993,Action,PUBG Corporation,"21 Dec, 2017",0.0
17655abe,2026-05-01,01:56:10,2676230,FIVEM,4,136166,Other,,,0.0
9aaaf683,2026-05-01,01:56:10,3419430,BONGO CAT,5,135141,Casual,Marcel Zurawka,"Mar 5, 2025",0.0
4bfaa5ed,2026-05-01,01:56:10,2868840,SLAY THE SPIRE 2,6,119664,Indie,Mega Crit,"Mar 5, 2026",24.99
528b52ac,2026-05-01,01:56:10,2767030,MARVEL RIVALS,7,105103,Action,NetEase Games,"5 Dec, 2024",0.0
42070e94,2026-05-01,01:56:10,3041230,WINDROSE,8,89725,Action,Kraken Express,"Apr 14, 2026",29.99
eec4d487,2026-05-01,01:56:10,1808500,ARC RAIDERS,9,87489,Action,Embark Studios,"30 Oct, 2025",39.99
a73ac2ad,2026-05-01,01:56:10,252490,RUST,10,83084,Action,Facepunch Studios,"Feb 8, 2018",39.99
724478a7,2026-05-01,01:56:10,1172470,APEX LEGENDS™,11,84691,Action,Respawn,"4 Nov, 2020",0.0
ca3afeb2,2026-05-01,01:56:10,359550,TOM CLANCY'S RAINBOW SIX SIEGE,12,80044,Action,Ubisoft Montreal,"Dec 1, 2015",0.0
03c83eb6,2026-05-01,01:56:10,1422450,DEADLOCK,13,0,Action,Valve,To be announced,0.0
cd9d269c,2026-05-01,01:56:10,431960,WALLPAPER ENGINE,14,63308,Casual,Wallpaper Engine Team,"Nov 16, 2018",4.99
82ea0496,2026-05-01,01:56:10,2507950,DELTA FORCE,15,62191,Action,Team Jade,"4 Dec, 2024",0.0
873b1c0f,2026-05-01,01:56:10,2357570,OVERWATCH®,16,60281,Action,"Blizzard Entertainment, Inc.","Aug 10, 2023",0.0
2d02195e,2026-05-01,01:56:10,3321460,CRIMSON DESERT,17,58834,Action,Pearl Abyss,"Mar 19, 2026",69.99
4a926049,2026-05-01,01:56:10,381210,DEAD BY DAYLIGHT,18,58173,Action,Behaviour Interactive Inc.,"Jun 14, 2016",7.99
618b2f46,2026-05-01,01:56:10,230410,WARFRAME,19,55986,Action,Digital Extremes,"25 Mar, 2013",0.0
4329e07a,2026-05-01,01:56:10,322170,GEOMETRY DASH,20,55642,Action,RobTop Games,"Dec 22, 2014",4.99
53510d08,2026-05-01,01:56:10,1973530,LIMBUS COMPANY,21,55258,Other,ProjectMoon,"26 Feb, 2023",0.0
6ff1e7d5,2026-05-01,01:56:10,553850,HELLDIVERS™ 2,22,49471,Action,Arrowhead Game Studios,"8 Feb, 2024",39.99
558ad09b,2026-05-01,01:56:10,440,TEAM FORTRESS 2,23,48618,Action,Valve,"Oct 10, 2007",0.0
53e97089,2026-05-01,01:56:10,413150,STARDEW VALLEY,24,47489,Indie,ConcernedApe,"Feb 26, 2016",14.99
acc39efc,2026-05-01,01:56:10,438100,VRCHAT,25,46295,Adventure,VRChat Inc.,"1 Feb, 2017",0.0
b4692faf,2026-05-01,01:56:10,271590,GRAND THEFT AUTO V LEGACY,26,45094,Action,Rockstar North,"Apr 13, 2015",0.0
fd0a5ac0,2026-05-01,01:56:10,236390,WAR THUNDER,27,42047,Action,Gaijin Entertainment,"Aug 15, 2013",0.0
8b5f5081,2026-05-01,01:56:10,1086940,BALDUR'S GATE 3,28,41249,Adventure,Larian Studios,"Aug 3, 2023",59.99
be340467,2026-05-01,01:56:10,3405690,EA SPORTS FC™ 26,29,39263,Simulation,EA Canada,"25 Sep, 2025",20.99
01c0b97b,2026-05-01,01:56:10,240,COUNTER-STRIKE: SOURCE,30,38211,Action,Valve,"1 Nov, 2004",5.79
a0ebcf28,2026-05-01,01:56:10,1938090,CALL OF DUTY®,31,36295,Action,Treyarch,"Oct 27, 2022",0.0
1e213853,2026-05-01,01:56:10,3240220,GRAND THEFT AUTO V ENHANCED,32,34635,Action,Rockstar North,"Mar 4, 2025",19.79
30a9be79,2026-05-01,01:56:10,2807960,BATTLEFIELD™ 6,33,33980,Action,Battlefield Studios,"10 Oct, 2025",41.99
19961ecf,2026-05-01,01:56:10,1366800,CROSSHAIR X,34,33656,Action,CenterPoint Gaming,"Aug 17, 2020",9.99
14580768,2026-05-01,01:56:10,221100,DAYZ,35,32592,Action,Bohemia Interactive,"Dec 13, 2018",49.99
cbb27020,2026-05-01,01:56:10,4465480,COUNTER-STRIKE:GLOBAL OFFENSIVE,36,32491,Action,Valve,"Aug 21, 2012",0.0
87738c19,2026-05-01,01:56:10,2344520,DIABLO® IV,37,31920,Action,"Blizzard Entertainment, Inc.","Oct 17, 2023",49.99
3ca9b0d5,2026-05-01,01:56:10,550,LEFT 4 DEAD 2,38,30304,Action,Valve,"Nov 16, 2009",9.99
04d800ad,2026-05-01,01:56:10,3124540,FAR FAR WEST,39,30522,Action,Evil Raptor,"Apr 28, 2026",17.99
609adabd,2026-05-01,01:56:10,39210,FINAL FANTASY XIV ONLINE,40,29349,Massively Multiplayer,Square Enix,"Feb 18, 2014",19.99
306fd659,2026-05-01,01:56:10,1245620,ELDEN RING,41,28023,Action,"FromSoftware, Inc.","Feb 24, 2022",59.99
781d4336,2026-05-01,01:56:10,394360,HEARTS OF IRON IV,42,27341,Simulation,Paradox Development Studio,"Jun 6, 2016",49.99
40373740,2026-05-01,01:56:10,1091500,CYBERPUNK 2077,43,26506,RPG,CD PROJEKT RED,"Dec 9, 2020",20.99
dd75744f,2026-05-01,01:56:10,289070,SID MEIER’S CIVILIZATION® VI,44,25036,Strategy,Firaxis Games,"Oct 21, 2016",59.99
65a4df48,2026-05-01,01:56:10,108600,PROJECT ZOMBOID,45,24521,Indie,The Indie Stone,"Nov 8, 2013",19.99
8db4a927,2026-05-01,01:56:10,294100,RIMWORLD,46,23339,Indie,Ludeon Studios,"Oct 17, 2018",34.99
5372b483,2026-05-01,01:56:10,252950,ROCKET LEAGUE®,47,22079,Action,Psyonix LLC,"Jul 7, 2015",0.0
f6740d51,2026-05-01,01:56:10,105600,TERRARIA,48,22114,Action,Re-Logic,"May 16, 2011",9.99
9a845841,2026-05-01,01:56:10,489830,THE ELDER SCROLLS V: SKYRIM SPECIAL EDITION,49,21967,RPG,Bethesda Game Studios,"Oct 27, 2016",39.99
fb7cb0e0,2026-05-01,01:56:10,1222670,THE SIMS™ 4,50,21871,Adventure,Maxis,"Jun 18, 2020",0.0
6e5f7696,2026-05-01,01:56:10,3472040,NBA 2K26,51,21145,Sports,Visual Concepts,"Sep 4, 2025",19.99
ec0e75b9,2026-05-01,01:56:10,3513350,WUTHERING WAVES,52,21062,Action,KURO GAMES,"Apr 28, 2025",0.0
7284cbba,2026-05-01,01:56:10,1174180,RED DEAD REDEMPTION 2,53,20842,Action,Rockstar Games,"Dec 5, 2019",59.99
a650a036,2026-05-01,01:56:10,2399830,ARK: SURVIVAL ASCENDED,54,20910,Action,Studio Wildcard,"Oct 25, 2023",44.99
d7415e2d,2026-05-01,01:56:10,3241660,R.E.P.O.,55,20078,Action,semiwork,"Feb 26, 2025",9.99
1870a076,2026-05-01,01:56:10,582660,BLACK DESERT,56,19682,Action,Pearl Abyss,"May 24, 2017",0.99
6afca0bf,2026-05-01,01:56:10,4000,GARRY'S MOD,57,19556,Casual,Facepunch Studios,"Nov 29, 2006",4.99
b36cc11b,2026-05-01,01:56:10,2073620,ARENA BREAKOUT: INFINITE,58,19438,Action,Morefun Studios,"Sep 15, 2025",0.0
faba6d27,2026-05-01,01:56:10,4128580,BIDKING,59,18809,Casual,MindSurge Network & Games,"Apr 15, 2026",2.99
5c8144e6,2026-05-01,01:56:10,3564740,WHERE WINDS MEET,60,18948,Action,Everstone Studio,"14 Nov, 2025",0.0
88bdc093,2026-05-01,01:56:10,322330,DON'T STARVE TOGETHER,61,18718,Action,Klei Entertainment,"Apr 21, 2016",14.99
bd823211,2026-05-01,01:56:10,218620,PAYDAY 2,62,18377,Action,OVERKILL - a Starbreeze Studio.,"Aug 13, 2013",9.99
18b45a6a,2026-05-01,01:56:10,1281930,TMODLOADER,63,18109,Action,TML Team,"May 16, 2020",0.0
699909ac,2026-05-01,01:56:10,892970,VALHEIM,64,17641,Action,Iron Gate AB,"Feb 2, 2021",9.99
945ec722,2026-05-01,01:56:10,251570,7 DAYS TO DIE,65,17714,Action,The Fun Pimps,"Jul 25, 2024",44.99
e3927905,2026-05-01,01:56:10,261550,MOUNT & BLADE II: BANNERLORD,66,17725,Action,TaleWorlds Entertainment,"Oct 25, 2022",24.99
15027665,2026-05-01,01:56:10,813780,AGE OF EMPIRES II: DEFINITIVE EDITION,67,17530,Strategy,World's Edge,"Nov 14, 2019",12.24
347d2b9e,2026-05-01,01:56:10,1158310,CRUSADER KINGS III,68,17134,RPG,Paradox Development Studio,"Sep 1, 2020",14.99
f6639a91,2026-05-01,01:56:10,3164500,SCHEDULE I,69,17051,Action,TVGS,"Mar 24, 2025",19.99
12889ca0,2026-05-01,01:56:10,3105440,HEROES OF MIGHT AND MAGIC: OLDEN ERA,70,16935,RPG,Unfrozen,"Apr 30, 2026",29.99
22f5d1d6,2026-05-01,01:56:10,284160,BEAMNG.DRIVE,71,16900,Racing,BeamNG,"May 29, 2015",24.99
8cffc644,2026-05-01,01:56:10,3065800,MARATHON,72,16649,Action,Bungie,"Mar 5, 2026",31.99
67a57954,2026-05-01,01:56:10,3551340,FOOTBALL MANAGER 26,73,16437,Simulation,Sports Interactive,"Nov 4, 2025",59.99
a834f99c,2026-05-01,01:56:10,1665460,EFOOTBALL™,74,16288,Simulation,KONAMI,"Sep 29, 2021",0.0
2f6e82c5,2026-05-01,01:56:10,1142710,TOTAL WAR: WARHAMMER III,75,16190,Action,CREATIVE ASSEMBLY,"Feb 17, 2022",59.99
1f0b61c8,2026-05-01,01:56:10,526870,SATISFACTORY,76,16007,Adventure,Coffee Stain Studios,"Sep 10, 2024",27.99
950e32d8,2026-05-01,01:56:10,250900,THE BINDING OF ISAAC: REBIRTH,77,15919,Action,"Nicalis, Inc.","Nov 4, 2014",14.99
d186a2b9,2026-05-01,01:56:10,1623730,PALWORLD,78,15216,Action,Pocketpair,"Jan 19, 2024",29.99
7ee17e10,2026-05-01,01:56:10,3265700,VAMPIRE CRAWLERS: THE TURBO WILDCARD FROM VAMPIRE SURVIVORS,79,14954,Action,poncle,"Apr 21, 2026",9.99
23d56b8c,2026-05-01,01:56:10,227300,EURO TRUCK SIMULATOR 2,80,14915,Indie,SCS Software,"Oct 12, 2012",19.99
4cecb2f6,2026-05-01,01:56:10,2300320,FARMING SIMULATOR 25,81,14546,Simulation,GIANTS Software,"Nov 12, 2024",29.99
ff753bff,2026-05-01,01:56:10,4025700,HEARTOPIA,82,14549,Casual,XD,"16 Jan, 2026",0.0
e6190aed,2026-05-01,01:56:10,3357650,PRAGMATA,83,14582,Action,"CAPCOM Co., Ltd.","Apr 17, 2026",59.99
ec69a083,2026-05-01,01:56:10,1203220,NARAKA: BLADEPOINT,84,13873,Action,24 Entertainment,"11 Aug, 2021",0.0
71ba1924,2026-05-01,01:56:10,2622380,ELDEN RING NIGHTREIGN,85,14110,Action,"FromSoftware, Inc.","29 May, 2025",39.99
9a58afd1,2026-05-01,01:56:10,2073850,THE FINALS,86,13976,Action,Embark Studios,"Dec 7, 2023",0.0
7a6dc452,2026-05-01,01:56:10,1476970,IDLEON,87,13959,Casual,Lavaflame2,"Nov 6, 2025",0.0
9aa03930,2026-05-01,01:56:10,3527290,PEAK,88,13723,Action,Team PEAK,"16 Jun, 2025",7.49
faa5b5c9,2026-05-01,01:56:10,346110,ARK: SURVIVAL EVOLVED,89,13555,Action,Studio Wildcard,"Aug 27, 2017",14.99
27a3fd0e,2026-05-01,01:56:10,427520,FACTORIO,90,13490,Casual,Wube Software LTD.,"Aug 14, 2020",35.0
ca0092b9,2026-05-01,01:56:10,281990,STELLARIS,91,13409,Simulation,Paradox Development Studio,"May 9, 2016",39.99
c0122f0c,2026-05-01,01:56:10,376210,THE ISLE,92,13223,Action,Afterthought LLC,"Dec 1, 2015",19.99
419a9938,2026-05-01,01:56:10,1203620,ENSHROUDED,93,12928,Action,Keen Games GmbH,"Jan 24, 2024",23.99
62e263aa,2026-05-01,01:56:10,1905180,OBS STUDIO,94,12940,Utilities,OBS Project,"Mar 21, 2022",0.0
86ecef18,2026-05-01,01:56:10,1364780,STREET FIGHTER™ 6,95,12908,Action,"CAPCOM Co., Ltd.","Jun 1, 2023",19.99
9c88ca38,2026-05-01,01:56:10,291550,BRAWLHALLA,96,12639,Action,Blue Mammoth Games,"Oct 17, 2017",0.0
62e62d52,2026-05-01,01:56:10,1623660,MIR4,97,12564,Action,Wemade Next,"Aug 25, 2021",0.0
0aeae5c5,2026-05-01,01:56:10,1874880,ARMA REFORGER,98,12218,Action,Bohemia Interactive,"Nov 16, 2023",39.99
9f81e2cd,2026-05-01,01:56:10,8930,SID MEIER'S CIVILIZATION® V,99,12202,Strategy,Firaxis Games,"Sep 21, 2010",29.99
0cab3145,2026-05-01,01:56:10,220200,KERBAL SPACE PROGRAM,100,12198,Indie,Squad,"Apr 27, 2015",39.99
55a9a863,2026-05-01,01:56:10,2252570,FOOTBALL MANAGER 2024,,10214,Simulation,Sports Interactive,"Nov 6, 2023",0.0
cff687bd,2026-05-01,01:56:10,1716740,STARFIELD,,10062,RPG,Bethesda Game Studios,"Sep 5, 2023",49.99
90356e6a,2026-05-01,01:56:10,3224770,UMAMUSUME: PRETTY DERBY,,10408,Simulation,"Cygames, Inc.","24 Jun, 2025",0.0
0d40a407,2026-05-01,01:56:10,2584990,SHADOWVERSE: WORLDS BEYOND,,8520,Casual,"Cygames, Inc.","Jun 14, 2025",0.0
ffecd248,2026-05-01,01:56:10,2646460,SOULMASK,,9801,Adventure,CampFire Studio,"Apr 9, 2026",29.99
5f9fd16b,2026-05-01,01:56:10,960090,BLOONS TD 6,,11117,Strategy,Ninja Kiwi,"Dec 17, 2018",13.99
a7ab593a,2026-05-01,01:56:10,1144200,READY OR NOT,,11073,Action,VOID Interactive,"Dec 13, 2023",24.99
0f82d276,2026-05-01,01:56:10,1974050,TORCHLIGHT: INFINITE,,7590,Action,XD,"May 9, 2023",0.0
741101fc,2026-05-01,01:56:10,275850,NO MAN'S SKY,,9708,Action,Hello Games,"Aug 12, 2016",59.99
ed25e643,2026-05-01,01:56:10,238960,PATH OF EXILE,,9039,Action,Grinding Gear Games,"23 Oct, 2013",0.0
497b44e9,2026-05-01,01:56:10,377160,FALLOUT 4,,11473,RPG,Bethesda Game Studios,"Nov 9, 2015",19.99
9f78c57e,2026-05-01,01:56:10,552990,WORLD OF WARSHIPS,,8046,Action,Wargaming Group Limited,"Nov 15, 2017",0.0
76795206,2026-05-01,01:56:10,739630,PHASMOPHOBIA,,11595,Action,Kinetic Games,"Sep 18, 2020",19.99
3a00e1b6,2026-05-01,01:56:10,594650,HUNT: SHOWDOWN 1896,,9856,Action,Crytek,"Aug 27, 2019",13.49
b436822d,2026-05-01,01:56:10,3679080,THE SEVEN DEADLY SINS: ORIGIN,,9085,Action,Netmarble F&C,"Mar 16, 2026",0.0
249350ba,2026-05-01,01:56:10,629520,SOUNDPAD,,10633,Audio Production,Leppsoft,"Sep 30, 2017",4.99
51020c6c,2026-05-01,01:56:10,306130,THE ELDER SCROLLS® ONLINE,,11536,Action,ZeniMax Online Studios,"May 22, 2017",19.99
cdd2ac82,2026-05-01,01:56:10,1449850,YU-GI-OH! MASTER DUEL,,10742,Simulation,KONAMI,"18 Jan, 2022",0.0
9da9f8a2,2026-05-01,01:56:10,2479810,GRAY ZONE WARFARE,,10558,Action,"MADFINGER Games, a.s.","Apr 30, 2024",39.99
4389bf58,2026-05-01,01:56:10,2923300,BANANA,,5973,Adventure,Sky,"Apr 23, 2024",0.0
ad9df49a,2026-05-02,01:45:32,730,COUNTER-STRIKE 2,1,661895,Action,Valve,"21 Aug, 2012",0.0
60604968,2026-05-02,01:45:32,570,DOTA 2,2,311677,Action,Valve,"Jul 9, 2013",0.0
8b634276,2026-05-02,01:45:32,2676230,FIVEM,3,140302,Other,,,0.0
258d5872,2026-05-02,01:45:32,578080,PUBG: BATTLEGROUNDS,4,131843,Action,PUBG Corporation,"21 Dec, 2017",0.0
4c37ce05,2026-05-02,01:45:32,3419430,BONGO CAT,5,123207,Casual,Marcel Zurawka,"Mar 5, 2025",0.0
c1ec2509,2026-05-02,01:45:32,2868840,SLAY THE SPIRE 2,6,113114,Indie,Mega Crit,"Mar 5, 2026",24.99
3874f186,2026-05-02,01:45:32,2767030,MARVEL RIVALS,7,100814,Action,NetEase Games,"5 Dec, 2024",0.0
dd6f0c67,2026-05-02,01:45:32,3041230,WINDROSE,8,94672,Action,Kraken Express,"Apr 14, 2026",29.99
42c2a6e9,2026-05-02,01:45:32,252490,RUST,9,89641,Action,Facepunch Studios,"Feb 8, 2018",39.99
0d1f9875,2026-05-02,01:45:32,1808500,ARC RAIDERS,10,85363,Action,Embark Studios,"30 Oct, 2025",39.99
85b5f901,2026-05-02,01:45:32,359550,TOM CLANCY'S RAINBOW SIX SIEGE,11,81411,Action,Ubisoft Montreal,"Dec 1, 2015",0.0
2d97692b,2026-05-02,01:45:32,1172470,APEX LEGENDS™,12,81447,Action,Respawn,"4 Nov, 2020",0.0
84369ef3,2026-05-02,01:45:32,1422450,DEADLOCK,13,0,Action,Valve,To be announced,0.0
a6a35b66,2026-05-02,01:45:32,322170,GEOMETRY DASH,14,62040,Action,RobTop Games,"Dec 22, 2014",4.99
b6edbc92,2026-05-02,01:45:32,431960,WALLPAPER ENGINE,15,60859,Casual,Wallpaper Engine Team,"Nov 16, 2018",4.99
1d1b6818,2026-05-02,01:45:32,230410,WARFRAME,16,60030,Action,Digital Extremes,"25 Mar, 2013",0.0
ddff769d,2026-05-02,01:45:32,2357570,OVERWATCH®,17,60335,Action,"Blizzard Entertainment, Inc.","Aug 10, 2023",0.0
892b3ba5,2026-05-02,01:45:32,3321460,CRIMSON DESERT,18,59429,Action,Pearl Abyss,"Mar 19, 2026",69.99
496ca83b,2026-05-02,01:45:32,2507950,DELTA FORCE,19,59523,Action,Team Jade,"4 Dec, 2024",0.0
811b8006,2026-05-02,01:45:32,381210,DEAD BY DAYLIGHT,20,56477,Action,Behaviour Interactive Inc.,"Jun 14, 2016",7.99
5340dc69,2026-05-02,01:45:32,438100,VRCHAT,21,52689,Adventure,VRChat Inc.,"1 Feb, 2017",0.0
a2aadcc2,2026-05-02,01:45:32,271590,GRAND THEFT AUTO V LEGACY,22,51861,Action,Rockstar North,"Apr 13, 2015",0.0
a357fdc7,2026-05-02,01:45:32,440,TEAM FORTRESS 2,23,49872,Action,Valve,"Oct 10, 2007",0.0
db3f67d6,2026-05-02,01:45:32,413150,STARDEW VALLEY,24,48929,Indie,ConcernedApe,"Feb 26, 2016",14.99
65b90c74,2026-05-02,01:45:32,553850,HELLDIVERS™ 2,25,47675,Action,Arrowhead Game Studios,"8 Feb, 2024",39.99
9021bd23,2026-05-02,01:45:32,3405690,EA SPORTS FC™ 26,26,43847,Simulation,EA Canada,"25 Sep, 2025",20.99
73ac6d87,2026-05-02,01:45:32,1086940,BALDUR'S GATE 3,27,42172,Adventure,Larian Studios,"Aug 3, 2023",59.99
46351407,2026-05-02,01:45:32,1973530,LIMBUS COMPANY,28,40803,Other,ProjectMoon,"26 Feb, 2023",0.0
a74ed026,2026-05-02,01:45:32,236390,WAR THUNDER,29,41384,Action,Gaijin Entertainment,"Aug 15, 2013",0.0
69781df8,2026-05-02,01:45:32,1938090,CALL OF DUTY®,30,39775,Action,Treyarch,"Oct 27, 2022",0.0
4ab65068,2026-05-02,01:45:32,221100,DAYZ,31,36773,Action,Bohemia Interactive,"Dec 13, 2018",49.99
52adcc33,2026-05-02,01:45:32,240,COUNTER-STRIKE: SOURCE,32,36219,Action,Valve,"1 Nov, 2004",5.79
bb26fae4,2026-05-02,01:45:32,2807960,BATTLEFIELD™ 6,33,36541,Action,Battlefield Studios,"10 Oct, 2025",41.99
7cd35748,2026-05-02,01:45:32,2344520,DIABLO® IV,34,36007,Action,"Blizzard Entertainment, Inc.","Oct 17, 2023",49.99
64b67693,2026-05-02,01:45:32,3240220,GRAND THEFT AUTO V ENHANCED,35,36067,Action,Rockstar North,"Mar 4, 2025",19.79
f3aef1b4,2026-05-02,01:45:32,4465480,COUNTER-STRIKE:GLOBAL OFFENSIVE,36,34242,Action,Valve,"Aug 21, 2012",0.0
c71ca84b,2026-05-02,01:45:32,1366800,CROSSHAIR X,37,34385,Action,CenterPoint Gaming,"Aug 17, 2020",9.99
435b3cb1,2026-05-02,01:45:32,550,LEFT 4 DEAD 2,38,33779,Action,Valve,"Nov 16, 2009",9.99
833e4dc2,2026-05-02,01:45:32,3124540,FAR FAR WEST,39,32281,Action,Evil Raptor,"Apr 28, 2026",17.99
57a7ced6,2026-05-02,01:45:32,39210,FINAL FANTASY XIV ONLINE,40,31628,Massively Multiplayer,Square Enix,"Feb 18, 2014",19.99
84b41ed6,2026-05-02,01:45:32,394360,HEARTS OF IRON IV,41,29717,Simulation,Paradox Development Studio,"Jun 6, 2016",49.99
ad23f0d2,2026-05-02,01:45:32,1245620,ELDEN RING,42,29279,Action,"FromSoftware, Inc.","Feb 24, 2022",59.99
7e8dd6ec,2026-05-02,01:45:32,1091500,CYBERPUNK 2077,43,27921,RPG,CD PROJEKT RED,"Dec 9, 2020",20.99
d13f9e99,2026-05-02,01:45:32,108600,PROJECT ZOMBOID,44,26986,Indie,The Indie Stone,"Nov 8, 2013",19.99
ec1ea42f,2026-05-02,01:45:32,289070,SID MEIER’S CIVILIZATION® VI,45,26215,Strategy,Firaxis Games,"Oct 21, 2016",59.99
5111ce65,2026-05-02,01:45:32,3241660,R.E.P.O.,46,25309,Action,semiwork,"Feb 26, 2025",9.99
6b29b865,2026-05-02,01:45:32,218620,PAYDAY 2,47,25359,Action,OVERKILL - a Starbreeze Studio.,"Aug 13, 2013",9.99
04119c10,2026-05-02,01:45:32,294100,RIMWORLD,48,24626,Indie,Ludeon Studios,"Oct 17, 2018",34.99
357a950c,2026-05-02,01:45:32,1222670,THE SIMS™ 4,49,24327,Adventure,Maxis,"Jun 18, 2020",0.0
066ce6ac,2026-05-02,01:45:32,105600,TERRARIA,50,23156,Action,Re-Logic,"May 16, 2011",9.99
4252b98a,2026-05-02,01:45:32,489830,THE ELDER SCROLLS V: SKYRIM SPECIAL EDITION,51,22444,RPG,Bethesda Game Studios,"Oct 27, 2016",39.99
c1d78a19,2026-05-02,01:45:32,252950,ROCKET LEAGUE®,52,21981,Action,Psyonix LLC,"Jul 7, 2015",0.0
965776b2,2026-05-02,01:45:32,4000,GARRY'S MOD,53,21297,Casual,Facepunch Studios,"Nov 29, 2006",4.99
ecdcd2c4,2026-05-02,01:45:32,1174180,RED DEAD REDEMPTION 2,54,21352,Action,Rockstar Games,"Dec 5, 2019",59.99
4543f139,2026-05-02,01:45:32,3472040,NBA 2K26,55,21035,Sports,Visual Concepts,"Sep 4, 2025",19.99
4707084c,2026-05-02,01:45:32,2399830,ARK: SURVIVAL ASCENDED,56,20344,Action,Studio Wildcard,"Oct 25, 2023",44.99
33c93497,2026-05-02,01:45:32,582660,BLACK DESERT,57,20252,Action,Pearl Abyss,"May 24, 2017",0.99
e8b6984c,2026-05-02,01:45:32,322330,DON'T STARVE TOGETHER,58,18860,Action,Klei Entertainment,"Apr 21, 2016",14.99
1b41bd66,2026-05-02,01:45:32,251570,7 DAYS TO DIE,59,19377,Action,The Fun Pimps,"Jul 25, 2024",44.99
667cb9f0,2026-05-02,01:45:32,2073620,ARENA BREAKOUT: INFINITE,60,19231,Action,Morefun Studios,"Sep 15, 2025",0.0
ef161684,2026-05-02,01:45:32,3105440,HEROES OF MIGHT AND MAGIC: OLDEN ERA,61,19113,RPG,Unfrozen,"Apr 30, 2026",29.99
2c5d68b3,2026-05-02,01:45:32,1281930,TMODLOADER,62,18660,Action,TML Team,"May 16, 2020",0.0
49f10edb,2026-05-02,01:45:32,892970,VALHEIM,63,18624,Action,Iron Gate AB,"Feb 2, 2021",9.99
ae0fad3f,2026-05-02,01:45:32,3513350,WUTHERING WAVES,64,18650,Action,KURO GAMES,"Apr 28, 2025",0.0
d9ab2930,2026-05-02,01:45:32,284160,BEAMNG.DRIVE,65,18355,Racing,BeamNG,"May 29, 2015",24.99
01bb866c,2026-05-02,01:45:32,1158310,CRUSADER KINGS III,66,18005,RPG,Paradox Development Studio,"Sep 1, 2020",14.99
15b1376a,2026-05-02,01:45:32,3564740,WHERE WINDS MEET,67,17747,Action,Everstone Studio,"14 Nov, 2025",0.0
2eb80abd,2026-05-02,01:45:32,261550,MOUNT & BLADE II: BANNERLORD,68,17693,Action,TaleWorlds Entertainment,"Oct 25, 2022",24.99
324a90ec,2026-05-02,01:45:32,3551340,FOOTBALL MANAGER 26,69,17182,Simulation,Sports Interactive,"Nov 4, 2025",59.99
1223c38a,2026-05-02,01:45:32,526870,SATISFACTORY,70,17384,Adventure,Coffee Stain Studios,"Sep 10, 2024",27.99
47e96001,2026-05-02,01:45:32,3164500,SCHEDULE I,71,17214,Action,TVGS,"Mar 24, 2025",19.99
8afa9363,2026-05-02,01:45:32,1142710,TOTAL WAR: WARHAMMER III,72,17158,Action,CREATIVE ASSEMBLY,"Feb 17, 2022",59.99
0c58aaab,2026-05-02,01:45:32,4128580,BIDKING,73,16372,Casual,MindSurge Network & Games,"Apr 15, 2026",2.99
bb0be790,2026-05-02,01:45:32,3527290,PEAK,74,16762,Action,Team PEAK,"16 Jun, 2025",7.49
b0059760,2026-05-02,01:45:32,227300,EURO TRUCK SIMULATOR 2,75,16496,Indie,SCS Software,"Oct 12, 2012",19.99
e2ecc8b3,2026-05-02,01:45:32,1623730,PALWORLD,76,15817,Action,Pocketpair,"Jan 19, 2024",29.99
17c1a05d,2026-05-02,01:45:32,2300320,FARMING SIMULATOR 25,77,15775,Simulation,GIANTS Software,"Nov 12, 2024",29.99
45663ffa,2026-05-02,01:45:32,250900,THE BINDING OF ISAAC: REBIRTH,78,15821,Action,"Nicalis, Inc.","Nov 4, 2014",14.99
e8f69154,2026-05-02,01:45:32,3065800,MARATHON,79,15668,Action,Bungie,"Mar 5, 2026",31.99
bdffe55a,2026-05-02,01:45:32,1665460,EFOOTBALL™,80,14841,Simulation,KONAMI,"Sep 29, 2021",0.0
0b9fabb2,2026-05-02,01:45:32,3892270,GAMBLE WITH YOUR FRIENDS,81,14465,Adventure,SkyBrave,"1 May, 2026",4.95
1a7f2f47,2026-05-02,01:45:32,346110,ARK: SURVIVAL EVOLVED,82,14845,Action,Studio Wildcard,"Aug 27, 2017",14.99
92bc799d,2026-05-02,01:45:32,281990,STELLARIS,83,14677,Simulation,Paradox Development Studio,"May 9, 2016",39.99
2c6b9b75,2026-05-02,01:45:32,3357650,PRAGMATA,84,14759,Action,"CAPCOM Co., Ltd.","Apr 17, 2026",59.99
86d537a2,2026-05-02,01:45:32,1203620,ENSHROUDED,85,14644,Action,Keen Games GmbH,"Jan 24, 2024",23.99
3145a903,2026-05-02,01:45:32,427520,FACTORIO,86,14661,Casual,Wube Software LTD.,"Aug 14, 2020",35.0
6b67ce3d,2026-05-02,01:45:32,813780,AGE OF EMPIRES II: DEFINITIVE EDITION,87,14533,Strategy,World's Edge,"Nov 14, 2019",12.24
104d8dee,2026-05-02,01:45:32,2622380,ELDEN RING NIGHTREIGN,88,14520,Action,"FromSoftware, Inc.","29 May, 2025",39.99
b604e4dd,2026-05-02,01:45:32,4025700,HEARTOPIA,89,14293,Casual,XD,"16 Jan, 2026",0.0
13fdc6bd,2026-05-02,01:45:32,376210,THE ISLE,90,13873,Action,Afterthought LLC,"Dec 1, 2015",19.99
dcd747f3,2026-05-02,01:45:32,1874880,ARMA REFORGER,91,13776,Action,Bohemia Interactive,"Nov 16, 2023",39.99
d470f0da,2026-05-02,01:45:32,1476970,IDLEON,92,13702,Casual,Lavaflame2,"Nov 6, 2025",0.0
e071c327,2026-05-02,01:45:32,2073850,THE FINALS,93,13668,Action,Embark Studios,"Dec 7, 2023",0.0
01948cd2,2026-05-02,01:45:32,1364780,STREET FIGHTER™ 6,94,13564,Action,"CAPCOM Co., Ltd.","Jun 1, 2023",19.99
5ba1efd9,2026-05-02,01:45:32,1905180,OBS STUDIO,95,13487,Utilities,OBS Project,"Mar 21, 2022",0.0
4add2a1b,2026-05-02,01:45:32,3265700,VAMPIRE CRAWLERS: THE TURBO WILDCARD FROM VAMPIRE SURVIVORS,96,13288,Action,poncle,"Apr 21, 2026",9.99
95d5ec1d,2026-05-02,01:45:32,8930,SID MEIER'S CIVILIZATION® V,97,13100,Strategy,Firaxis Games,"Sep 21, 2010",29.99
bf1f389f,2026-05-02,01:45:32,304930,UNTURNED,98,12907,Action,Smartly Dressed Games,"Jul 7, 2017",0.0
df39e4a7,2026-05-02,01:45:32,291550,BRAWLHALLA,99,12611,Action,Blue Mammoth Games,"Oct 17, 2017",0.0
d78d4887,2026-05-02,01:45:32,1623660,MIR4,100,12398,Action,Wemade Next,"Aug 25, 2021",0.0
2c75e56c,2026-05-02,01:45:32,306130,THE ELDER SCROLLS® ONLINE,,11704,Action,ZeniMax Online Studios,"May 22, 2017",19.99
f9684bf0,2026-05-02,01:45:32,2584990,SHADOWVERSE: WORLDS BEYOND,,8677,Casual,"Cygames, Inc.","Jun 14, 2025",0.0
7a298a99,2026-05-02,01:45:32,2479810,GRAY ZONE WARFARE,,10811,Action,"MADFINGER Games, a.s.","Apr 30, 2024",39.99
56a8bd8f,2026-05-02,01:45:32,629520,SOUNDPAD,,11394,Audio Production,Leppsoft,"Sep 30, 2017",4.99
c9bd208b,2026-05-02,01:45:32,377160,FALLOUT 4,,12057,RPG,Bethesda Game Studios,"Nov 9, 2015",19.99
f29a4449,2026-05-02,01:45:32,2646460,SOULMASK,,10234,Adventure,CampFire Studio,"Apr 9, 2026",29.99
28123f2a,2026-05-02,01:45:32,3679080,THE SEVEN DEADLY SINS: ORIGIN,,8206,Action,Netmarble F&C,"Mar 16, 2026",0.0
a3da095d,2026-05-02,01:45:32,3224770,UMAMUSUME: PRETTY DERBY,,9410,Simulation,"Cygames, Inc.","24 Jun, 2025",0.0
82c42807,2026-05-02,01:45:32,1144200,READY OR NOT,,11197,Action,VOID Interactive,"Dec 13, 2023",24.99
925dfb49,2026-05-02,01:45:32,275850,NO MAN'S SKY,,10145,Action,Hello Games,"Aug 12, 2016",59.99
92265cb3,2026-05-02,01:45:32,1716740,STARFIELD,,10304,RPG,Bethesda Game Studios,"Sep 5, 2023",49.99
6db7bc21,2026-05-02,01:45:32,739630,PHASMOPHOBIA,,11899,Action,Kinetic Games,"Sep 18, 2020",19.99
15bc3d7c,2026-05-02,01:45:32,960090,BLOONS TD 6,,11417,Strategy,Ninja Kiwi,"Dec 17, 2018",13.99
333b9f14,2026-05-02,01:45:32,1203220,NARAKA: BLADEPOINT,,11761,Action,24 Entertainment,"11 Aug, 2021",0.0
f6c8c6cc,2026-05-02,01:45:32,1449850,YU-GI-OH! MASTER DUEL,,11432,Simulation,KONAMI,"18 Jan, 2022",0.0
d98dc570,2026-05-02,01:45:32,2252570,FOOTBALL MANAGER 2024,,10500,Simulation,Sports Interactive,"Nov 6, 2023",0.0
a6a88ba6,2026-05-02,01:45:32,594650,HUNT: SHOWDOWN 1896,,10036,Action,Crytek,"Aug 27, 2019",13.49
f868bd62,2026-05-02,01:45:32,2923300,BANANA,,8728,Adventure,Sky,"Apr 23, 2024",0.0
e9c18ad9,2026-05-02,01:45:32,238960,PATH OF EXILE,,9692,Action,Grinding Gear Games,"23 Oct, 2013",0.0
f5d2d9a5,2026-05-02,01:45:32,220200,KERBAL SPACE PROGRAM,,12177,Indie,Squad,"Apr 27, 2015",39.99
03e7401c,2026-05-02,01:45:32,552990,WORLD OF WARSHIPS,,8645,Action,Wargaming Group Limited,"Nov 15, 2017",0.0
9144ff19,2026-05-02,01:45:32,1974050,TORCHLIGHT: INFINITE,,7238,Action,XD,"May 9, 2023",0.0
9b643d92,2026-05-03,01:48:59,730,COUNTER-STRIKE 2,1,651738,Action,Valve,"21 Aug, 2012",0.0
f1431c75,2026-05-03,01:48:59,570,DOTA 2,2,333797,Action,Valve,"Jul 9, 2013",0.0
489c8d13,2026-05-03,01:48:59,2676230,FIVEM,3,138551,Other,,,0.0
57d10984,2026-05-03,01:48:59,578080,PUBG: BATTLEGROUNDS,4,134650,Action,PUBG Corporation,"21 Dec, 2017",0.0
e5cb6ef5,2026-05-03,01:48:59,2868840,SLAY THE SPIRE 2,5,111476,Indie,Mega Crit,"Mar 5, 2026",24.99
3e98564e,2026-05-03,01:48:59,3419430,BONGO CAT,6,106941,Casual,Marcel Zurawka,"Mar 5, 2025",0.0
c989e6e9,2026-05-03,01:48:59,3041230,WINDROSE,7,99389,Action,Kraken Express,"Apr 14, 2026",29.99
c430390b,2026-05-03,01:48:59,2767030,MARVEL RIVALS,8,95239,Action,NetEase Games,"5 Dec, 2024",0.0
f989dfb7,2026-05-03,01:48:59,252490,RUST,9,85723,Action,Facepunch Studios,"Feb 8, 2018",39.99
f35b03dc,2026-05-03,01:48:59,1808500,ARC RAIDERS,10,83116,Action,Embark Studios,"30 Oct, 2025",39.99
4100d0a4,2026-05-03,01:48:59,1172470,APEX LEGENDS™,11,80625,Action,Respawn,"4 Nov, 2020",0.0
82d3feff,2026-05-03,01:48:59,359550,TOM CLANCY'S RAINBOW SIX SIEGE,12,81916,Action,Ubisoft Montreal,"Dec 1, 2015",0.0
8e4e38e1,2026-05-03,01:48:59,3321460,CRIMSON DESERT,13,66876,Action,Pearl Abyss,"Mar 19, 2026",69.99
61e73207,2026-05-03,01:48:59,1422450,DEADLOCK,14,0,Action,Valve,To be announced,0.0
45a422e4,2026-05-03,01:48:59,2507950,DELTA FORCE,15,62055,Action,Team Jade,"4 Dec, 2024",0.0
6403d5a2,2026-05-03,01:48:59,431960,WALLPAPER ENGINE,16,61006,Casual,Wallpaper Engine Team,"Nov 16, 2018",4.99
c5b424f4,2026-05-03,01:48:59,322170,GEOMETRY DASH,17,60212,Action,RobTop Games,"Dec 22, 2014",4.99
25c7e30c,2026-05-03,01:48:59,2357570,OVERWATCH®,18,59331,Action,"Blizzard Entertainment, Inc.","Aug 10, 2023",0.0
01f9fbab,2026-05-03,01:48:59,230410,WARFRAME,19,59614,Action,Digital Extremes,"25 Mar, 2013",0.0
d98c49ee,2026-05-03,01:48:59,381210,DEAD BY DAYLIGHT,20,55844,Action,Behaviour Interactive Inc.,"Jun 14, 2016",7.99
52492286,2026-05-03,01:48:59,438100,VRCHAT,21,54607,Adventure,VRChat Inc.,"1 Feb, 2017",0.0
4c4610a5,2026-05-03,01:48:59,271590,GRAND THEFT AUTO V LEGACY,22,52390,Action,Rockstar North,"Apr 13, 2015",0.0
cb35ee0c,2026-05-03,01:48:59,413150,STARDEW VALLEY,23,51047,Indie,ConcernedApe,"Feb 26, 2016",14.99
a03ae62e,2026-05-03,01:48:59,440,TEAM FORTRESS 2,24,48852,Action,Valve,"Oct 10, 2007",0.0
64ce8012,2026-05-03,01:48:59,553850,HELLDIVERS™ 2,25,47045,Action,Arrowhead Game Studios,"8 Feb, 2024",39.99
75c52db2,2026-05-03,01:48:59,1086940,BALDUR'S GATE 3,26,46950,Adventure,Larian Studios,"Aug 3, 2023",59.99
93f99bc8,2026-05-03,01:48:59,236390,WAR THUNDER,27,41538,Action,Gaijin Entertainment,"Aug 15, 2013",0.0
43ed80da,2026-05-03,01:48:59,3405690,EA SPORTS FC™ 26,28,40692,Simulation,EA Canada,"25 Sep, 2025",20.99
28463746,2026-05-03,01:48:59,1938090,CALL OF DUTY®,29,39424,Action,Treyarch,"Oct 27, 2022",0.0
3e8c7c48,2026-05-03,01:48:59,2344520,DIABLO® IV,30,38812,Action,"Blizzard Entertainment, Inc.","Oct 17, 2023",49.99
4efe8047,2026-05-03,01:48:59,221100,DAYZ,31,38886,Action,Bohemia Interactive,"Dec 13, 2018",49.99
7cf98d25,2026-05-03,01:48:59,2807960,BATTLEFIELD™ 6,32,36435,Action,Battlefield Studios,"10 Oct, 2025",41.99
0820d7c9,2026-05-03,01:48:59,240,COUNTER-STRIKE: SOURCE,33,29777,Action,Valve,"1 Nov, 2004",5.79
d393e3b9,2026-05-03,01:48:59,1973530,LIMBUS COMPANY,34,36872,Other,ProjectMoon,"26 Feb, 2023",0.0
8e9cfdf1,2026-05-03,01:48:59,3240220,GRAND THEFT AUTO V ENHANCED,35,36509,Action,Rockstar North,"Mar 4, 2025",19.79
16f7782e,2026-05-03,01:48:59,1366800,CROSSHAIR X,36,35544,Action,CenterPoint Gaming,"Aug 17, 2020",9.99
6d6f6a37,2026-05-03,01:48:59,3124540,FAR FAR WEST,37,35392,Action,Evil Raptor,"Apr 28, 2026",17.99
19ee312d,2026-05-03,01:48:59,550,LEFT 4 DEAD 2,38,33275,Action,Valve,"Nov 16, 2009",9.99
e4deb1bc,2026-05-03,01:48:59,39210,FINAL FANTASY XIV ONLINE,39,32618,Massively Multiplayer,Square Enix,"Feb 18, 2014",19.99
4af100dc,2026-05-03,01:48:59,1245620,ELDEN RING,40,31221,Action,"FromSoftware, Inc.","Feb 24, 2022",59.99
e4c9f9f0,2026-05-03,01:48:59,394360,HEARTS OF IRON IV,41,30896,Simulation,Paradox Development Studio,"Jun 6, 2016",49.99
c89cb098,2026-05-03,01:48:59,1091500,CYBERPUNK 2077,42,30481,RPG,CD PROJEKT RED,"Dec 9, 2020",20.99
47e8d715,2026-05-03,01:48:59,289070,SID MEIER’S CIVILIZATION® VI,43,28149,Strategy,Firaxis Games,"Oct 21, 2016",59.99
cb5292c5,2026-05-03,01:48:59,4465480,COUNTER-STRIKE:GLOBAL OFFENSIVE,44,27914,Action,Valve,"Aug 21, 2012",0.0
243939b0,2026-05-03,01:48:59,108600,PROJECT ZOMBOID,45,27678,Indie,The Indie Stone,"Nov 8, 2013",19.99
5b4f3be1,2026-05-03,01:48:59,3241660,R.E.P.O.,46,25867,Action,semiwork,"Feb 26, 2025",9.99
bda529cf,2026-05-03,01:48:59,294100,RIMWORLD,47,25935,Indie,Ludeon Studios,"Oct 17, 2018",34.99
852a91e4,2026-05-03,01:48:59,1222670,THE SIMS™ 4,48,25860,Adventure,Maxis,"Jun 18, 2020",0.0
8877e68a,2026-05-03,01:48:59,2399830,ARK: SURVIVAL ASCENDED,49,24703,Action,Studio Wildcard,"Oct 25, 2023",44.99
97fd5916,2026-05-03,01:48:59,218620,PAYDAY 2,50,24594,Action,OVERKILL - a Starbreeze Studio.,"Aug 13, 2013",9.99
25a9de2a,2026-05-03,01:48:59,105600,TERRARIA,51,24515,Action,Re-Logic,"May 16, 2011",9.99
0ba292a9,2026-05-03,01:48:59,489830,THE ELDER SCROLLS V: SKYRIM SPECIAL EDITION,52,24407,RPG,Bethesda Game Studios,"Oct 27, 2016",39.99
1f0ea412,2026-05-03,01:48:59,3892270,GAMBLE WITH YOUR FRIENDS,53,22472,Adventure,SkyBrave,"1 May, 2026",4.95
28e1db37,2026-05-03,01:48:59,304930,UNTURNED,54,22715,Action,Smartly Dressed Games,"Jul 7, 2017",0.0
48cf3ee0,2026-05-03,01:48:59,1174180,RED DEAD REDEMPTION 2,55,22405,Action,Rockstar Games,"Dec 5, 2019",59.99
24ecd3f8,2026-05-03,01:48:59,4000,GARRY'S MOD,56,22281,Casual,Facepunch Studios,"Nov 29, 2006",4.99
9658497e,2026-05-03,01:48:59,251570,7 DAYS TO DIE,57,20973,Action,The Fun Pimps,"Jul 25, 2024",44.99
fecd91d3,2026-05-03,01:48:59,3105440,HEROES OF MIGHT AND MAGIC: OLDEN ERA,58,20802,RPG,Unfrozen,"Apr 30, 2026",29.99
e1d28783,2026-05-03,01:48:59,582660,BLACK DESERT,59,20479,Action,Pearl Abyss,"May 24, 2017",0.99
46dc8aa4,2026-05-03,01:48:59,3472040,NBA 2K26,60,20476,Sports,Visual Concepts,"Sep 4, 2025",19.99
1091bc5e,2026-05-03,01:48:59,252950,ROCKET LEAGUE®,61,20115,Action,Psyonix LLC,"Jul 7, 2015",0.0
6b850a3e,2026-05-03,01:48:59,892970,VALHEIM,62,19862,Action,Iron Gate AB,"Feb 2, 2021",9.99
9f1784be,2026-05-03,01:48:59,1281930,TMODLOADER,63,19518,Action,TML Team,"May 16, 2020",0.0
b40f7ffd,2026-05-03,01:48:59,1158310,CRUSADER KINGS III,64,19521,RPG,Paradox Development Studio,"Sep 1, 2020",14.99
e6e40437,2026-05-03,01:48:59,3164500,SCHEDULE I,65,19415,Action,TVGS,"Mar 24, 2025",19.99
80fda92a,2026-05-03,01:48:59,2073620,ARENA BREAKOUT: INFINITE,66,19159,Action,Morefun Studios,"Sep 15, 2025",0.0
b2be4e28,2026-05-03,01:48:59,813780,AGE OF EMPIRES II: DEFINITIVE EDITION,67,18960,Strategy,World's Edge,"Nov 14, 2019",12.24
3791d6a0,2026-05-03,01:48:59,284160,BEAMNG.DRIVE,68,19154,Racing,BeamNG,"May 29, 2015",24.99
fe683863,2026-05-03,01:48:59,1142710,TOTAL WAR: WARHAMMER III,69,18777,Action,CREATIVE ASSEMBLY,"Feb 17, 2022",59.99
64ecba6e,2026-05-03,01:48:59,3564740,WHERE WINDS MEET,70,18556,Action,Everstone Studio,"14 Nov, 2025",0.0
cdd65b6c,2026-05-03,01:48:59,526870,SATISFACTORY,71,18459,Adventure,Coffee Stain Studios,"Sep 10, 2024",27.99
4ab0fb3b,2026-05-03,01:48:59,261550,MOUNT & BLADE II: BANNERLORD,72,18256,Action,TaleWorlds Entertainment,"Oct 25, 2022",24.99
42ba4072,2026-05-03,01:48:59,322330,DON'T STARVE TOGETHER,73,17894,Action,Klei Entertainment,"Apr 21, 2016",14.99
3dba5e42,2026-05-03,01:48:59,3551340,FOOTBALL MANAGER 26,74,17870,Simulation,Sports Interactive,"Nov 4, 2025",59.99
99f674b4,2026-05-03,01:48:59,1623730,PALWORLD,75,17466,Action,Pocketpair,"Jan 19, 2024",29.99
0df54815,2026-05-03,01:48:59,3513350,WUTHERING WAVES,76,17287,Action,KURO GAMES,"Apr 28, 2025",0.0
e5bc00d2,2026-05-03,01:48:59,2300320,FARMING SIMULATOR 25,77,17015,Simulation,GIANTS Software,"Nov 12, 2024",29.99
5961cbd6,2026-05-03,01:48:59,3527290,PEAK,78,16680,Action,Team PEAK,"16 Jun, 2025",7.49
8dfeccf0,2026-05-03,01:48:59,4128580,BIDKING,79,16829,Casual,MindSurge Network & Games,"Apr 15, 2026",2.99
73a30f57,2026-05-03,01:48:59,281990,STELLARIS,80,16757,Simulation,Paradox Development Studio,"May 9, 2016",39.99
5d3d9c21,2026-05-03,01:48:59,227300,EURO TRUCK SIMULATOR 2,81,16671,Indie,SCS Software,"Oct 12, 2012",19.99
7dcf7aa0,2026-05-03,01:48:59,1203620,ENSHROUDED,82,16137,Action,Keen Games GmbH,"Jan 24, 2024",23.99
e30049cf,2026-05-03,01:48:59,250900,THE BINDING OF ISAAC: REBIRTH,83,16082,Action,"Nicalis, Inc.","Nov 4, 2014",14.99
406712a6,2026-05-03,01:48:59,427520,FACTORIO,84,15963,Casual,Wube Software LTD.,"Aug 14, 2020",35.0
c190deef,2026-05-03,01:48:59,346110,ARK: SURVIVAL EVOLVED,85,15655,Action,Studio Wildcard,"Aug 27, 2017",14.99
b17e94e6,2026-05-03,01:48:59,3357650,PRAGMATA,86,15128,Action,"CAPCOM Co., Ltd.","Apr 17, 2026",59.99
8016c8c6,2026-05-03,01:48:59,3065800,MARATHON,87,14775,Action,Bungie,"Mar 5, 2026",31.99
e19338f1,2026-05-03,01:48:59,1874880,ARMA REFORGER,88,14829,Action,Bohemia Interactive,"Nov 16, 2023",39.99
492b8a22,2026-05-03,01:48:59,376210,THE ISLE,89,14812,Action,Afterthought LLC,"Dec 1, 2015",19.99
b966cc08,2026-05-03,01:48:59,2622380,ELDEN RING NIGHTREIGN,90,14610,Action,"FromSoftware, Inc.","29 May, 2025",39.99
0e1b4587,2026-05-03,01:48:59,4025700,HEARTOPIA,91,13893,Casual,XD,"16 Jan, 2026",0.0
282e8795,2026-05-03,01:48:59,8930,SID MEIER'S CIVILIZATION® V,92,13900,Strategy,Firaxis Games,"Sep 21, 2010",29.99
e88bbe34,2026-05-03,01:48:59,2073850,THE FINALS,93,13450,Action,Embark Studios,"Dec 7, 2023",0.0
91d9338e,2026-05-03,01:48:59,1364780,STREET FIGHTER™ 6,94,13025,Action,"CAPCOM Co., Ltd.","Jun 1, 2023",19.99
4b05857c,2026-05-03,01:48:59,1665460,EFOOTBALL™,95,13339,Simulation,KONAMI,"Sep 29, 2021",0.0
845623ac,2026-05-03,01:48:59,1905180,OBS STUDIO,96,13264,Utilities,OBS Project,"Mar 21, 2022",0.0
32a92423,2026-05-03,01:48:59,1476970,IDLEON,97,13264,Casual,Lavaflame2,"Nov 6, 2025",0.0
9d4e5fe4,2026-05-03,01:48:59,377160,FALLOUT 4,98,13014,RPG,Bethesda Game Studios,"Nov 9, 2015",19.99
20f0bf8d,2026-05-03,01:48:59,739630,PHASMOPHOBIA,99,12857,Action,Kinetic Games,"Sep 18, 2020",19.99
1c207006,2026-05-03,01:48:59,3265700,VAMPIRE CRAWLERS: THE TURBO WILDCARD FROM VAMPIRE SURVIVORS,100,12679,Action,poncle,"Apr 21, 2026",9.99
82f6338f,2026-05-03,01:48:59,220200,KERBAL SPACE PROGRAM,,12424,Indie,Squad,"Apr 27, 2015",39.99
33f6bfba,2026-05-03,01:48:59,629520,SOUNDPAD,,11702,Audio Production,Leppsoft,"Sep 30, 2017",4.99
dfcd36a3,2026-05-03,01:48:59,2923300,BANANA,,5746,Adventure,Sky,"Apr 23, 2024",0.0
71374160,2026-05-03,01:48:59,960090,BLOONS TD 6,,11835,Strategy,Ninja Kiwi,"Dec 17, 2018",13.99
f926085d,2026-05-03,01:48:59,238960,PATH OF EXILE,,9536,Action,Grinding Gear Games,"23 Oct, 2013",0.0
45e687e7,2026-05-03,01:48:59,1974050,TORCHLIGHT: INFINITE,,6986,Action,XD,"May 9, 2023",0.0
07c169e1,2026-05-03,01:48:59,291550,BRAWLHALLA,,12558,Action,Blue Mammoth Games,"Oct 17, 2017",0.0
aca3c685,2026-05-03,01:48:59,1144200,READY OR NOT,,11282,Action,VOID Interactive,"Dec 13, 2023",24.99
539f28d3,2026-05-03,01:48:59,3679080,THE SEVEN DEADLY SINS: ORIGIN,,7689,Action,Netmarble F&C,"Mar 16, 2026",0.0
e9cf18d3,2026-05-03,01:48:59,1203220,NARAKA: BLADEPOINT,,10647,Action,24 Entertainment,"11 Aug, 2021",0.0
15becdd8,2026-05-03,01:48:59,552990,WORLD OF WARSHIPS,,6710,Action,Wargaming Group Limited,"Nov 15, 2017",0.0
7acdc19a,2026-05-03,01:48:59,2646460,SOULMASK,,10531,Adventure,CampFire Studio,"Apr 9, 2026",29.99
12cf4530,2026-05-03,01:48:59,594650,HUNT: SHOWDOWN 1896,,9831,Action,Crytek,"Aug 27, 2019",13.49
343e40e4,2026-05-03,01:48:59,306130,THE ELDER SCROLLS® ONLINE,,12178,Action,ZeniMax Online Studios,"May 22, 2017",19.99
a1d45950,2026-05-03,01:48:59,2584990,SHADOWVERSE: WORLDS BEYOND,,8521,Casual,"Cygames, Inc.","Jun 14, 2025",0.0
3f754a51,2026-05-03,01:48:59,3224770,UMAMUSUME: PRETTY DERBY,,9195,Simulation,"Cygames, Inc.","24 Jun, 2025",0.0
a7d7d903,2026-05-03,01:48:59,2252570,FOOTBALL MANAGER 2024,,10689,Simulation,Sports Interactive,"Nov 6, 2023",0.0
85092866,2026-05-03,01:48:59,1716740,STARFIELD,,11341,RPG,Bethesda Game Studios,"Sep 5, 2023",49.99
02dbb160,2026-05-03,01:48:59,1449850,YU-GI-OH! MASTER DUEL,,11294,Simulation,KONAMI,"18 Jan, 2022",0.0
007fb2fe,2026-05-03,01:48:59,275850,NO MAN'S SKY,,10746,Action,Hello Games,"Aug 12, 2016",59.99
23e39620,2026-05-03,01:48:59,2479810,GRAY ZONE WARFARE,,11415,Action,"MADFINGER Games, a.s.","Apr 30, 2024",39.99
fa331cd3,2026-05-03,01:48:59,1623660,MIR4,,12417,Action,Wemade Next,"Aug 25, 2021",0.0
9e8e7b12,2026-05-04,01:49:06,730,COUNTER-STRIKE 2,1,629353,Action,Valve,"21 Aug, 2012",0.0
14551433,2026-05-04,01:49:06,570,DOTA 2,2,320890,Action,Valve,"Jul 9, 2013",0.0
e1bc9844,2026-05-04,01:49:06,2676230,FIVEM,3,130315,Other,,,0.0
bba0ef35,2026-05-04,01:49:06,578080,PUBG: BATTLEGROUNDS,4,122696,Action,PUBG Corporation,"21 Dec, 2017",0.0
47e82192,2026-05-04,01:49:06,2868840,SLAY THE SPIRE 2,5,114208,Indie,Mega Crit,"Mar 5, 2026",24.99
95bdd4de,2026-05-04,01:49:06,3419430,BONGO CAT,6,113338,Casual,Marcel Zurawka,"Mar 5, 2025",0.0
43e77059,2026-05-04,01:49:06,2767030,MARVEL RIVALS,7,95721,Action,NetEase Games,"5 Dec, 2024",0.0
bd3d9ace,2026-05-04,01:49:06,3041230,WINDROSE,8,89964,Action,Kraken Express,"Apr 14, 2026",29.99
d0dc1b30,2026-05-04,01:49:06,1172470,APEX LEGENDS™,9,84485,Action,Respawn,"4 Nov, 2020",0.0
1b66cec9,2026-05-04,01:49:06,359550,TOM CLANCY'S RAINBOW SIX SIEGE,10,83624,Action,Ubisoft Montreal,"Dec 1, 2015",0.0
52bf2b26,2026-05-04,01:49:06,1808500,ARC RAIDERS,11,83290,Action,Embark Studios,"30 Oct, 2025",39.99
7d0f12c8,2026-05-04,01:49:06,252490,RUST,12,68700,Action,Facepunch Studios,"Feb 8, 2018",39.99
d5b2472c,2026-05-04,01:49:06,1422450,DEADLOCK,13,0,Action,Valve,To be announced,0.0
a37bdeaf,2026-05-04,01:49:06,230410,WARFRAME,14,62253,Action,Digital Extremes,"25 Mar, 2013",0.0
20e1e41f,2026-05-04,01:49:06,2357570,OVERWATCH®,15,61924,Action,"Blizzard Entertainment, Inc.","Aug 10, 2023",0.0
c885eb91,2026-05-04,01:49:06,2507950,DELTA FORCE,16,59959,Action,Team Jade,"4 Dec, 2024",0.0
19470669,2026-05-04,01:49:06,3321460,CRIMSON DESERT,17,61394,Action,Pearl Abyss,"Mar 19, 2026",69.99
e6b53d6f,2026-05-04,01:49:06,431960,WALLPAPER ENGINE,18,60367,Casual,Wallpaper Engine Team,"Nov 16, 2018",4.99
b3785270,2026-05-04,01:49:06,381210,DEAD BY DAYLIGHT,19,54806,Action,Behaviour Interactive Inc.,"Jun 14, 2016",7.99
03e2caa1,2026-05-04,01:49:06,413150,STARDEW VALLEY,20,51957,Indie,ConcernedApe,"Feb 26, 2016",14.99
99e51a3a,2026-05-04,01:49:06,322170,GEOMETRY DASH,21,51388,Action,RobTop Games,"Dec 22, 2014",4.99
bc3566dd,2026-05-04,01:49:06,552990,WORLD OF WARSHIPS,22,49556,Action,Wargaming Group Limited,"Nov 15, 2017",0.0
bca7d15f,2026-05-04,01:49:06,438100,VRCHAT,23,48954,Adventure,VRChat Inc.,"1 Feb, 2017",0.0
001643f6,2026-05-04,01:49:06,440,TEAM FORTRESS 2,24,48876,Action,Valve,"Oct 10, 2007",0.0
1c175fb4,2026-05-04,01:49:06,1086940,BALDUR'S GATE 3,25,48398,Adventure,Larian Studios,"Aug 3, 2023",59.99
9f63a671,2026-05-04,01:49:06,271590,GRAND THEFT AUTO V LEGACY,26,47125,Action,Rockstar North,"Apr 13, 2015",0.0
f3aeb948,2026-05-04,01:49:06,553850,HELLDIVERS™ 2,27,43175,Action,Arrowhead Game Studios,"8 Feb, 2024",39.99
d7267470,2026-05-04,01:49:06,1938090,CALL OF DUTY®,28,39109,Action,Treyarch,"Oct 27, 2022",0.0
cbf66a99,2026-05-04,01:49:06,236390,WAR THUNDER,29,38883,Action,Gaijin Entertainment,"Aug 15, 2013",0.0
63b8fa6e,2026-05-04,01:49:06,3405690,EA SPORTS FC™ 26,30,39000,Simulation,EA Canada,"25 Sep, 2025",20.99
99d68c2d,2026-05-04,01:49:06,3124540,FAR FAR WEST,31,37103,Action,Evil Raptor,"Apr 28, 2026",17.99
401d0e85,2026-05-04,01:49:06,2344520,DIABLO® IV,32,36908,Action,"Blizzard Entertainment, Inc.","Oct 17, 2023",49.99
fa552e20,2026-05-04,01:49:06,240,COUNTER-STRIKE: SOURCE,33,36357,Action,Valve,"1 Nov, 2004",5.79
d4897c3b,2026-05-04,01:49:06,2807960,BATTLEFIELD™ 6,34,36189,Action,Battlefield Studios,"10 Oct, 2025",41.99
6c191895,2026-05-04,01:49:06,3240220,GRAND THEFT AUTO V ENHANCED,35,34596,Action,Rockstar North,"Mar 4, 2025",19.79
758b91c5,2026-05-04,01:49:06,221100,DAYZ,36,34248,Action,Bohemia Interactive,"Dec 13, 2018",49.99
4b103b29,2026-05-04,01:49:06,1366800,CROSSHAIR X,37,34400,Action,CenterPoint Gaming,"Aug 17, 2020",9.99
275712bd,2026-05-04,01:49:06,3892270,GAMBLE WITH YOUR FRIENDS,38,32877,Adventure,SkyBrave,"1 May, 2026",4.95
44275b1a,2026-05-04,01:49:06,39210,FINAL FANTASY XIV ONLINE,39,32114,Massively Multiplayer,Square Enix,"Feb 18, 2014",19.99
8153dd1e,2026-05-04,01:49:06,550,LEFT 4 DEAD 2,40,32165,Action,Valve,"Nov 16, 2009",9.99
0ddb9864,2026-05-04,01:49:06,4465480,COUNTER-STRIKE:GLOBAL OFFENSIVE,41,31937,Action,Valve,"Aug 21, 2012",0.0
d9f095d7,2026-05-04,01:49:06,1973530,LIMBUS COMPANY,42,31215,Other,ProjectMoon,"26 Feb, 2023",0.0
90464a34,2026-05-04,01:49:06,1245620,ELDEN RING,43,30548,Action,"FromSoftware, Inc.","Feb 24, 2022",59.99
bab95948,2026-05-04,01:49:06,1091500,CYBERPUNK 2077,44,29719,RPG,CD PROJEKT RED,"Dec 9, 2020",20.99
671270ea,2026-05-04,01:49:06,289070,SID MEIER’S CIVILIZATION® VI,45,27378,Strategy,Firaxis Games,"Oct 21, 2016",59.99
9df4a900,2026-05-04,01:49:06,108600,PROJECT ZOMBOID,46,27288,Indie,The Indie Stone,"Nov 8, 2013",19.99
9f4132bd,2026-05-04,01:49:06,394360,HEARTS OF IRON IV,47,27214,Simulation,Paradox Development Studio,"Jun 6, 2016",49.99
fd92147e,2026-05-04,01:49:06,218620,PAYDAY 2,48,26459,Action,OVERKILL - a Starbreeze Studio.,"Aug 13, 2013",9.99
207aa64c,2026-05-04,01:49:06,294100,RIMWORLD,49,25491,Indie,Ludeon Studios,"Oct 17, 2018",34.99
06bebf8e,2026-05-04,01:49:06,3241660,R.E.P.O.,50,25153,Action,semiwork,"Feb 26, 2025",9.99
508b59e0,2026-05-04,01:49:06,1222670,THE SIMS™ 4,51,25166,Adventure,Maxis,"Jun 18, 2020",0.0
8a07326b,2026-05-04,01:49:06,489830,THE ELDER SCROLLS V: SKYRIM SPECIAL EDITION,52,24579,RPG,Bethesda Game Studios,"Oct 27, 2016",39.99
8c953c53,2026-05-04,01:49:06,2399830,ARK: SURVIVAL ASCENDED,53,24028,Action,Studio Wildcard,"Oct 25, 2023",44.99
3cbac6a2,2026-05-04,01:49:06,105600,TERRARIA,54,23176,Action,Re-Logic,"May 16, 2011",9.99
2a7ddd96,2026-05-04,01:49:06,1174180,RED DEAD REDEMPTION 2,55,21128,Action,Rockstar Games,"Dec 5, 2019",59.99
5922b8cc,2026-05-04,01:49:06,304930,UNTURNED,56,21026,Action,Smartly Dressed Games,"Jul 7, 2017",0.0
77e02862,2026-05-04,01:49:06,3472040,NBA 2K26,57,20323,Sports,Visual Concepts,"Sep 4, 2025",19.99
0a2ee938,2026-05-04,01:49:06,251570,7 DAYS TO DIE,58,20218,Action,The Fun Pimps,"Jul 25, 2024",44.99
86bb3fce,2026-05-04,01:49:06,252950,ROCKET LEAGUE®,59,20130,Action,Psyonix LLC,"Jul 7, 2015",0.0
c9df1e70,2026-05-04,01:49:06,582660,BLACK DESERT,60,19724,Action,Pearl Abyss,"May 24, 2017",0.99
55ba5089,2026-05-04,01:49:06,3164500,SCHEDULE I,61,19729,Action,TVGS,"Mar 24, 2025",19.99
b2a09eea,2026-05-04,01:49:06,4000,GARRY'S MOD,62,19482,Casual,Facepunch Studios,"Nov 29, 2006",4.99
576f0a48,2026-05-04,01:49:06,1281930,TMODLOADER,63,19361,Action,TML Team,"May 16, 2020",0.0
32a9870f,2026-05-04,01:49:06,892970,VALHEIM,64,19388,Action,Iron Gate AB,"Feb 2, 2021",9.99
c249d19e,2026-05-04,01:49:06,813780,AGE OF EMPIRES II: DEFINITIVE EDITION,65,18671,Strategy,World's Edge,"Nov 14, 2019",12.24
f68233fd,2026-05-04,01:49:06,1158310,CRUSADER KINGS III,66,18420,RPG,Paradox Development Studio,"Sep 1, 2020",14.99
17da0803,2026-05-04,01:49:06,3105440,HEROES OF MIGHT AND MAGIC: OLDEN ERA,67,18160,RPG,Unfrozen,"Apr 30, 2026",29.99
8d8db28f,2026-05-04,01:49:06,3564740,WHERE WINDS MEET,68,18028,Action,Everstone Studio,"14 Nov, 2025",0.0
c399985b,2026-05-04,01:49:06,2073620,ARENA BREAKOUT: INFINITE,69,17756,Action,Morefun Studios,"Sep 15, 2025",0.0
3b995d5d,2026-05-04,01:49:06,1142710,TOTAL WAR: WARHAMMER III,70,17619,Action,CREATIVE ASSEMBLY,"Feb 17, 2022",59.99
9adb9e3b,2026-05-04,01:49:06,261550,MOUNT & BLADE II: BANNERLORD,71,17337,Action,TaleWorlds Entertainment,"Oct 25, 2022",24.99
9c0a12f7,2026-05-04,01:49:06,284160,BEAMNG.DRIVE,72,17004,Racing,BeamNG,"May 29, 2015",24.99
1866eb80,2026-05-04,01:49:06,526870,SATISFACTORY,73,17204,Adventure,Coffee Stain Studios,"Sep 10, 2024",27.99
9f1c6228,2026-05-04,01:49:06,4128580,BIDKING,74,16912,Casual,MindSurge Network & Games,"Apr 15, 2026",2.99
a4b1d9fa,2026-05-04,01:49:06,322330,DON'T STARVE TOGETHER,75,16540,Action,Klei Entertainment,"Apr 21, 2016",14.99
1a8d5d71,2026-05-04,01:49:06,1623730,PALWORLD,76,16323,Action,Pocketpair,"Jan 19, 2024",29.99
4e6d647c,2026-05-04,01:49:06,281990,STELLARIS,77,16153,Simulation,Paradox Development Studio,"May 9, 2016",39.99
17148c96,2026-05-04,01:49:06,3551340,FOOTBALL MANAGER 26,78,16112,Simulation,Sports Interactive,"Nov 4, 2025",59.99
d8072783,2026-05-04,01:49:06,2300320,FARMING SIMULATOR 25,79,16142,Simulation,GIANTS Software,"Nov 12, 2024",29.99
49a59b32,2026-05-04,01:49:06,250900,THE BINDING OF ISAAC: REBIRTH,80,15768,Action,"Nicalis, Inc.","Nov 4, 2014",14.99
028d0420,2026-05-04,01:49:06,1203620,ENSHROUDED,81,15400,Action,Keen Games GmbH,"Jan 24, 2024",23.99
bd76634b,2026-05-04,01:49:06,3527290,PEAK,82,15437,Action,Team PEAK,"16 Jun, 2025",7.49
1d42ea3c,2026-05-04,01:49:06,427520,FACTORIO,83,15061,Casual,Wube Software LTD.,"Aug 14, 2020",35.0
7b145e77,2026-05-04,01:49:06,3513350,WUTHERING WAVES,84,15086,Action,KURO GAMES,"Apr 28, 2025",0.0
ad18bd9c,2026-05-04,01:49:06,2622380,ELDEN RING NIGHTREIGN,85,14627,Action,"FromSoftware, Inc.","29 May, 2025",39.99
50f6c4ad,2026-05-04,01:49:06,346110,ARK: SURVIVAL EVOLVED,86,14247,Action,Studio Wildcard,"Aug 27, 2017",14.99
78b5c8e5,2026-05-04,01:49:06,2073850,THE FINALS,87,13901,Action,Embark Studios,"Dec 7, 2023",0.0
dcfcb1a2,2026-05-04,01:49:06,3065800,MARATHON,88,13924,Action,Bungie,"Mar 5, 2026",31.99
756b9596,2026-05-04,01:49:06,376210,THE ISLE,89,13803,Action,Afterthought LLC,"Dec 1, 2015",19.99
35e667dd,2026-05-04,01:49:06,227300,EURO TRUCK SIMULATOR 2,90,13992,Indie,SCS Software,"Oct 12, 2012",19.99
c3c1a629,2026-05-04,01:49:06,1364780,STREET FIGHTER™ 6,91,13609,Action,"CAPCOM Co., Ltd.","Jun 1, 2023",19.99
63d8c786,2026-05-04,01:49:06,8930,SID MEIER'S CIVILIZATION® V,92,13357,Strategy,Firaxis Games,"Sep 21, 2010",29.99
ebc7aa4a,2026-05-04,01:49:06,739630,PHASMOPHOBIA,93,13386,Action,Kinetic Games,"Sep 18, 2020",19.99
07b5cd9e,2026-05-04,01:49:06,3357650,PRAGMATA,94,13175,Action,"CAPCOM Co., Ltd.","Apr 17, 2026",59.99
2fc0272d,2026-05-04,01:49:06,1874880,ARMA REFORGER,95,13204,Action,Bohemia Interactive,"Nov 16, 2023",39.99
44b37e5d,2026-05-04,01:49:06,1476970,IDLEON,96,12908,Casual,Lavaflame2,"Nov 6, 2025",0.0
ea0ef469,2026-05-04,01:49:06,377160,FALLOUT 4,97,12739,RPG,Bethesda Game Studios,"Nov 9, 2015",19.99
d065da86,2026-05-04,01:49:06,4025700,HEARTOPIA,98,12448,Casual,XD,"16 Jan, 2026",0.0
cbb33fcd,2026-05-04,01:49:06,1905180,OBS STUDIO,99,12220,Utilities,OBS Project,"Mar 21, 2022",0.0
77c81ab5,2026-05-04,01:49:06,1623660,MIR4,100,12189,Action,Wemade Next,"Aug 25, 2021",0.0
f10d51d9,2026-05-04,01:49:06,291550,BRAWLHALLA,,11865,Action,Blue Mammoth Games,"Oct 17, 2017",0.0
7126d589,2026-05-04,01:49:06,238960,PATH OF EXILE,,8762,Action,Grinding Gear Games,"23 Oct, 2013",0.0
8788af8c,2026-05-04,01:49:06,1974050,TORCHLIGHT: INFINITE,,5999,Action,XD,"May 9, 2023",0.0
cda7a4e2,2026-05-04,01:49:06,594650,HUNT: SHOWDOWN 1896,,9380,Action,Crytek,"Aug 27, 2019",13.49
e81f2eda,2026-05-04,01:49:06,2584990,SHADOWVERSE: WORLDS BEYOND,,8219,Casual,"Cygames, Inc.","Jun 14, 2025",0.0
eb546715,2026-05-04,01:49:06,2252570,FOOTBALL MANAGER 2024,,9842,Simulation,Sports Interactive,"Nov 6, 2023",0.0
56763064,2026-05-04,01:49:06,306130,THE ELDER SCROLLS® ONLINE,,11254,Action,ZeniMax Online Studios,"May 22, 2017",19.99
510ff32a,2026-05-04,01:49:06,3224770,UMAMUSUME: PRETTY DERBY,,8794,Simulation,"Cygames, Inc.","24 Jun, 2025",0.0
d4fd4309,2026-05-04,01:49:06,275850,NO MAN'S SKY,,10156,Action,Hello Games,"Aug 12, 2016",59.99
57d66d59,2026-05-04,01:49:06,2646460,SOULMASK,,9348,Adventure,CampFire Studio,"Apr 9, 2026",29.99
9e48dd51,2026-05-04,01:49:06,1665460,EFOOTBALL™,,11810,Simulation,KONAMI,"Sep 29, 2021",0.0
7fe8934a,2026-05-04,01:49:06,3265700,VAMPIRE CRAWLERS: THE TURBO WILDCARD FROM VAMPIRE SURVIVORS,,11563,Action,poncle,"Apr 21, 2026",9.99
4a2d7a66,2026-05-04,01:49:06,1144200,READY OR NOT,,10568,Action,VOID Interactive,"Dec 13, 2023",24.99
6234e41f,2026-05-04,01:49:06,1716740,STARFIELD,,11315,RPG,Bethesda Game Studios,"Sep 5, 2023",49.99
c65a34a5,2026-05-04,01:49:06,3679080,THE SEVEN DEADLY SINS: ORIGIN,,6799,Action,Netmarble F&C,"Mar 16, 2026",0.0
28fcd17e,2026-05-04,01:49:06,220200,KERBAL SPACE PROGRAM,,12000,Indie,Squad,"Apr 27, 2015",39.99
b4e49153,2026-05-04,01:49:06,1203220,NARAKA: BLADEPOINT,,10317,Action,24 Entertainment,"11 Aug, 2021",0.0
cffe3f99,2026-05-04,01:49:06,1449850,YU-GI-OH! MASTER DUEL,,10924,Simulation,KONAMI,"18 Jan, 2022",0.0
9a70d42c,2026-05-04,01:49:06,2479810,GRAY ZONE WARFARE,,10229,Action,"MADFINGER Games, a.s.","Apr 30, 2024",39.99
a2b30dc8,2026-05-04,01:49:06,629520,SOUNDPAD,,10369,Audio Production,Leppsoft,"Sep 30, 2017",4.99
6e919533,2026-05-04,01:49:06,2923300,BANANA,,6139,Adventure,Sky,"Apr 23, 2024",0.0
61299efd,2026-05-04,01:49:06,960090,BLOONS TD 6,,10974,Strategy,Ninja Kiwi,"Dec 17, 2018",13.99
df1f175e,2026-05-05,01:50:02,730,COUNTER-STRIKE 2,1,616041,Action,Valve,"21 Aug, 2012",0.0
7b21903d,2026-05-05,01:50:02,570,DOTA 2,2,291870,Action,Valve,"Jul 9, 2013",0.0
223d4e9a,2026-05-05,01:50:02,2676230,FIVEM,3,127226,Other,,,0.0
a8fb2383,2026-05-05,01:50:02,578080,PUBG: BATTLEGROUNDS,4,123831,Action,PUBG Corporation,"21 Dec, 2017",0.0
5dfdb488,2026-05-05,01:50:02,3419430,BONGO CAT,5,113582,Casual,Marcel Zurawka,"Mar 5, 2025",0.0
04a565ce,2026-05-05,01:50:02,2868840,SLAY THE SPIRE 2,6,113531,Indie,Mega Crit,"Mar 5, 2026",24.99
b956fe26,2026-05-05,01:50:02,2767030,MARVEL RIVALS,7,88248,Action,NetEase Games,"5 Dec, 2024",0.0
6e8972ce,2026-05-05,01:50:02,1172470,APEX LEGENDS™,8,78598,Action,Respawn,"4 Nov, 2020",0.0
74fe9755,2026-05-05,01:50:02,359550,TOM CLANCY'S RAINBOW SIX SIEGE,9,78379,Action,Ubisoft Montreal,"Dec 1, 2015",0.0
05a006aa,2026-05-05,01:50:02,1808500,ARC RAIDERS,10,76061,Action,Embark Studios,"30 Oct, 2025",39.99
901539c5,2026-05-05,01:50:02,3041230,WINDROSE,11,74414,Action,Kraken Express,"Apr 14, 2026",29.99
a46dcf7c,2026-05-05,01:50:02,1422450,DEADLOCK,12,0,Action,Valve,To be announced,0.0
24733b65,2026-05-05,01:50:02,252490,RUST,13,65705,Action,Facepunch Studios,"Feb 8, 2018",39.99
f43b9f79,2026-05-05,01:50:02,2507950,DELTA FORCE,14,62251,Action,Team Jade,"4 Dec, 2024",0.0
7ee4aa99,2026-05-05,01:50:02,230410,WARFRAME,15,62320,Action,Digital Extremes,"25 Mar, 2013",0.0
f277b304,2026-05-05,01:50:02,431960,WALLPAPER ENGINE,16,59214,Casual,Wallpaper Engine Team,"Nov 16, 2018",4.99
e45fe9b8,2026-05-05,01:50:02,2357570,OVERWATCH®,17,57985,Action,"Blizzard Entertainment, Inc.","Aug 10, 2023",0.0
67aa6455,2026-05-05,01:50:02,3321460,CRIMSON DESERT,18,55346,Action,Pearl Abyss,"Mar 19, 2026",69.99
c5c99806,2026-05-05,01:50:02,381210,DEAD BY DAYLIGHT,19,51918,Action,Behaviour Interactive Inc.,"Jun 14, 2016",7.99
5bb7a4af,2026-05-05,01:50:02,322170,GEOMETRY DASH,20,50468,Action,RobTop Games,"Dec 22, 2014",4.99
1d42b608,2026-05-05,01:50:02,440,TEAM FORTRESS 2,21,45421,Action,Valve,"Oct 10, 2007",0.0
4818e3a0,2026-05-05,01:50:02,552990,WORLD OF WARSHIPS,22,44619,Action,Wargaming Group Limited,"Nov 15, 2017",0.0
39af8e87,2026-05-05,01:50:02,413150,STARDEW VALLEY,23,46335,Indie,ConcernedApe,"Feb 26, 2016",14.99
ceaaf51c,2026-05-05,01:50:02,438100,VRCHAT,24,45349,Adventure,VRChat Inc.,"1 Feb, 2017",0.0
940fcdec,2026-05-05,01:50:02,271590,GRAND THEFT AUTO V LEGACY,25,43431,Action,Rockstar North,"Apr 13, 2015",0.0
b23dc9ab,2026-05-05,01:50:02,1086940,BALDUR'S GATE 3,26,43311,Adventure,Larian Studios,"Aug 3, 2023",59.99
997d36e8,2026-05-05,01:50:02,3405690,EA SPORTS FC™ 26,27,39207,Simulation,EA Canada,"25 Sep, 2025",20.99
e97fd5ce,2026-05-05,01:50:02,553850,HELLDIVERS™ 2,28,38399,Action,Arrowhead Game Studios,"8 Feb, 2024",39.99
7f576c9a,2026-05-05,01:50:02,240,COUNTER-STRIKE: SOURCE,29,38593,Action,Valve,"1 Nov, 2004",5.79
0b4d73ac,2026-05-05,01:50:02,236390,WAR THUNDER,30,37306,Action,Gaijin Entertainment,"Aug 15, 2013",0.0
710dfe35,2026-05-05,01:50:02,2344520,DIABLO® IV,31,35932,Action,"Blizzard Entertainment, Inc.","Oct 17, 2023",49.99
b020e966,2026-05-05,01:50:02,1938090,CALL OF DUTY®,32,35240,Action,Treyarch,"Oct 27, 2022",0.0
8596b1db,2026-05-05,01:50:02,3892270,GAMBLE WITH YOUR FRIENDS,33,34473,Adventure,SkyBrave,"1 May, 2026",4.95
3c9448b4,2026-05-05,01:50:02,3124540,FAR FAR WEST,34,33689,Action,Evil Raptor,"Apr 28, 2026",17.99
b501a5de,2026-05-05,01:50:02,1366800,CROSSHAIR X,35,33259,Action,CenterPoint Gaming,"Aug 17, 2020",9.99
7eb293f9,2026-05-05,01:50:02,2807960,BATTLEFIELD™ 6,36,32601,Action,Battlefield Studios,"10 Oct, 2025",41.99
030cc603,2026-05-05,01:50:02,221100,DAYZ,37,32052,Action,Bohemia Interactive,"Dec 13, 2018",49.99
8b55b67e,2026-05-05,01:50:02,3240220,GRAND THEFT AUTO V ENHANCED,38,31510,Action,Rockstar North,"Mar 4, 2025",19.79
4ff8d9c5,2026-05-05,01:50:02,39210,FINAL FANTASY XIV ONLINE,39,31134,Massively Multiplayer,Square Enix,"Feb 18, 2014",19.99
bae456ae,2026-05-05,01:50:02,1973530,LIMBUS COMPANY,40,29882,Other,ProjectMoon,"26 Feb, 2023",0.0
aaf7fae8,2026-05-05,01:50:02,1245620,ELDEN RING,41,28111,Action,"FromSoftware, Inc.","Feb 24, 2022",59.99
9637a5ba,2026-05-05,01:50:02,550,LEFT 4 DEAD 2,42,26750,Action,Valve,"Nov 16, 2009",9.99
748a9250,2026-05-05,01:50:02,1091500,CYBERPUNK 2077,43,26513,RPG,CD PROJEKT RED,"Dec 9, 2020",20.99
1f62c3f9,2026-05-05,01:50:02,218620,PAYDAY 2,44,25384,Action,OVERKILL - a Starbreeze Studio.,"Aug 13, 2013",9.99
2c75defd,2026-05-05,01:50:02,394360,HEARTS OF IRON IV,45,25283,Simulation,Paradox Development Studio,"Jun 6, 2016",49.99
fbdf031c,2026-05-05,01:50:02,289070,SID MEIER’S CIVILIZATION® VI,46,24977,Strategy,Firaxis Games,"Oct 21, 2016",59.99
6e8a9b11,2026-05-05,01:50:02,4465480,COUNTER-STRIKE:GLOBAL OFFENSIVE,47,24487,Action,Valve,"Aug 21, 2012",0.0
0835bcfe,2026-05-05,01:50:02,108600,PROJECT ZOMBOID,48,24359,Indie,The Indie Stone,"Nov 8, 2013",19.99
589724fe,2026-05-05,01:50:02,294100,RIMWORLD,49,23822,Indie,Ludeon Studios,"Oct 17, 2018",34.99
2b3ed430,2026-05-05,01:50:02,489830,THE ELDER SCROLLS V: SKYRIM SPECIAL EDITION,50,22687,RPG,Bethesda Game Studios,"Oct 27, 2016",39.99
17d0a47a,2026-05-05,01:50:02,1222670,THE SIMS™ 4,51,22006,Adventure,Maxis,"Jun 18, 2020",0.0
d1e2f3f8,2026-05-05,01:50:02,2399830,ARK: SURVIVAL ASCENDED,52,21351,Action,Studio Wildcard,"Oct 25, 2023",44.99
276038b9,2026-05-05,01:50:02,105600,TERRARIA,53,21148,Action,Re-Logic,"May 16, 2011",9.99
d32e19d2,2026-05-05,01:50:02,252950,ROCKET LEAGUE®,54,20777,Action,Psyonix LLC,"Jul 7, 2015",0.0
83e97ba2,2026-05-05,01:50:02,3241660,R.E.P.O.,55,19803,Action,semiwork,"Feb 26, 2025",9.99
e390e0fb,2026-05-05,01:50:02,3472040,NBA 2K26,56,19615,Sports,Visual Concepts,"Sep 4, 2025",19.99
ed17c01f,2026-05-05,01:50:02,582660,BLACK DESERT,57,19500,Action,Pearl Abyss,"May 24, 2017",0.99
9c691bab,2026-05-05,01:50:02,1174180,RED DEAD REDEMPTION 2,58,19403,Action,Rockstar Games,"Dec 5, 2019",59.99
c9eb935a,2026-05-05,01:50:02,304930,UNTURNED,59,18680,Action,Smartly Dressed Games,"Jul 7, 2017",0.0
676571b6,2026-05-05,01:50:02,4128580,BIDKING,60,19176,Casual,MindSurge Network & Games,"Apr 15, 2026",2.99
dbad5069,2026-05-05,01:50:02,251570,7 DAYS TO DIE,61,17883,Action,The Fun Pimps,"Jul 25, 2024",44.99
d345a6de,2026-05-05,01:50:02,4000,GARRY'S MOD,62,17561,Casual,Facepunch Studios,"Nov 29, 2006",4.99
0ce9f950,2026-05-05,01:50:02,2073620,ARENA BREAKOUT: INFINITE,63,17447,Action,Morefun Studios,"Sep 15, 2025",0.0
07765f6b,2026-05-05,01:50:02,1281930,TMODLOADER,64,17322,Action,TML Team,"May 16, 2020",0.0
85926692,2026-05-05,01:50:02,3164500,SCHEDULE I,65,17053,Action,TVGS,"Mar 24, 2025",19.99
7d4f3a2a,2026-05-05,01:50:02,3105440,HEROES OF MIGHT AND MAGIC: OLDEN ERA,66,16779,RPG,Unfrozen,"Apr 30, 2026",29.99
3f1d992e,2026-05-05,01:50:02,892970,VALHEIM,67,16796,Action,Iron Gate AB,"Feb 2, 2021",9.99
b026f981,2026-05-05,01:50:02,1158310,CRUSADER KINGS III,68,16782,RPG,Paradox Development Studio,"Sep 1, 2020",14.99
199c282e,2026-05-05,01:50:02,813780,AGE OF EMPIRES II: DEFINITIVE EDITION,69,16373,Strategy,World's Edge,"Nov 14, 2019",12.24
60748778,2026-05-05,01:50:02,261550,MOUNT & BLADE II: BANNERLORD,70,16309,Action,TaleWorlds Entertainment,"Oct 25, 2022",24.99
cc1a7c1f,2026-05-05,01:50:02,1142710,TOTAL WAR: WARHAMMER III,71,16101,Action,CREATIVE ASSEMBLY,"Feb 17, 2022",59.99
d064aac3,2026-05-05,01:50:02,284160,BEAMNG.DRIVE,72,15955,Racing,BeamNG,"May 29, 2015",24.99
c1a77a2d,2026-05-05,01:50:02,3551340,FOOTBALL MANAGER 26,73,15859,Simulation,Sports Interactive,"Nov 4, 2025",59.99
624382ea,2026-05-05,01:50:02,322330,DON'T STARVE TOGETHER,74,15536,Action,Klei Entertainment,"Apr 21, 2016",14.99
407df50e,2026-05-05,01:50:02,526870,SATISFACTORY,75,15449,Adventure,Coffee Stain Studios,"Sep 10, 2024",27.99
4b75375d,2026-05-05,01:50:02,250900,THE BINDING OF ISAAC: REBIRTH,76,15310,Action,"Nicalis, Inc.","Nov 4, 2014",14.99
4051386f,2026-05-05,01:50:02,1623730,PALWORLD,77,15060,Action,Pocketpair,"Jan 19, 2024",29.99
894f680b,2026-05-05,01:50:02,281990,STELLARIS,78,14866,Simulation,Paradox Development Studio,"May 9, 2016",39.99
aa653b4a,2026-05-05,01:50:02,2300320,FARMING SIMULATOR 25,79,14453,Simulation,GIANTS Software,"Nov 12, 2024",29.99
7b58e3a5,2026-05-05,01:50:02,3564740,WHERE WINDS MEET,80,14399,Action,Everstone Studio,"14 Nov, 2025",0.0
09c6aea3,2026-05-05,01:50:02,2622380,ELDEN RING NIGHTREIGN,81,14104,Action,"FromSoftware, Inc.","29 May, 2025",39.99
f06711df,2026-05-05,01:50:02,3513350,WUTHERING WAVES,82,14066,Action,KURO GAMES,"Apr 28, 2025",0.0
c7b75468,2026-05-05,01:50:02,427520,FACTORIO,83,13909,Casual,Wube Software LTD.,"Aug 14, 2020",35.0
61f9efb3,2026-05-05,01:50:02,1203620,ENSHROUDED,84,13667,Action,Keen Games GmbH,"Jan 24, 2024",23.99
10ced65b,2026-05-05,01:50:02,1364780,STREET FIGHTER™ 6,85,13425,Action,"CAPCOM Co., Ltd.","Jun 1, 2023",19.99
f39da6bd,2026-05-05,01:50:02,220200,KERBAL SPACE PROGRAM,86,13352,Indie,Squad,"Apr 27, 2015",39.99
2150615a,2026-05-05,01:50:02,2073850,THE FINALS,87,13222,Action,Embark Studios,"Dec 7, 2023",0.0
8637fd0e,2026-05-05,01:50:02,346110,ARK: SURVIVAL EVOLVED,88,13269,Action,Studio Wildcard,"Aug 27, 2017",14.99
7b246a4a,2026-05-05,01:50:02,376210,THE ISLE,89,13157,Action,Afterthought LLC,"Dec 1, 2015",19.99
4bf18098,2026-05-05,01:50:02,3065800,MARATHON,90,12909,Action,Bungie,"Mar 5, 2026",31.99
7b6df69d,2026-05-05,01:50:02,1905180,OBS STUDIO,91,12765,Utilities,OBS Project,"Mar 21, 2022",0.0
41017161,2026-05-05,01:50:02,227300,EURO TRUCK SIMULATOR 2,92,12669,Indie,SCS Software,"Oct 12, 2012",19.99
6d2c4346,2026-05-05,01:50:02,1665460,EFOOTBALL™,93,12336,Simulation,KONAMI,"Sep 29, 2021",0.0
b9bcabcc,2026-05-05,01:50:02,8930,SID MEIER'S CIVILIZATION® V,94,12315,Strategy,Firaxis Games,"Sep 21, 2010",29.99
54c815a9,2026-05-05,01:50:02,739630,PHASMOPHOBIA,95,12176,Action,Kinetic Games,"Sep 18, 2020",19.99
4b764b74,2026-05-05,01:50:02,1623660,MIR4,96,12215,Action,Wemade Next,"Aug 25, 2021",0.0
d6a395af,2026-05-05,01:50:02,4025700,HEARTOPIA,97,12192,Casual,XD,"16 Jan, 2026",0.0
c99244f4,2026-05-05,01:50:02,1874880,ARMA REFORGER,98,12181,Action,Bohemia Interactive,"Nov 16, 2023",39.99
bf5abd64,2026-05-05,01:50:02,1476970,IDLEON,99,12117,Casual,Lavaflame2,"Nov 6, 2025",0.0
7b733ded,2026-05-05,01:50:02,3527290,PEAK,100,12116,Action,Team PEAK,"16 Jun, 2025",7.49
7480d19a,2026-05-05,01:50:02,306130,THE ELDER SCROLLS® ONLINE,,10709,Action,ZeniMax Online Studios,"May 22, 2017",19.99
22abaceb,2026-05-05,01:50:02,1974050,TORCHLIGHT: INFINITE,,5744,Action,XD,"May 9, 2023",0.0
29d54902,2026-05-05,01:50:02,2252570,FOOTBALL MANAGER 2024,,9739,Simulation,Sports Interactive,"Nov 6, 2023",0.0
d4cfbc6f,2026-05-05,01:50:02,377160,FALLOUT 4,,11583,RPG,Bethesda Game Studios,"Nov 9, 2015",19.99
ef39adec,2026-05-05,01:50:02,2584990,SHADOWVERSE: WORLDS BEYOND,,7534,Casual,"Cygames, Inc.","Jun 14, 2025",0.0
227a0c3f,2026-05-05,01:50:02,594650,HUNT: SHOWDOWN 1896,,8868,Action,Crytek,"Aug 27, 2019",13.49
ce206a0a,2026-05-05,01:50:02,3224770,UMAMUSUME: PRETTY DERBY,,9053,Simulation,"Cygames, Inc.","24 Jun, 2025",0.0
f5b5ad34,2026-05-05,01:50:02,3357650,PRAGMATA,,11145,Action,"CAPCOM Co., Ltd.","Apr 17, 2026",59.99
03df1d82,2026-05-05,01:50:02,238960,PATH OF EXILE,,8209,Action,Grinding Gear Games,"23 Oct, 2013",0.0
b299f504,2026-05-05,01:50:02,3679080,THE SEVEN DEADLY SINS: ORIGIN,,7053,Action,Netmarble F&C,"Mar 16, 2026",0.0
8aa300cf,2026-05-05,01:50:02,960090,BLOONS TD 6,,10157,Strategy,Ninja Kiwi,"Dec 17, 2018",13.99
44477451,2026-05-05,01:50:02,2479810,GRAY ZONE WARFARE,,8765,Action,"MADFINGER Games, a.s.","Apr 30, 2024",39.99
f01f6daf,2026-05-05,01:50:02,275850,NO MAN'S SKY,,9079,Action,Hello Games,"Aug 12, 2016",59.99
61faee45,2026-05-05,01:50:02,1716740,STARFIELD,,9565,RPG,Bethesda Game Studios,"Sep 5, 2023",49.99
33c1b406,2026-05-05,01:50:02,2923300,BANANA,,5925,Adventure,Sky,"Apr 23, 2024",0.0
1dc44196,2026-05-05,01:50:02,1144200,READY OR NOT,,8727,Action,VOID Interactive,"Dec 13, 2023",24.99
0c631454,2026-05-05,01:50:02,1449850,YU-GI-OH! MASTER DUEL,,11174,Simulation,KONAMI,"18 Jan, 2022",0.0
723cb107,2026-05-05,01:50:02,629520,SOUNDPAD,,9669,Audio Production,Leppsoft,"Sep 30, 2017",4.99
b289c008,2026-05-05,01:50:02,3265700,VAMPIRE CRAWLERS: THE TURBO WILDCARD FROM VAMPIRE SURVIVORS,,10364,Action,poncle,"Apr 21, 2026",9.99
0ac6696a,2026-05-05,01:50:02,1203220,NARAKA: BLADEPOINT,,9803,Action,24 Entertainment,"11 Aug, 2021",0.0
4977fed6,2026-05-05,01:50:02,2646460,SOULMASK,,8539,Adventure,CampFire Studio,"Apr 9, 2026",29.99
8a614af6,2026-05-05,01:50:02,291550,BRAWLHALLA,,11160,Action,Blue Mammoth Games,"Oct 17, 2017",0.0
56412d10,2026-05-06,01:48:57,730,COUNTER-STRIKE 2,1,607288,Action,Valve,"21 Aug, 2012",0.0
202073c0,2026-05-06,01:48:57,570,DOTA 2,2,266177,Action,Valve,"Jul 9, 2013",0.0
e42b494a,2026-05-06,01:48:57,2676230,FIVEM,3,126717,Other,,,0.0
85a1eaf7,2026-05-06,01:48:57,1172470,APEX LEGENDS™,4,115589,Action,Respawn,"4 Nov, 2020",0.0
b69a1914,2026-05-06,01:48:57,3419430,BONGO CAT,5,110407,Casual,Marcel Zurawka,"Mar 5, 2025",0.0
19e674c3,2026-05-06,01:48:57,578080,PUBG: BATTLEGROUNDS,6,100353,Action,PUBG Corporation,"21 Dec, 2017",0.0
600c3a39,2026-05-06,01:48:57,2868840,SLAY THE SPIRE 2,7,104908,Indie,Mega Crit,"Mar 5, 2026",24.99
9fb67d8e,2026-05-06,01:48:57,2767030,MARVEL RIVALS,8,83697,Action,NetEase Games,"5 Dec, 2024",0.0
b460ef6e,2026-05-06,01:48:57,359550,TOM CLANCY'S RAINBOW SIX SIEGE,9,76916,Action,Ubisoft Montreal,"Dec 1, 2015",0.0
169e34b9,2026-05-06,01:48:57,1808500,ARC RAIDERS,10,71821,Action,Embark Studios,"30 Oct, 2025",39.99
b19e34bb,2026-05-06,01:48:57,3041230,WINDROSE,11,68659,Action,Kraken Express,"Apr 14, 2026",29.99
c51940ed,2026-05-06,01:48:57,1422450,DEADLOCK,12,0,Action,Valve,To be announced,0.0
c80b3f31,2026-05-06,01:48:57,252490,RUST,13,59461,Action,Facepunch Studios,"Feb 8, 2018",39.99
aba08383,2026-05-06,01:48:57,230410,WARFRAME,14,55137,Action,Digital Extremes,"25 Mar, 2013",0.0
cae7f3ed,2026-05-06,01:48:57,2357570,OVERWATCH®,15,55256,Action,"Blizzard Entertainment, Inc.","Aug 10, 2023",0.0
457e560b,2026-05-06,01:48:57,2507950,DELTA FORCE,16,54528,Action,Team Jade,"4 Dec, 2024",0.0
d82858cb,2026-05-06,01:48:57,431960,WALLPAPER ENGINE,17,52031,Casual,Wallpaper Engine Team,"Nov 16, 2018",4.99
8e7f3d92,2026-05-06,01:48:57,381210,DEAD BY DAYLIGHT,18,51142,Action,Behaviour Interactive Inc.,"Jun 14, 2016",7.99
fc3ba4aa,2026-05-06,01:48:57,322170,GEOMETRY DASH,19,49890,Action,RobTop Games,"Dec 22, 2014",4.99
171a8163,2026-05-06,01:48:57,552990,WORLD OF WARSHIPS,20,49617,Action,Wargaming Group Limited,"Nov 15, 2017",0.0
90e66d34,2026-05-06,01:48:57,440,TEAM FORTRESS 2,21,47407,Action,Valve,"Oct 10, 2007",0.0
593f96f1,2026-05-06,01:48:57,3321460,CRIMSON DESERT,22,46663,Action,Pearl Abyss,"Mar 19, 2026",69.99
6e541cff,2026-05-06,01:48:57,413150,STARDEW VALLEY,23,41990,Indie,ConcernedApe,"Feb 26, 2016",14.99
9a8c94c3,2026-05-06,01:48:57,1086940,BALDUR'S GATE 3,24,41768,Adventure,Larian Studios,"Aug 3, 2023",59.99
dab5c13f,2026-05-06,01:48:57,271590,GRAND THEFT AUTO V LEGACY,25,40708,Action,Rockstar North,"Apr 13, 2015",0.0
1144187d,2026-05-06,01:48:57,438100,VRCHAT,26,40071,Adventure,VRChat Inc.,"1 Feb, 2017",0.0
2e2797c4,2026-05-06,01:48:57,553850,HELLDIVERS™ 2,27,38765,Action,Arrowhead Game Studios,"8 Feb, 2024",39.99
8f3216d3,2026-05-06,01:48:57,3405690,EA SPORTS FC™ 26,28,35930,Simulation,EA Canada,"25 Sep, 2025",20.99
f14a2b9b,2026-05-06,01:48:57,3892270,GAMBLE WITH YOUR FRIENDS,29,34635,Adventure,SkyBrave,"1 May, 2026",4.95
9852a715,2026-05-06,01:48:57,2807960,BATTLEFIELD™ 6,30,33939,Action,Battlefield Studios,"10 Oct, 2025",41.99
35ce1200,2026-05-06,01:48:57,1938090,CALL OF DUTY®,31,33616,Action,Treyarch,"Oct 27, 2022",0.0
0e97360f,2026-05-06,01:48:57,1366800,CROSSHAIR X,32,33572,Action,CenterPoint Gaming,"Aug 17, 2020",9.99
d917f1eb,2026-05-06,01:48:57,236390,WAR THUNDER,33,32899,Action,Gaijin Entertainment,"Aug 15, 2013",0.0
c0d086dc,2026-05-06,01:48:57,2344520,DIABLO® IV,34,32582,Action,"Blizzard Entertainment, Inc.","Oct 17, 2023",49.99
e59a6bfc,2026-05-06,01:48:57,39210,FINAL FANTASY XIV ONLINE,35,32147,Massively Multiplayer,Square Enix,"Feb 18, 2014",19.99
37d579ea,2026-05-06,01:48:57,221100,DAYZ,36,30824,Action,Bohemia Interactive,"Dec 13, 2018",49.99
6d79bbde,2026-05-06,01:48:57,3124540,FAR FAR WEST,37,29838,Action,Evil Raptor,"Apr 28, 2026",17.99
5fec9c30,2026-05-06,01:48:57,3240220,GRAND THEFT AUTO V ENHANCED,38,27756,Action,Rockstar North,"Mar 4, 2025",19.79
926c2471,2026-05-06,01:48:57,1245620,ELDEN RING,39,26100,Action,"FromSoftware, Inc.","Feb 24, 2022",59.99
cb1e4455,2026-05-06,01:48:57,550,LEFT 4 DEAD 2,40,26007,Action,Valve,"Nov 16, 2009",9.99
8a83cdcd,2026-05-06,01:48:57,1973530,LIMBUS COMPANY,41,25675,Other,ProjectMoon,"26 Feb, 2023",0.0
142598c6,2026-05-06,01:48:57,739630,PHASMOPHOBIA,42,24965,Action,Kinetic Games,"Sep 18, 2020",19.99
4ff3429e,2026-05-06,01:48:57,1091500,CYBERPUNK 2077,43,23114,RPG,CD PROJEKT RED,"Dec 9, 2020",20.99
2b3a1ee6,2026-05-06,01:48:57,394360,HEARTS OF IRON IV,44,22806,Simulation,Paradox Development Studio,"Jun 6, 2016",49.99
2dab06e4,2026-05-06,01:48:57,108600,PROJECT ZOMBOID,45,22761,Indie,The Indie Stone,"Nov 8, 2013",19.99
842e3170,2026-05-06,01:48:57,294100,RIMWORLD,46,22371,Indie,Ludeon Studios,"Oct 17, 2018",34.99
451345c0,2026-05-06,01:48:57,289070,SID MEIER’S CIVILIZATION® VI,47,22226,Strategy,Firaxis Games,"Oct 21, 2016",59.99
43fdf390,2026-05-06,01:48:57,489830,THE ELDER SCROLLS V: SKYRIM SPECIAL EDITION,48,22054,RPG,Bethesda Game Studios,"Oct 27, 2016",39.99
d3c440b3,2026-05-06,01:48:57,1222670,THE SIMS™ 4,49,21650,Adventure,Maxis,"Jun 18, 2020",0.0
8be98893,2026-05-06,01:48:57,105600,TERRARIA,50,21412,Action,Re-Logic,"May 16, 2011",9.99
682fb99b,2026-05-06,01:48:57,440900,CONAN EXILES ENHANCED,51,20286,Action,Funcom,"May 8, 2018",29.99
dada8fad,2026-05-06,01:48:57,252950,ROCKET LEAGUE®,52,19951,Action,Psyonix LLC,"Jul 7, 2015",0.0
a8ad03c6,2026-05-06,01:48:57,582660,BLACK DESERT,53,19293,Action,Pearl Abyss,"May 24, 2017",0.99
b64410fc,2026-05-06,01:48:57,3241660,R.E.P.O.,54,19239,Action,semiwork,"Feb 26, 2025",9.99
879dd15b,2026-05-06,01:48:57,2399830,ARK: SURVIVAL ASCENDED,55,17930,Action,Studio Wildcard,"Oct 25, 2023",44.99
357d2b41,2026-05-06,01:48:57,1174180,RED DEAD REDEMPTION 2,56,17261,Action,Rockstar Games,"Dec 5, 2019",59.99
04a2f770,2026-05-06,01:48:57,3472040,NBA 2K26,57,17009,Sports,Visual Concepts,"Sep 4, 2025",19.99
833d6ce2,2026-05-06,01:48:57,251570,7 DAYS TO DIE,58,16827,Action,The Fun Pimps,"Jul 25, 2024",44.99
80d581af,2026-05-06,01:48:57,4000,GARRY'S MOD,59,16343,Casual,Facepunch Studios,"Nov 29, 2006",4.99
fb6dbccf,2026-05-06,01:48:57,892970,VALHEIM,60,16232,Action,Iron Gate AB,"Feb 2, 2021",9.99
f71d2a2e,2026-05-06,01:48:57,2073620,ARENA BREAKOUT: INFINITE,61,16103,Action,Morefun Studios,"Sep 15, 2025",0.0
ee4807b8,2026-05-06,01:48:57,284160,BEAMNG.DRIVE,62,15745,Racing,BeamNG,"May 29, 2015",24.99
a56c81f6,2026-05-06,01:48:57,1158310,CRUSADER KINGS III,63,15804,RPG,Paradox Development Studio,"Sep 1, 2020",14.99
b6e992bf,2026-05-06,01:48:57,3164500,SCHEDULE I,64,15821,Action,TVGS,"Mar 24, 2025",19.99
f0212c7e,2026-05-06,01:48:57,4128580,BIDKING,65,15567,Casual,MindSurge Network & Games,"Apr 15, 2026",2.99
d6124d03,2026-05-06,01:48:57,813780,AGE OF EMPIRES II: DEFINITIVE EDITION,66,15459,Strategy,World's Edge,"Nov 14, 2019",12.24
f453c162,2026-05-06,01:48:57,3551340,FOOTBALL MANAGER 26,67,14888,Simulation,Sports Interactive,"Nov 4, 2025",59.99
6cfe14ea,2026-05-06,01:48:57,1142710,TOTAL WAR: WARHAMMER III,68,14907,Action,CREATIVE ASSEMBLY,"Feb 17, 2022",59.99
d461a436,2026-05-06,01:48:57,250900,THE BINDING OF ISAAC: REBIRTH,69,14602,Action,"Nicalis, Inc.","Nov 4, 2014",14.99
567d24f4,2026-05-06,01:48:57,526870,SATISFACTORY,70,14638,Adventure,Coffee Stain Studios,"Sep 10, 2024",27.99
f41185a9,2026-05-06,01:48:57,240,COUNTER-STRIKE: SOURCE,71,14523,Action,Valve,"1 Nov, 2004",5.79
e0de4f0d,2026-05-06,01:48:57,2300320,FARMING SIMULATOR 25,72,14205,Simulation,GIANTS Software,"Nov 12, 2024",29.99
0138d1db,2026-05-06,01:48:57,218620,PAYDAY 2,73,14307,Action,OVERKILL - a Starbreeze Studio.,"Aug 13, 2013",9.99
de03278e,2026-05-06,01:48:57,261550,MOUNT & BLADE II: BANNERLORD,74,14078,Action,TaleWorlds Entertainment,"Oct 25, 2022",24.99
22757532,2026-05-06,01:48:57,220200,KERBAL SPACE PROGRAM,75,13878,Indie,Squad,"Apr 27, 2015",39.99
8333ab89,2026-05-06,01:48:57,3105440,HEROES OF MIGHT AND MAGIC: OLDEN ERA,76,13899,RPG,Unfrozen,"Apr 30, 2026",29.99
200c76a7,2026-05-06,01:48:57,427520,FACTORIO,77,13311,Casual,Wube Software LTD.,"Aug 14, 2020",35.0
652c9288,2026-05-06,01:48:57,281990,STELLARIS,78,13366,Simulation,Paradox Development Studio,"May 9, 2016",39.99
748fd1ec,2026-05-06,01:48:57,1623730,PALWORLD,79,13331,Action,Pocketpair,"Jan 19, 2024",29.99
9f131453,2026-05-06,01:48:57,1281930,TMODLOADER,80,13266,Action,TML Team,"May 16, 2020",0.0
ccbc1d0f,2026-05-06,01:48:57,2622380,ELDEN RING NIGHTREIGN,81,13247,Action,"FromSoftware, Inc.","29 May, 2025",39.99
a556ea57,2026-05-06,01:48:57,3065800,MARATHON,82,13209,Action,Bungie,"Mar 5, 2026",31.99
27e15d26,2026-05-06,01:48:57,3513350,WUTHERING WAVES,83,13022,Action,KURO GAMES,"Apr 28, 2025",0.0
7bb69d31,2026-05-06,01:48:57,3564740,WHERE WINDS MEET,84,12950,Action,Everstone Studio,"14 Nov, 2025",0.0
dcf857ba,2026-05-06,01:48:57,376210,THE ISLE,85,12782,Action,Afterthought LLC,"Dec 1, 2015",19.99
4f1a80ba,2026-05-06,01:48:57,322330,DON'T STARVE TOGETHER,86,12841,Action,Klei Entertainment,"Apr 21, 2016",14.99
6b3d9b31,2026-05-06,01:48:57,1364780,STREET FIGHTER™ 6,87,12704,Action,"CAPCOM Co., Ltd.","Jun 1, 2023",19.99
53b6beea,2026-05-06,01:48:57,2073850,THE FINALS,88,12658,Action,Embark Studios,"Dec 7, 2023",0.0
eae9fc1e,2026-05-06,01:48:57,1203620,ENSHROUDED,89,12519,Action,Keen Games GmbH,"Jan 24, 2024",23.99
3b616145,2026-05-06,01:48:57,1905180,OBS STUDIO,90,12409,Utilities,OBS Project,"Mar 21, 2022",0.0
db556506,2026-05-06,01:48:57,1623660,MIR4,91,12163,Action,Wemade Next,"Aug 25, 2021",0.0
d7199a5e,2026-05-06,01:48:57,304930,UNTURNED,92,11864,Action,Smartly Dressed Games,"Jul 7, 2017",0.0
0787c0b4,2026-05-06,01:48:57,346110,ARK: SURVIVAL EVOLVED,93,11833,Action,Studio Wildcard,"Aug 27, 2017",14.99
a8d6600b,2026-05-06,01:48:57,1874880,ARMA REFORGER,94,11768,Action,Bohemia Interactive,"Nov 16, 2023",39.99
bd6d8a3f,2026-05-06,01:48:57,1476970,IDLEON,95,11708,Casual,Lavaflame2,"Nov 6, 2025",0.0
59596072,2026-05-06,01:48:57,227300,EURO TRUCK SIMULATOR 2,96,11504,Indie,SCS Software,"Oct 12, 2012",19.99
01a82200,2026-05-06,01:48:57,3527290,PEAK,97,11639,Action,Team PEAK,"16 Jun, 2025",7.49
9b284be9,2026-05-06,01:48:57,8930,SID MEIER'S CIVILIZATION® V,98,11512,Strategy,Firaxis Games,"Sep 21, 2010",29.99
a79ff991,2026-05-06,01:48:57,4025700,HEARTOPIA,99,11501,Casual,XD,"16 Jan, 2026",0.0
d19994a8,2026-05-06,01:48:57,377160,FALLOUT 4,100,11124,RPG,Bethesda Game Studios,"Nov 9, 2015",19.99
0b4892b9,2026-05-06,01:48:57,2479810,GRAY ZONE WARFARE,,8146,Action,"MADFINGER Games, a.s.","Apr 30, 2024",39.99
0cb475a1,2026-05-06,01:48:57,3265700,VAMPIRE CRAWLERS: THE TURBO WILDCARD FROM VAMPIRE SURVIVORS,,8659,Action,poncle,"Apr 21, 2026",9.99
4f8121e3,2026-05-06,01:48:57,1203220,NARAKA: BLADEPOINT,,8252,Action,24 Entertainment,"11 Aug, 2021",0.0
0c878913,2026-05-06,01:48:57,960090,BLOONS TD 6,,10557,Strategy,Ninja Kiwi,"Dec 17, 2018",13.99
b5568dfe,2026-05-06,01:48:57,2646460,SOULMASK,,7351,Adventure,CampFire Studio,"Apr 9, 2026",29.99
20a5c06f,2026-05-06,01:48:57,3224770,UMAMUSUME: PRETTY DERBY,,9115,Simulation,"Cygames, Inc.","24 Jun, 2025",0.0
dbef4267,2026-05-06,01:48:57,275850,NO MAN'S SKY,,8551,Action,Hello Games,"Aug 12, 2016",59.99
278e5452,2026-05-06,01:48:57,2252570,FOOTBALL MANAGER 2024,,9041,Simulation,Sports Interactive,"Nov 6, 2023",0.0
2c1a3263,2026-05-06,01:48:57,1974050,TORCHLIGHT: INFINITE,,4967,Action,XD,"May 9, 2023",0.0
e92a2586,2026-05-06,01:48:57,3357650,PRAGMATA,,9032,Action,"CAPCOM Co., Ltd.","Apr 17, 2026",59.99
677bca0c,2026-05-06,01:48:57,629520,SOUNDPAD,,9403,Audio Production,Leppsoft,"Sep 30, 2017",4.99
3d5f1c0a,2026-05-06,01:48:57,1144200,READY OR NOT,,7689,Action,VOID Interactive,"Dec 13, 2023",24.99
922a06ea,2026-05-06,01:48:57,2584990,SHADOWVERSE: WORLDS BEYOND,,7395,Casual,"Cygames, Inc.","Jun 14, 2025",0.0
30068168,2026-05-06,01:48:57,1665460,EFOOTBALL™,,11110,Simulation,KONAMI,"Sep 29, 2021",0.0
2d4abf0f,2026-05-06,01:48:57,594650,HUNT: SHOWDOWN 1896,,7861,Action,Crytek,"Aug 27, 2019",13.49
2cf4f82a,2026-05-06,01:48:57,2923300,BANANA,,4376,Adventure,Sky,"Apr 23, 2024",0.0
4175b8e3,2026-05-06,01:48:57,4465480,COUNTER-STRIKE:GLOBAL OFFENSIVE,,9382,Action,Valve,"Aug 21, 2012",0.0
76b6f331,2026-05-06,01:48:57,291550,BRAWLHALLA,,10819,Action,Blue Mammoth Games,"Oct 17, 2017",0.0
cafd8fb6,2026-05-06,01:48:57,1449850,YU-GI-OH! MASTER DUEL,,9981,Simulation,KONAMI,"18 Jan, 2022",0.0
c59bcc9d,2026-05-06,01:48:57,1716740,STARFIELD,,8916,RPG,Bethesda Game Studios,"Sep 5, 2023",49.99
e1d5e568,2026-05-06,01:48:57,306130,THE ELDER SCROLLS® ONLINE,,10252,Action,ZeniMax Online Studios,"May 22, 2017",19.99
df154d0b,2026-05-06,01:48:57,238960,PATH OF EXILE,,7349,Action,Grinding Gear Games,"23 Oct, 2013",0.0
579901cb,2026-05-06,01:48:57,3679080,THE SEVEN DEADLY SINS: ORIGIN,,6337,Action,Netmarble F&C,"Mar 16, 2026",0.0
ed36a474,2026-05-07,01:52:44,730,COUNTER-STRIKE 2,1,604995,Action,Valve,"21 Aug, 2012",0.0
e2ef14ec,2026-05-07,01:52:44,570,DOTA 2,2,274808,Action,Valve,"Jul 9, 2013",0.0
e67f7487,2026-05-07,01:52:44,2676230,FIVEM,3,128383,Other,,,0.0
033765f9,2026-05-07,01:52:44,3419430,BONGO CAT,4,114222,Casual,Marcel Zurawka,"Mar 5, 2025",0.0
d2661eeb,2026-05-07,01:52:44,578080,PUBG: BATTLEGROUNDS,5,108742,Action,PUBG Corporation,"21 Dec, 2017",0.0
7e6deeac,2026-05-07,01:52:44,2868840,SLAY THE SPIRE 2,6,100507,Indie,Mega Crit,"Mar 5, 2026",24.99
23f38a88,2026-05-07,01:52:44,1172470,APEX LEGENDS™,7,91363,Action,Respawn,"4 Nov, 2020",0.0
f2adf163,2026-05-07,01:52:44,359550,TOM CLANCY'S RAINBOW SIX SIEGE,8,83070,Action,Ubisoft Montreal,"Dec 1, 2015",0.0
67933af3,2026-05-07,01:52:44,2767030,MARVEL RIVALS,9,83375,Action,NetEase Games,"5 Dec, 2024",0.0
df0a0fc7,2026-05-07,01:52:44,1808500,ARC RAIDERS,10,69938,Action,Embark Studios,"30 Oct, 2025",39.99
53511272,2026-05-07,01:52:44,1422450,DEADLOCK,11,0,Action,Valve,To be announced,0.0
a9691731,2026-05-07,01:52:44,3041230,WINDROSE,12,62780,Action,Kraken Express,"Apr 14, 2026",29.99
1b3249e7,2026-05-07,01:52:44,252490,RUST,13,54431,Action,Facepunch Studios,"Feb 8, 2018",39.99
ed390eae,2026-05-07,01:52:44,2507950,DELTA FORCE,14,54981,Action,Team Jade,"4 Dec, 2024",0.0
40fef8f1,2026-05-07,01:52:44,2357570,OVERWATCH®,15,54024,Action,"Blizzard Entertainment, Inc.","Aug 10, 2023",0.0
23be05c7,2026-05-07,01:52:44,230410,WARFRAME,16,53931,Action,Digital Extremes,"25 Mar, 2013",0.0
2547febe,2026-05-07,01:52:44,431960,WALLPAPER ENGINE,17,51812,Casual,Wallpaper Engine Team,"Nov 16, 2018",4.99
567b477d,2026-05-07,01:52:44,322170,GEOMETRY DASH,18,50062,Action,RobTop Games,"Dec 22, 2014",4.99
4bb477e8,2026-05-07,01:52:44,381210,DEAD BY DAYLIGHT,19,48765,Action,Behaviour Interactive Inc.,"Jun 14, 2016",7.99
c5c8dd4d,2026-05-07,01:52:44,3321460,CRIMSON DESERT,20,43590,Action,Pearl Abyss,"Mar 19, 2026",69.99
a40462bc,2026-05-07,01:52:44,1086940,BALDUR'S GATE 3,21,42574,Adventure,Larian Studios,"Aug 3, 2023",59.99
2001dbd7,2026-05-07,01:52:44,413150,STARDEW VALLEY,22,41866,Indie,ConcernedApe,"Feb 26, 2016",14.99
4de5980c,2026-05-07,01:52:44,438100,VRCHAT,23,41298,Adventure,VRChat Inc.,"1 Feb, 2017",0.0
6365f4b9,2026-05-07,01:52:44,271590,GRAND THEFT AUTO V LEGACY,24,38982,Action,Rockstar North,"Apr 13, 2015",0.0
c0dc492a,2026-05-07,01:52:44,553850,HELLDIVERS™ 2,25,37231,Action,Arrowhead Game Studios,"8 Feb, 2024",39.99
72ab8e9d,2026-05-07,01:52:44,3892270,GAMBLE WITH YOUR FRIENDS,26,36967,Adventure,SkyBrave,"1 May, 2026",4.95
de8a90ed,2026-05-07,01:52:44,3405690,EA SPORTS FC™ 26,27,36543,Simulation,EA Canada,"25 Sep, 2025",20.99
62f0a636,2026-05-07,01:52:44,236390,WAR THUNDER,28,34664,Action,Gaijin Entertainment,"Aug 15, 2013",0.0
32485c3e,2026-05-07,01:52:44,1938090,CALL OF DUTY®,29,33458,Action,Treyarch,"Oct 27, 2022",0.0
0d40f5a6,2026-05-07,01:52:44,2807960,BATTLEFIELD™ 6,30,33157,Action,Battlefield Studios,"10 Oct, 2025",41.99
b78b40b4,2026-05-07,01:52:44,440,TEAM FORTRESS 2,31,32868,Action,Valve,"Oct 10, 2007",0.0
b6635a73,2026-05-07,01:52:44,1366800,CROSSHAIR X,32,32250,Action,CenterPoint Gaming,"Aug 17, 2020",9.99
02b43fbc,2026-05-07,01:52:44,2344520,DIABLO® IV,33,32322,Action,"Blizzard Entertainment, Inc.","Oct 17, 2023",49.99
c56de046,2026-05-07,01:52:44,221100,DAYZ,34,30448,Action,Bohemia Interactive,"Dec 13, 2018",49.99
71f4fbe0,2026-05-07,01:52:44,39210,FINAL FANTASY XIV ONLINE,35,30715,Massively Multiplayer,Square Enix,"Feb 18, 2014",19.99
2f2b8a0d,2026-05-07,01:52:44,240,COUNTER-STRIKE: SOURCE,36,29407,Action,Valve,"1 Nov, 2004",5.79
df999faf,2026-05-07,01:52:44,3240220,GRAND THEFT AUTO V ENHANCED,37,27323,Action,Rockstar North,"Mar 4, 2025",19.79
357a1071,2026-05-07,01:52:44,3124540,FAR FAR WEST,38,26939,Action,Evil Raptor,"Apr 28, 2026",17.99
ffe95d58,2026-05-07,01:52:44,550,LEFT 4 DEAD 2,39,26156,Action,Valve,"Nov 16, 2009",9.99
c5ce5d48,2026-05-07,01:52:44,1245620,ELDEN RING,40,25922,Action,"FromSoftware, Inc.","Feb 24, 2022",59.99
7cb9de34,2026-05-07,01:52:44,218620,PAYDAY 2,41,24329,Action,OVERKILL - a Starbreeze Studio.,"Aug 13, 2013",9.99
624ec1a3,2026-05-07,01:52:44,1091500,CYBERPUNK 2077,42,22434,RPG,CD PROJEKT RED,"Dec 9, 2020",20.99
1819d4fc,2026-05-07,01:52:44,108600,PROJECT ZOMBOID,43,22324,Indie,The Indie Stone,"Nov 8, 2013",19.99
70b3f605,2026-05-07,01:52:44,394360,HEARTS OF IRON IV,44,22118,Simulation,Paradox Development Studio,"Jun 6, 2016",49.99
1b94319b,2026-05-07,01:52:44,289070,SID MEIER’S CIVILIZATION® VI,45,22051,Strategy,Firaxis Games,"Oct 21, 2016",59.99
ba23aa77,2026-05-07,01:52:44,1222670,THE SIMS™ 4,46,21423,Adventure,Maxis,"Jun 18, 2020",0.0
26aa04fd,2026-05-07,01:52:44,489830,THE ELDER SCROLLS V: SKYRIM SPECIAL EDITION,47,21551,RPG,Bethesda Game Studios,"Oct 27, 2016",39.99
426376f6,2026-05-07,01:52:44,294100,RIMWORLD,48,21484,Indie,Ludeon Studios,"Oct 17, 2018",34.99
881a3d80,2026-05-07,01:52:44,252950,ROCKET LEAGUE®,49,20851,Action,Psyonix LLC,"Jul 7, 2015",0.0
95ba5b84,2026-05-07,01:52:44,440900,CONAN EXILES ENHANCED,50,20696,Action,Funcom,"May 8, 2018",29.99
500c2a77,2026-05-07,01:52:44,739630,PHASMOPHOBIA,51,19082,Action,Kinetic Games,"Sep 18, 2020",19.99
81bc18cf,2026-05-07,01:52:44,2399830,ARK: SURVIVAL ASCENDED,52,19028,Action,Studio Wildcard,"Oct 25, 2023",44.99
712a6ea5,2026-05-07,01:52:44,105600,TERRARIA,53,18884,Action,Re-Logic,"May 16, 2011",9.99
c09761f4,2026-05-07,01:52:44,3241660,R.E.P.O.,54,18525,Action,semiwork,"Feb 26, 2025",9.99
8f3bef23,2026-05-07,01:52:44,3472040,NBA 2K26,55,17274,Sports,Visual Concepts,"Sep 4, 2025",19.99
7c65eb62,2026-05-07,01:52:44,582660,BLACK DESERT,56,17139,Action,Pearl Abyss,"May 24, 2017",0.99
1adc9076,2026-05-07,01:52:44,1174180,RED DEAD REDEMPTION 2,57,16790,Action,Rockstar Games,"Dec 5, 2019",59.99
65bc274b,2026-05-07,01:52:44,4000,GARRY'S MOD,58,16356,Casual,Facepunch Studios,"Nov 29, 2006",4.99
3eca2a79,2026-05-07,01:52:44,2073620,ARENA BREAKOUT: INFINITE,59,16141,Action,Morefun Studios,"Sep 15, 2025",0.0
cdfcbed7,2026-05-07,01:52:44,284160,BEAMNG.DRIVE,60,15976,Racing,BeamNG,"May 29, 2015",24.99
f06945f1,2026-05-07,01:52:44,251570,7 DAYS TO DIE,61,15817,Action,The Fun Pimps,"Jul 25, 2024",44.99
77279e98,2026-05-07,01:52:44,3164500,SCHEDULE I,62,15709,Action,TVGS,"Mar 24, 2025",19.99
c9df3ad3,2026-05-07,01:52:44,813780,AGE OF EMPIRES II: DEFINITIVE EDITION,63,15590,Strategy,World's Edge,"Nov 14, 2019",12.24
b4f5c158,2026-05-07,01:52:44,892970,VALHEIM,64,15569,Action,Iron Gate AB,"Feb 2, 2021",9.99
76338131,2026-05-07,01:52:44,1158310,CRUSADER KINGS III,65,15106,RPG,Paradox Development Studio,"Sep 1, 2020",14.99
d710f27f,2026-05-07,01:52:44,3551340,FOOTBALL MANAGER 26,66,15027,Simulation,Sports Interactive,"Nov 4, 2025",59.99
807212ef,2026-05-07,01:52:44,4128580,BIDKING,67,15241,Casual,MindSurge Network & Games,"Apr 15, 2026",2.99
0e2b3240,2026-05-07,01:52:44,250900,THE BINDING OF ISAAC: REBIRTH,68,14846,Action,"Nicalis, Inc.","Nov 4, 2014",14.99
80fd7aad,2026-05-07,01:52:44,1142710,TOTAL WAR: WARHAMMER III,69,14857,Action,CREATIVE ASSEMBLY,"Feb 17, 2022",59.99
354556fc,2026-05-07,01:52:44,1281930,TMODLOADER,70,14681,Action,TML Team,"May 16, 2020",0.0
f316885d,2026-05-07,01:52:44,2300320,FARMING SIMULATOR 25,71,14190,Simulation,GIANTS Software,"Nov 12, 2024",29.99
9e762eda,2026-05-07,01:52:44,220200,KERBAL SPACE PROGRAM,72,13915,Indie,Squad,"Apr 27, 2015",39.99
17997d00,2026-05-07,01:52:44,526870,SATISFACTORY,73,13946,Adventure,Coffee Stain Studios,"Sep 10, 2024",27.99
e7c53738,2026-05-07,01:52:44,261550,MOUNT & BLADE II: BANNERLORD,74,13819,Action,TaleWorlds Entertainment,"Oct 25, 2022",24.99
f73c0a00,2026-05-07,01:52:44,4465480,COUNTER-STRIKE:GLOBAL OFFENSIVE,75,13198,Action,Valve,"Aug 21, 2012",0.0
b5073114,2026-05-07,01:52:44,3105440,HEROES OF MIGHT AND MAGIC: OLDEN ERA,76,13439,RPG,Unfrozen,"Apr 30, 2026",29.99
a9b2b9ca,2026-05-07,01:52:44,281990,STELLARIS,77,13275,Simulation,Paradox Development Studio,"May 9, 2016",39.99
f2b79b6e,2026-05-07,01:52:44,3065800,MARATHON,78,13171,Action,Bungie,"Mar 5, 2026",31.99
0d478c73,2026-05-07,01:52:44,427520,FACTORIO,79,13148,Casual,Wube Software LTD.,"Aug 14, 2020",35.0
764c5936,2026-05-07,01:52:44,376210,THE ISLE,80,12821,Action,Afterthought LLC,"Dec 1, 2015",19.99
674cfdf4,2026-05-07,01:52:44,3564740,WHERE WINDS MEET,81,12704,Action,Everstone Studio,"14 Nov, 2025",0.0
24f4ba3d,2026-05-07,01:52:44,322330,DON'T STARVE TOGETHER,82,12754,Action,Klei Entertainment,"Apr 21, 2016",14.99
f92dca26,2026-05-07,01:52:44,1623730,PALWORLD,83,12540,Action,Pocketpair,"Jan 19, 2024",29.99
a3740190,2026-05-07,01:52:44,4025700,HEARTOPIA,84,12257,Casual,XD,"16 Jan, 2026",0.0
f547ddaf,2026-05-07,01:52:44,1905180,OBS STUDIO,85,12264,Utilities,OBS Project,"Mar 21, 2022",0.0
85c18c8c,2026-05-07,01:52:44,1203620,ENSHROUDED,86,12110,Action,Keen Games GmbH,"Jan 24, 2024",23.99
38fef821,2026-05-07,01:52:44,3527290,PEAK,87,12130,Action,Team PEAK,"16 Jun, 2025",7.49
36c28b8b,2026-05-07,01:52:44,1623660,MIR4,88,12103,Action,Wemade Next,"Aug 25, 2021",0.0
45b3bb95,2026-05-07,01:52:44,304930,UNTURNED,89,11943,Action,Smartly Dressed Games,"Jul 7, 2017",0.0
657bf719,2026-05-07,01:52:44,2622380,ELDEN RING NIGHTREIGN,90,11702,Action,"FromSoftware, Inc.","29 May, 2025",39.99
2e3f4d53,2026-05-07,01:52:44,346110,ARK: SURVIVAL EVOLVED,91,11858,Action,Studio Wildcard,"Aug 27, 2017",14.99
249e23a9,2026-05-07,01:52:44,3513350,WUTHERING WAVES,92,11813,Action,KURO GAMES,"Apr 28, 2025",0.0
959ed3ed,2026-05-07,01:52:44,1874880,ARMA REFORGER,93,11662,Action,Bohemia Interactive,"Nov 16, 2023",39.99
72923054,2026-05-07,01:52:44,8930,SID MEIER'S CIVILIZATION® V,94,11454,Strategy,Firaxis Games,"Sep 21, 2010",29.99
e49544d6,2026-05-07,01:52:44,227300,EURO TRUCK SIMULATOR 2,95,11378,Indie,SCS Software,"Oct 12, 2012",19.99
0f333513,2026-05-07,01:52:44,291550,BRAWLHALLA,96,11199,Action,Blue Mammoth Games,"Oct 17, 2017",0.0
d5f26ef5,2026-05-07,01:52:44,1476970,IDLEON,97,11147,Casual,Lavaflame2,"Nov 6, 2025",0.0
e6e0d00b,2026-05-07,01:52:44,2073850,THE FINALS,98,11087,Action,Embark Studios,"Dec 7, 2023",0.0
4d5fd586,2026-05-07,01:52:44,377160,FALLOUT 4,99,10789,RPG,Bethesda Game Studios,"Nov 9, 2015",19.99
7fda5cb2,2026-05-07,01:52:44,1665460,EFOOTBALL™,100,9157,Simulation,KONAMI,"Sep 29, 2021",0.0
e2f87268,2026-05-07,01:52:44,1144200,READY OR NOT,,7664,Action,VOID Interactive,"Dec 13, 2023",24.99
dc70f11d,2026-05-07,01:52:44,552990,WORLD OF WARSHIPS,,6431,Action,Wargaming Group Limited,"Nov 15, 2017",0.0
44311be0,2026-05-07,01:52:44,629520,SOUNDPAD,,9276,Audio Production,Leppsoft,"Sep 30, 2017",4.99
58ce92d7,2026-05-07,01:52:44,238960,PATH OF EXILE,,7113,Action,Grinding Gear Games,"23 Oct, 2013",0.0
764ec2b5,2026-05-07,01:52:44,2252570,FOOTBALL MANAGER 2024,,9093,Simulation,Sports Interactive,"Nov 6, 2023",0.0
79cfd9f7,2026-05-07,01:52:44,1203220,NARAKA: BLADEPOINT,,9100,Action,24 Entertainment,"11 Aug, 2021",0.0
e0f982e0,2026-05-07,01:52:44,960090,BLOONS TD 6,,10216,Strategy,Ninja Kiwi,"Dec 17, 2018",13.99
e64bd8e4,2026-05-07,01:52:44,3357650,PRAGMATA,,7619,Action,"CAPCOM Co., Ltd.","Apr 17, 2026",59.99
5d2fc229,2026-05-07,01:52:44,2479810,GRAY ZONE WARFARE,,7851,Action,"MADFINGER Games, a.s.","Apr 30, 2024",39.99
f4ceec8a,2026-05-07,01:52:44,1973530,LIMBUS COMPANY,,4581,Other,ProjectMoon,"26 Feb, 2023",0.0
dd390db8,2026-05-07,01:52:44,2584990,SHADOWVERSE: WORLDS BEYOND,,5357,Casual,"Cygames, Inc.","Jun 14, 2025",0.0
186d5812,2026-05-07,01:52:44,3224770,UMAMUSUME: PRETTY DERBY,,9287,Simulation,"Cygames, Inc.","24 Jun, 2025",0.0
558424de,2026-05-07,01:52:44,3679080,THE SEVEN DEADLY SINS: ORIGIN,,6927,Action,Netmarble F&C,"Mar 16, 2026",0.0
cdbba8d7,2026-05-07,01:52:44,1449850,YU-GI-OH! MASTER DUEL,,9518,Simulation,KONAMI,"18 Jan, 2022",0.0
c75c0f3c,2026-05-07,01:52:44,1716740,STARFIELD,,8435,RPG,Bethesda Game Studios,"Sep 5, 2023",49.99
c3979b52,2026-05-07,01:52:44,1974050,TORCHLIGHT: INFINITE,,4699,Action,XD,"May 9, 2023",0.0
41f65dc5,2026-05-07,01:52:44,275850,NO MAN'S SKY,,8209,Action,Hello Games,"Aug 12, 2016",59.99
90756236,2026-05-07,01:52:44,2923300,BANANA,,5897,Adventure,Sky,"Apr 23, 2024",0.0
fd3e4323,2026-05-07,01:52:44,594650,HUNT: SHOWDOWN 1896,,8281,Action,Crytek,"Aug 27, 2019",13.49
597f9470,2026-05-07,01:52:44,3265700,VAMPIRE CRAWLERS: THE TURBO WILDCARD FROM VAMPIRE SURVIVORS,,8040,Action,poncle,"Apr 21, 2026",9.99
bc89034a,2026-05-07,01:52:44,1364780,STREET FIGHTER™ 6,,10265,Action,"CAPCOM Co., Ltd.","Jun 1, 2023",19.99
e938e4c8,2026-05-07,01:52:44,2646460,SOULMASK,,6755,Adventure,CampFire Studio,"Apr 9, 2026",29.99
7a44e3b3,2026-05-07,01:52:44,306130,THE ELDER SCROLLS® ONLINE,,10024,Action,ZeniMax Online Studios,"May 22, 2017",19.99
cfefa0f7,2026-05-08,01:58:20,730,COUNTER-STRIKE 2,1,594493,Action,Valve,"21 Aug, 2012",0.0
b8a37a0e,2026-05-08,01:58:20,570,DOTA 2,2,268185,Action,Valve,"Jul 9, 2013",0.0
476c0cdc,2026-05-08,01:58:20,2676230,FIVEM,3,127843,Other,,,0.0
e9f311a1,2026-05-08,01:58:20,578080,PUBG: BATTLEGROUNDS,4,108712,Action,PUBG Corporation,"21 Dec, 2017",0.0
355399af,2026-05-08,01:58:20,252490,RUST,5,108465,Action,Facepunch Studios,"Feb 8, 2018",39.99
429e9237,2026-05-08,01:58:20,2868840,SLAY THE SPIRE 2,6,105380,Indie,Mega Crit,"Mar 5, 2026",24.99
718ac71b,2026-05-08,01:58:20,3419430,BONGO CAT,7,94097,Casual,Marcel Zurawka,"Mar 5, 2025",0.0
ee53bc58,2026-05-08,01:58:20,1172470,APEX LEGENDS™,8,86558,Action,Respawn,"4 Nov, 2020",0.0
60fb5c67,2026-05-08,01:58:20,2767030,MARVEL RIVALS,9,83167,Action,NetEase Games,"5 Dec, 2024",0.0
89d3e8a8,2026-05-08,01:58:20,359550,TOM CLANCY'S RAINBOW SIX SIEGE,10,78864,Action,Ubisoft Montreal,"Dec 1, 2015",0.0
8c8793c6,2026-05-08,01:58:20,1808500,ARC RAIDERS,11,69555,Action,Embark Studios,"30 Oct, 2025",39.99
60815284,2026-05-08,01:58:20,1422450,DEADLOCK,12,0,Action,Valve,To be announced,0.0
3ba12271,2026-05-08,01:58:20,3241660,R.E.P.O.,13,62199,Action,semiwork,"Feb 26, 2025",9.99
7f0e075b,2026-05-08,01:58:20,3041230,WINDROSE,14,58262,Action,Kraken Express,"Apr 14, 2026",29.99
3bf38ab0,2026-05-08,01:58:20,2507950,DELTA FORCE,15,54674,Action,Team Jade,"4 Dec, 2024",0.0
c637bf93,2026-05-08,01:58:20,2357570,OVERWATCH®,16,53724,Action,"Blizzard Entertainment, Inc.","Aug 10, 2023",0.0
40743224,2026-05-08,01:58:20,230410,WARFRAME,17,53120,Action,Digital Extremes,"25 Mar, 2013",0.0
facb90f5,2026-05-08,01:58:20,431960,WALLPAPER ENGINE,18,51919,Casual,Wallpaper Engine Team,"Nov 16, 2018",4.99
26eeca08,2026-05-08,01:58:20,322170,GEOMETRY DASH,19,51021,Action,RobTop Games,"Dec 22, 2014",4.99
cfdebd86,2026-05-08,01:58:20,440,TEAM FORTRESS 2,20,47493,Action,Valve,"Oct 10, 2007",0.0
499995e2,2026-05-08,01:58:20,381210,DEAD BY DAYLIGHT,21,47599,Action,Behaviour Interactive Inc.,"Jun 14, 2016",7.99
8035f27d,2026-05-08,01:58:20,552990,WORLD OF WARSHIPS,22,45345,Action,Wargaming Group Limited,"Nov 15, 2017",0.0
3310bb53,2026-05-08,01:58:20,1086940,BALDUR'S GATE 3,23,42569,Adventure,Larian Studios,"Aug 3, 2023",59.99
41047288,2026-05-08,01:58:20,3321460,CRIMSON DESERT,24,42101,Action,Pearl Abyss,"Mar 19, 2026",69.99
a1f7b858,2026-05-08,01:58:20,413150,STARDEW VALLEY,25,41393,Indie,ConcernedApe,"Feb 26, 2016",14.99
71455a13,2026-05-08,01:58:20,438100,VRCHAT,26,41166,Adventure,VRChat Inc.,"1 Feb, 2017",0.0
c07ed649,2026-05-08,01:58:20,271590,GRAND THEFT AUTO V LEGACY,27,38259,Action,Rockstar North,"Apr 13, 2015",0.0
de2c0d58,2026-05-08,01:58:20,3405690,EA SPORTS FC™ 26,28,37145,Simulation,EA Canada,"25 Sep, 2025",20.99
1b62d466,2026-05-08,01:58:20,553850,HELLDIVERS™ 2,29,36817,Action,Arrowhead Game Studios,"8 Feb, 2024",39.99
b7a1e13d,2026-05-08,01:58:20,3892270,GAMBLE WITH YOUR FRIENDS,30,35895,Adventure,SkyBrave,"1 May, 2026",4.95
41a3b8b0,2026-05-08,01:58:20,236390,WAR THUNDER,31,36110,Action,Gaijin Entertainment,"Aug 15, 2013",0.0
896d528c,2026-05-08,01:58:20,1938090,CALL OF DUTY®,32,34529,Action,Treyarch,"Oct 27, 2022",0.0
4fcd9794,2026-05-08,01:58:20,2807960,BATTLEFIELD™ 6,33,32460,Action,Battlefield Studios,"10 Oct, 2025",41.99
a8d08846,2026-05-08,01:58:20,1973530,LIMBUS COMPANY,34,32722,Other,ProjectMoon,"26 Feb, 2023",0.0
4b738310,2026-05-08,01:58:20,2344520,DIABLO® IV,35,32057,Action,"Blizzard Entertainment, Inc.","Oct 17, 2023",49.99
060a5a7d,2026-05-08,01:58:20,3240220,GRAND THEFT AUTO V ENHANCED,36,31268,Action,Rockstar North,"Mar 4, 2025",19.79
2cefbb14,2026-05-08,01:58:20,1366800,CROSSHAIR X,37,31027,Action,CenterPoint Gaming,"Aug 17, 2020",9.99
b48eef54,2026-05-08,01:58:20,221100,DAYZ,38,29737,Action,Bohemia Interactive,"Dec 13, 2018",49.99
fc9b307b,2026-05-08,01:58:20,39210,FINAL FANTASY XIV ONLINE,39,29888,Massively Multiplayer,Square Enix,"Feb 18, 2014",19.99
0077e064,2026-05-08,01:58:20,550,LEFT 4 DEAD 2,40,26940,Action,Valve,"Nov 16, 2009",9.99
5f2d82f2,2026-05-08,01:58:20,1245620,ELDEN RING,41,26196,Action,"FromSoftware, Inc.","Feb 24, 2022",59.99
5b5e53b4,2026-05-08,01:58:20,3124540,FAR FAR WEST,42,25399,Action,Evil Raptor,"Apr 28, 2026",17.99
2a56c0d9,2026-05-08,01:58:20,240,COUNTER-STRIKE: SOURCE,43,23031,Action,Valve,"1 Nov, 2004",5.79
1280b924,2026-05-08,01:58:20,289070,SID MEIER’S CIVILIZATION® VI,44,22744,Strategy,Firaxis Games,"Oct 21, 2016",59.99
3a3ac047,2026-05-08,01:58:20,440900,CONAN EXILES ENHANCED,45,22777,Action,Funcom,"May 8, 2018",29.99
2cdae314,2026-05-08,01:58:20,4465480,COUNTER-STRIKE:GLOBAL OFFENSIVE,46,22477,Action,Valve,"Aug 21, 2012",0.0
c13a14f9,2026-05-08,01:58:20,394360,HEARTS OF IRON IV,47,22509,Simulation,Paradox Development Studio,"Jun 6, 2016",49.99
b7d4113d,2026-05-08,01:58:20,1091500,CYBERPUNK 2077,48,22311,RPG,CD PROJEKT RED,"Dec 9, 2020",20.99
84a746c4,2026-05-08,01:58:20,108600,PROJECT ZOMBOID,49,22233,Indie,The Indie Stone,"Nov 8, 2013",19.99
2920b9ac,2026-05-08,01:58:20,489830,THE ELDER SCROLLS V: SKYRIM SPECIAL EDITION,50,21465,RPG,Bethesda Game Studios,"Oct 27, 2016",39.99
50789a86,2026-05-08,01:58:20,294100,RIMWORLD,51,21401,Indie,Ludeon Studios,"Oct 17, 2018",34.99
3c6f6e80,2026-05-08,01:58:20,1222670,THE SIMS™ 4,52,21027,Adventure,Maxis,"Jun 18, 2020",0.0
87ddafb0,2026-05-08,01:58:20,252950,ROCKET LEAGUE®,53,21050,Action,Psyonix LLC,"Jul 7, 2015",0.0
ea2ef5f5,2026-05-08,01:58:20,2399830,ARK: SURVIVAL ASCENDED,54,18606,Action,Studio Wildcard,"Oct 25, 2023",44.99
403d3343,2026-05-08,01:58:20,582660,BLACK DESERT,55,18588,Action,Pearl Abyss,"May 24, 2017",0.99
a70b3749,2026-05-08,01:58:20,105600,TERRARIA,56,18642,Action,Re-Logic,"May 16, 2011",9.99
8fffed0a,2026-05-08,01:58:20,3472040,NBA 2K26,57,17455,Sports,Visual Concepts,"Sep 4, 2025",19.99
dcf8b1f5,2026-05-08,01:58:20,4128580,BIDKING,58,17143,Casual,MindSurge Network & Games,"Apr 15, 2026",2.99
b3d415ef,2026-05-08,01:58:20,1174180,RED DEAD REDEMPTION 2,59,16603,Action,Rockstar Games,"Dec 5, 2019",59.99
71a08847,2026-05-08,01:58:20,4000,GARRY'S MOD,60,16387,Casual,Facepunch Studios,"Nov 29, 2006",4.99
fe85acc7,2026-05-08,01:58:20,2073620,ARENA BREAKOUT: INFINITE,61,15991,Action,Morefun Studios,"Sep 15, 2025",0.0
b9e3cac6,2026-05-08,01:58:20,284160,BEAMNG.DRIVE,62,15644,Racing,BeamNG,"May 29, 2015",24.99
c7808702,2026-05-08,01:58:20,739630,PHASMOPHOBIA,63,15824,Action,Kinetic Games,"Sep 18, 2020",19.99
e55f1211,2026-05-08,01:58:20,251570,7 DAYS TO DIE,64,15725,Action,The Fun Pimps,"Jul 25, 2024",44.99
a5f4828b,2026-05-08,01:58:20,813780,AGE OF EMPIRES II: DEFINITIVE EDITION,65,15656,Strategy,World's Edge,"Nov 14, 2019",12.24
e5afe548,2026-05-08,01:58:20,3551340,FOOTBALL MANAGER 26,66,15287,Simulation,Sports Interactive,"Nov 4, 2025",59.99
92a9aa60,2026-05-08,01:58:20,892970,VALHEIM,67,15305,Action,Iron Gate AB,"Feb 2, 2021",9.99
2e29d99c,2026-05-08,01:58:20,1142710,TOTAL WAR: WARHAMMER III,68,15034,Action,CREATIVE ASSEMBLY,"Feb 17, 2022",59.99
5bfc4cc1,2026-05-08,01:58:20,218620,PAYDAY 2,69,12351,Action,OVERKILL - a Starbreeze Studio.,"Aug 13, 2013",9.99
b983dd60,2026-05-08,01:58:20,1158310,CRUSADER KINGS III,70,14899,RPG,Paradox Development Studio,"Sep 1, 2020",14.99
88fbc684,2026-05-08,01:58:20,250900,THE BINDING OF ISAAC: REBIRTH,71,14898,Action,"Nicalis, Inc.","Nov 4, 2014",14.99
3f7b5740,2026-05-08,01:58:20,3065800,MARATHON,72,14882,Action,Bungie,"Mar 5, 2026",31.99
4018148a,2026-05-08,01:58:20,3164500,SCHEDULE I,73,14805,Action,TVGS,"Mar 24, 2025",19.99
fdee0809,2026-05-08,01:58:20,2073850,THE FINALS,74,14626,Action,Embark Studios,"Dec 7, 2023",0.0
3d1f9d72,2026-05-08,01:58:20,1281930,TMODLOADER,75,14764,Action,TML Team,"May 16, 2020",0.0
b8d63914,2026-05-08,01:58:20,3513350,WUTHERING WAVES,76,14246,Action,KURO GAMES,"Apr 28, 2025",0.0
61f2e2f9,2026-05-08,01:58:20,1665460,EFOOTBALL™,77,13910,Simulation,KONAMI,"Sep 29, 2021",0.0
82f7b1bf,2026-05-08,01:58:20,526870,SATISFACTORY,78,13969,Adventure,Coffee Stain Studios,"Sep 10, 2024",27.99
5eb37dbc,2026-05-08,01:58:20,2300320,FARMING SIMULATOR 25,79,13887,Simulation,GIANTS Software,"Nov 12, 2024",29.99
4e37a512,2026-05-08,01:58:20,261550,MOUNT & BLADE II: BANNERLORD,80,13779,Action,TaleWorlds Entertainment,"Oct 25, 2022",24.99
4649fb1d,2026-05-08,01:58:20,322330,DON'T STARVE TOGETHER,81,13620,Action,Klei Entertainment,"Apr 21, 2016",14.99
c5d40a96,2026-05-08,01:58:20,220200,KERBAL SPACE PROGRAM,82,13582,Indie,Squad,"Apr 27, 2015",39.99
f6653754,2026-05-08,01:58:20,281990,STELLARIS,83,13414,Simulation,Paradox Development Studio,"May 9, 2016",39.99
5a663f40,2026-05-08,01:58:20,3105440,HEROES OF MIGHT AND MAGIC: OLDEN ERA,84,13157,RPG,Unfrozen,"Apr 30, 2026",29.99
9cccfb62,2026-05-08,01:58:20,427520,FACTORIO,85,12984,Casual,Wube Software LTD.,"Aug 14, 2020",35.0
1df5adf3,2026-05-08,01:58:20,376210,THE ISLE,86,12567,Action,Afterthought LLC,"Dec 1, 2015",19.99
3a919502,2026-05-08,01:58:20,3564740,WHERE WINDS MEET,87,12507,Action,Everstone Studio,"14 Nov, 2025",0.0
aaa30e0e,2026-05-08,01:58:20,1623730,PALWORLD,88,12457,Action,Pocketpair,"Jan 19, 2024",29.99
9ac73015,2026-05-08,01:58:20,1449850,YU-GI-OH! MASTER DUEL,89,12374,Simulation,KONAMI,"18 Jan, 2022",0.0
fc293d4d,2026-05-08,01:58:20,1905180,OBS STUDIO,90,12484,Utilities,OBS Project,"Mar 21, 2022",0.0
09ba26ac,2026-05-08,01:58:20,2622380,ELDEN RING NIGHTREIGN,91,12060,Action,"FromSoftware, Inc.","29 May, 2025",39.99
47b31d62,2026-05-08,01:58:20,1623660,MIR4,92,11992,Action,Wemade Next,"Aug 25, 2021",0.0
8206f786,2026-05-08,01:58:20,227300,EURO TRUCK SIMULATOR 2,93,11749,Indie,SCS Software,"Oct 12, 2012",19.99
d76a1659,2026-05-08,01:58:20,1203620,ENSHROUDED,94,11710,Action,Keen Games GmbH,"Jan 24, 2024",23.99
1cdea814,2026-05-08,01:58:20,8930,SID MEIER'S CIVILIZATION® V,95,11642,Strategy,Firaxis Games,"Sep 21, 2010",29.99
d3985896,2026-05-08,01:58:20,4025700,HEARTOPIA,96,11678,Casual,XD,"16 Jan, 2026",0.0
e496f046,2026-05-08,01:58:20,1874880,ARMA REFORGER,97,11489,Action,Bohemia Interactive,"Nov 16, 2023",39.99
9b1b5fed,2026-05-08,01:58:20,346110,ARK: SURVIVAL EVOLVED,98,11639,Action,Studio Wildcard,"Aug 27, 2017",14.99
a1bd4288,2026-05-08,01:58:20,291550,BRAWLHALLA,99,11538,Action,Blue Mammoth Games,"Oct 17, 2017",0.0
8f5154c5,2026-05-08,01:58:20,304930,UNTURNED,100,11219,Action,Smartly Dressed Games,"Jul 7, 2017",0.0
0f4d0c2f,2026-05-08,01:58:20,377160,FALLOUT 4,,10909,RPG,Bethesda Game Studios,"Nov 9, 2015",19.99
3dbb5fe1,2026-05-08,01:58:20,2923300,BANANA,,4088,Adventure,Sky,"Apr 23, 2024",0.0
4130b96c,2026-05-08,01:58:20,629520,SOUNDPAD,,9550,Audio Production,Leppsoft,"Sep 30, 2017",4.99
b74bb4bb,2026-05-08,01:58:20,3224770,UMAMUSUME: PRETTY DERBY,,8992,Simulation,"Cygames, Inc.","24 Jun, 2025",0.0
5731503c,2026-05-08,01:58:20,1476970,IDLEON,,10979,Casual,Lavaflame2,"Nov 6, 2025",0.0
cf4d9640,2026-05-08,01:58:20,960090,BLOONS TD 6,,9680,Strategy,Ninja Kiwi,"Dec 17, 2018",13.99
f963c093,2026-05-08,01:58:20,1203220,NARAKA: BLADEPOINT,,8789,Action,24 Entertainment,"11 Aug, 2021",0.0
1ec6aaf6,2026-05-08,01:58:20,2646460,SOULMASK,,6586,Adventure,CampFire Studio,"Apr 9, 2026",29.99
21d876cb,2026-05-08,01:58:20,1974050,TORCHLIGHT: INFINITE,,4400,Action,XD,"May 9, 2023",0.0
7db51024,2026-05-08,01:58:20,2252570,FOOTBALL MANAGER 2024,,9226,Simulation,Sports Interactive,"Nov 6, 2023",0.0
6f548ffb,2026-05-08,01:58:20,3527290,PEAK,,11170,Action,Team PEAK,"16 Jun, 2025",7.49
41aa3e66,2026-05-08,01:58:20,2479810,GRAY ZONE WARFARE,,7664,Action,"MADFINGER Games, a.s.","Apr 30, 2024",39.99
12574d5d,2026-05-08,01:58:20,1144200,READY OR NOT,,7749,Action,VOID Interactive,"Dec 13, 2023",24.99
33f26e82,2026-05-08,01:58:20,2584990,SHADOWVERSE: WORLDS BEYOND,,5182,Casual,"Cygames, Inc.","Jun 14, 2025",0.0
d81bc2f0,2026-05-08,01:58:20,275850,NO MAN'S SKY,,7937,Action,Hello Games,"Aug 12, 2016",59.99
b9793641,2026-05-08,01:58:20,594650,HUNT: SHOWDOWN 1896,,8150,Action,Crytek,"Aug 27, 2019",13.49
9a831ce2,2026-05-08,01:58:20,3679080,THE SEVEN DEADLY SINS: ORIGIN,,6197,Action,Netmarble F&C,"Mar 16, 2026",0.0
5d2d5627,2026-05-08,01:58:20,238960,PATH OF EXILE,,6915,Action,Grinding Gear Games,"23 Oct, 2013",0.0
692e2468,2026-05-08,01:58:20,1716740,STARFIELD,,8325,RPG,Bethesda Game Studios,"Sep 5, 2023",49.99
adad2c77,2026-05-08,01:58:20,306130,THE ELDER SCROLLS® ONLINE,,9852,Action,ZeniMax Online Studios,"May 22, 2017",19.99
1cbe0904,2026-05-08,01:58:20,3357650,PRAGMATA,,7237,Action,"CAPCOM Co., Ltd.","Apr 17, 2026",59.99
77211c8d,2026-05-08,01:58:20,3265700,VAMPIRE CRAWLERS: THE TURBO WILDCARD FROM VAMPIRE SURVIVORS,,7714,Action,poncle,"Apr 21, 2026",9.99
09912b89,2026-05-08,01:58:20,1364780,STREET FIGHTER™ 6,,10763,Action,"CAPCOM Co., Ltd.","Jun 1, 2023",19.99
7677df07,2026-05-09,01:52:08,730,COUNTER-STRIKE 2,1,645524,Action,Valve,"21 Aug, 2012",0.0
4da58ce3,2026-05-09,01:52:08,570,DOTA 2,2,306646,Action,Valve,"Jul 9, 2013",0.0
3bdac321,2026-05-09,01:52:08,2676230,FIVEM,3,138561,Other,,,0.0
df9b7321,2026-05-09,01:52:08,578080,PUBG: BATTLEGROUNDS,4,120400,Action,PUBG Corporation,"21 Dec, 2017",0.0
be243ff3,2026-05-09,01:52:08,3419430,BONGO CAT,5,115008,Casual,Marcel Zurawka,"Mar 5, 2025",0.0
7743b46a,2026-05-09,01:52:08,252490,RUST,6,113259,Action,Facepunch Studios,"Feb 8, 2018",39.99
623fcfa4,2026-05-09,01:52:08,2868840,SLAY THE SPIRE 2,7,111023,Indie,Mega Crit,"Mar 5, 2026",24.99
71214751,2026-05-09,01:52:08,1172470,APEX LEGENDS™,8,93010,Action,Respawn,"4 Nov, 2020",0.0
1eaff930,2026-05-09,01:52:08,2767030,MARVEL RIVALS,9,83099,Action,NetEase Games,"5 Dec, 2024",0.0
3fca8579,2026-05-09,01:52:08,359550,TOM CLANCY'S RAINBOW SIX SIEGE,10,81741,Action,Ubisoft Montreal,"Dec 1, 2015",0.0
8f430869,2026-05-09,01:52:08,1808500,ARC RAIDERS,11,70900,Action,Embark Studios,"30 Oct, 2025",39.99
c01ce413,2026-05-09,01:52:08,3241660,R.E.P.O.,12,69384,Action,semiwork,"Feb 26, 2025",9.99
d7a55a1d,2026-05-09,01:52:08,3041230,WINDROSE,13,64476,Action,Kraken Express,"Apr 14, 2026",29.99
81eabb1d,2026-05-09,01:52:08,1422450,DEADLOCK,14,0,Action,Valve,To be announced,0.0
9ba72316,2026-05-09,01:52:08,322170,GEOMETRY DASH,15,61881,Action,RobTop Games,"Dec 22, 2014",4.99
c5be5698,2026-05-09,01:52:08,2357570,OVERWATCH®,16,59200,Action,"Blizzard Entertainment, Inc.","Aug 10, 2023",0.0
d727005c,2026-05-09,01:52:08,2507950,DELTA FORCE,17,55687,Action,Team Jade,"4 Dec, 2024",0.0
d23fb5d2,2026-05-09,01:52:08,230410,WARFRAME,18,55014,Action,Digital Extremes,"25 Mar, 2013",0.0
93b87780,2026-05-09,01:52:08,431960,WALLPAPER ENGINE,19,53663,Casual,Wallpaper Engine Team,"Nov 16, 2018",4.99
30f25a51,2026-05-09,01:52:08,438100,VRCHAT,20,51451,Adventure,VRChat Inc.,"1 Feb, 2017",0.0
86ef10ed,2026-05-09,01:52:08,381210,DEAD BY DAYLIGHT,21,49135,Action,Behaviour Interactive Inc.,"Jun 14, 2016",7.99
bae1159e,2026-05-09,01:52:08,3321460,CRIMSON DESERT,22,47812,Action,Pearl Abyss,"Mar 19, 2026",69.99
ad7d0b80,2026-05-09,01:52:08,440,TEAM FORTRESS 2,23,47844,Action,Valve,"Oct 10, 2007",0.0
23b7dacc,2026-05-09,01:52:08,1086940,BALDUR'S GATE 3,24,44876,Adventure,Larian Studios,"Aug 3, 2023",59.99
943c4c5b,2026-05-09,01:52:08,271590,GRAND THEFT AUTO V LEGACY,25,43859,Action,Rockstar North,"Apr 13, 2015",0.0
53813970,2026-05-09,01:52:08,413150,STARDEW VALLEY,26,43512,Indie,ConcernedApe,"Feb 26, 2016",14.99
9cbf2382,2026-05-09,01:52:08,3405690,EA SPORTS FC™ 26,27,42974,Simulation,EA Canada,"25 Sep, 2025",20.99
e665a94e,2026-05-09,01:52:08,236390,WAR THUNDER,28,40824,Action,Gaijin Entertainment,"Aug 15, 2013",0.0
bf2f3bf5,2026-05-09,01:52:08,553850,HELLDIVERS™ 2,29,40772,Action,Arrowhead Game Studios,"8 Feb, 2024",39.99
65ddb95c,2026-05-09,01:52:08,1938090,CALL OF DUTY®,30,37846,Action,Treyarch,"Oct 27, 2022",0.0
cf9f587e,2026-05-09,01:52:08,2807960,BATTLEFIELD™ 6,31,37230,Action,Battlefield Studios,"10 Oct, 2025",41.99
f33ec921,2026-05-09,01:52:08,1973530,LIMBUS COMPANY,32,35815,Other,ProjectMoon,"26 Feb, 2023",0.0
244591fa,2026-05-09,01:52:08,221100,DAYZ,33,35824,Action,Bohemia Interactive,"Dec 13, 2018",49.99
5371bc48,2026-05-09,01:52:08,3892270,GAMBLE WITH YOUR FRIENDS,34,35575,Adventure,SkyBrave,"1 May, 2026",4.95
c6cbc8f5,2026-05-09,01:52:08,2344520,DIABLO® IV,35,35008,Action,"Blizzard Entertainment, Inc.","Oct 17, 2023",49.99
575c4919,2026-05-09,01:52:08,3240220,GRAND THEFT AUTO V ENHANCED,36,34067,Action,Rockstar North,"Mar 4, 2025",19.79
ce216f27,2026-05-09,01:52:08,1366800,CROSSHAIR X,37,32906,Action,CenterPoint Gaming,"Aug 17, 2020",9.99
51dca04f,2026-05-09,01:52:08,39210,FINAL FANTASY XIV ONLINE,38,31105,Massively Multiplayer,Square Enix,"Feb 18, 2014",19.99
3bc6921f,2026-05-09,01:52:08,550,LEFT 4 DEAD 2,39,29947,Action,Valve,"Nov 16, 2009",9.99
a5a70ded,2026-05-09,01:52:08,1245620,ELDEN RING,40,28284,Action,"FromSoftware, Inc.","Feb 24, 2022",59.99
ddbd0816,2026-05-09,01:52:08,3124540,FAR FAR WEST,41,27797,Action,Evil Raptor,"Apr 28, 2026",17.99
5f8101ae,2026-05-09,01:52:08,394360,HEARTS OF IRON IV,42,27265,Simulation,Paradox Development Studio,"Jun 6, 2016",49.99
5495b336,2026-05-09,01:52:08,289070,SID MEIER’S CIVILIZATION® VI,43,26162,Strategy,Firaxis Games,"Oct 21, 2016",59.99
19e3e93a,2026-05-09,01:52:08,440900,CONAN EXILES ENHANCED,44,26246,Action,Funcom,"May 8, 2018",29.99
186208b0,2026-05-09,01:52:08,108600,PROJECT ZOMBOID,45,24458,Indie,The Indie Stone,"Nov 8, 2013",19.99
d5441c7c,2026-05-09,01:52:08,240,COUNTER-STRIKE: SOURCE,46,24349,Action,Valve,"1 Nov, 2004",5.79
08590778,2026-05-09,01:52:08,218620,PAYDAY 2,47,24314,Action,OVERKILL - a Starbreeze Studio.,"Aug 13, 2013",9.99
01b9e893,2026-05-09,01:52:08,1091500,CYBERPUNK 2077,48,24097,RPG,CD PROJEKT RED,"Dec 9, 2020",20.99
5a0f0b22,2026-05-09,01:52:08,294100,RIMWORLD,49,23296,Indie,Ludeon Studios,"Oct 17, 2018",34.99
ab3d85f9,2026-05-09,01:52:08,1222670,THE SIMS™ 4,50,22829,Adventure,Maxis,"Jun 18, 2020",0.0
92b180bc,2026-05-09,01:52:08,489830,THE ELDER SCROLLS V: SKYRIM SPECIAL EDITION,51,22845,RPG,Bethesda Game Studios,"Oct 27, 2016",39.99
093a1661,2026-05-09,01:52:08,4465480,COUNTER-STRIKE:GLOBAL OFFENSIVE,52,22755,Action,Valve,"Aug 21, 2012",0.0
fd3bc047,2026-05-09,01:52:08,252950,ROCKET LEAGUE®,53,21777,Action,Psyonix LLC,"Jul 7, 2015",0.0
cbbff4d3,2026-05-09,01:52:08,105600,TERRARIA,54,21059,Action,Re-Logic,"May 16, 2011",9.99
59bce3e0,2026-05-09,01:52:08,2399830,ARK: SURVIVAL ASCENDED,55,20481,Action,Studio Wildcard,"Oct 25, 2023",44.99
e67d6302,2026-05-09,01:52:08,3472040,NBA 2K26,56,19542,Sports,Visual Concepts,"Sep 4, 2025",19.99
6fcc131e,2026-05-09,01:52:08,4000,GARRY'S MOD,57,19343,Casual,Facepunch Studios,"Nov 29, 2006",4.99
bc8e61c2,2026-05-09,01:52:08,582660,BLACK DESERT,58,19108,Action,Pearl Abyss,"May 24, 2017",0.99
6a4e9e6c,2026-05-09,01:52:08,1174180,RED DEAD REDEMPTION 2,59,18565,Action,Rockstar Games,"Dec 5, 2019",59.99
37f807a6,2026-05-09,01:52:08,2073620,ARENA BREAKOUT: INFINITE,60,18202,Action,Morefun Studios,"Sep 15, 2025",0.0
84672b8f,2026-05-09,01:52:08,284160,BEAMNG.DRIVE,61,18072,Racing,BeamNG,"May 29, 2015",24.99
dfbae34f,2026-05-09,01:52:08,251570,7 DAYS TO DIE,62,17903,Action,The Fun Pimps,"Jul 25, 2024",44.99
6f66a04e,2026-05-09,01:52:08,813780,AGE OF EMPIRES II: DEFINITIVE EDITION,63,17637,Strategy,World's Edge,"Nov 14, 2019",12.24
018cc9e3,2026-05-09,01:52:08,3551340,FOOTBALL MANAGER 26,64,17492,Simulation,Sports Interactive,"Nov 4, 2025",59.99
e1ba69ab,2026-05-09,01:52:08,3764200,RESIDENT EVIL REQUIEM,65,17081,Action,"CAPCOM Co., Ltd.","Feb 26, 2026",69.99
3fcdf15e,2026-05-09,01:52:08,4128580,BIDKING,66,16862,Casual,MindSurge Network & Games,"Apr 15, 2026",2.99
f655f7e6,2026-05-09,01:52:08,1142710,TOTAL WAR: WARHAMMER III,67,16847,Action,CREATIVE ASSEMBLY,"Feb 17, 2022",59.99
2fc3a970,2026-05-09,01:52:08,892970,VALHEIM,68,16413,Action,Iron Gate AB,"Feb 2, 2021",9.99
98cddba3,2026-05-09,01:52:08,1158310,CRUSADER KINGS III,69,16437,RPG,Paradox Development Studio,"Sep 1, 2020",14.99
c65e5c89,2026-05-09,01:52:08,1281930,TMODLOADER,70,16387,Action,TML Team,"May 16, 2020",0.0
534b928e,2026-05-09,01:52:08,739630,PHASMOPHOBIA,71,16071,Action,Kinetic Games,"Sep 18, 2020",19.99
9c641e75,2026-05-09,01:52:08,250900,THE BINDING OF ISAAC: REBIRTH,72,15818,Action,"Nicalis, Inc.","Nov 4, 2014",14.99
1102c375,2026-05-09,01:52:08,3105440,HEROES OF MIGHT AND MAGIC: OLDEN ERA,73,15790,RPG,Unfrozen,"Apr 30, 2026",29.99
d5e294a1,2026-05-09,01:52:08,3513350,WUTHERING WAVES,74,15428,Action,KURO GAMES,"Apr 28, 2025",0.0
da74ab42,2026-05-09,01:52:08,526870,SATISFACTORY,75,15468,Adventure,Coffee Stain Studios,"Sep 10, 2024",27.99
484fdda2,2026-05-09,01:52:08,2300320,FARMING SIMULATOR 25,76,15398,Simulation,GIANTS Software,"Nov 12, 2024",29.99
0bda2135,2026-05-09,01:52:08,322330,DON'T STARVE TOGETHER,77,15101,Action,Klei Entertainment,"Apr 21, 2016",14.99
8e16d864,2026-05-09,01:52:08,261550,MOUNT & BLADE II: BANNERLORD,78,15114,Action,TaleWorlds Entertainment,"Oct 25, 2022",24.99
318de8d9,2026-05-09,01:52:08,3164500,SCHEDULE I,79,15002,Action,TVGS,"Mar 24, 2025",19.99
dc9e1a28,2026-05-09,01:52:08,220200,KERBAL SPACE PROGRAM,80,14846,Indie,Squad,"Apr 27, 2015",39.99
bc4ffa6a,2026-05-09,01:52:08,281990,STELLARIS,81,14875,Simulation,Paradox Development Studio,"May 9, 2016",39.99
180c6aa1,2026-05-09,01:52:08,4025700,HEARTOPIA,82,14628,Casual,XD,"16 Jan, 2026",0.0
4ee0a1fb,2026-05-09,01:52:08,2073850,THE FINALS,83,14596,Action,Embark Studios,"Dec 7, 2023",0.0
467a977b,2026-05-09,01:52:08,227300,EURO TRUCK SIMULATOR 2,84,14496,Indie,SCS Software,"Oct 12, 2012",19.99
6290c78a,2026-05-09,01:52:08,427520,FACTORIO,85,14568,Casual,Wube Software LTD.,"Aug 14, 2020",35.0
a5f3f113,2026-05-09,01:52:08,2622380,ELDEN RING NIGHTREIGN,86,14264,Action,"FromSoftware, Inc.","29 May, 2025",39.99
4b76e88f,2026-05-09,01:52:08,1364780,STREET FIGHTER™ 6,87,14159,Action,"CAPCOM Co., Ltd.","Jun 1, 2023",19.99
caf83a38,2026-05-09,01:52:08,1623730,PALWORLD,88,14255,Action,Pocketpair,"Jan 19, 2024",29.99
a4515e51,2026-05-09,01:52:08,3564740,WHERE WINDS MEET,89,14002,Action,Everstone Studio,"14 Nov, 2025",0.0
9b80de13,2026-05-09,01:52:08,346110,ARK: SURVIVAL EVOLVED,90,14105,Action,Studio Wildcard,"Aug 27, 2017",14.99
bb0e1c6a,2026-05-09,01:52:08,3065800,MARATHON,91,13953,Action,Bungie,"Mar 5, 2026",31.99
a307d715,2026-05-09,01:52:08,1665460,EFOOTBALL™,92,14047,Simulation,KONAMI,"Sep 29, 2021",0.0
b060fe17,2026-05-09,01:52:08,376210,THE ISLE,93,13766,Action,Afterthought LLC,"Dec 1, 2015",19.99
04ef4cb8,2026-05-09,01:52:08,1874880,ARMA REFORGER,94,13763,Action,Bohemia Interactive,"Nov 16, 2023",39.99
adc6a9c2,2026-05-09,01:52:08,3527290,PEAK,95,13204,Action,Team PEAK,"16 Jun, 2025",7.49
00442e5a,2026-05-09,01:52:08,1203620,ENSHROUDED,96,13231,Action,Keen Games GmbH,"Jan 24, 2024",23.99
19f20e44,2026-05-09,01:52:08,8930,SID MEIER'S CIVILIZATION® V,97,13098,Strategy,Firaxis Games,"Sep 21, 2010",29.99
644f89a3,2026-05-09,01:52:08,1449850,YU-GI-OH! MASTER DUEL,98,12993,Simulation,KONAMI,"18 Jan, 2022",0.0
d58f0374,2026-05-09,01:52:08,1905180,OBS STUDIO,99,12941,Utilities,OBS Project,"Mar 21, 2022",0.0
c5ae53f5,2026-05-09,01:52:08,1623660,MIR4,100,12037,Action,Wemade Next,"Aug 25, 2021",0.0
aa17e533,2026-05-09,01:52:08,3357650,PRAGMATA,,8046,Action,"CAPCOM Co., Ltd.","Apr 17, 2026",59.99
fdea28ea,2026-05-09,01:52:08,2923300,BANANA,,4903,Adventure,Sky,"Apr 23, 2024",0.0
168902a4,2026-05-09,01:52:08,291550,BRAWLHALLA,,11931,Action,Blue Mammoth Games,"Oct 17, 2017",0.0
fa901f50,2026-05-09,01:52:08,1716740,STARFIELD,,9024,RPG,Bethesda Game Studios,"Sep 5, 2023",49.99
708057c2,2026-05-09,01:52:08,3265700,VAMPIRE CRAWLERS: THE TURBO WILDCARD FROM VAMPIRE SURVIVORS,,7618,Action,poncle,"Apr 21, 2026",9.99
f04a39ef,2026-05-09,01:52:08,306130,THE ELDER SCROLLS® ONLINE,,10278,Action,ZeniMax Online Studios,"May 22, 2017",19.99
9c595663,2026-05-09,01:52:08,2252570,FOOTBALL MANAGER 2024,,10457,Simulation,Sports Interactive,"Nov 6, 2023",0.0
c44bb3f0,2026-05-09,01:52:08,629520,SOUNDPAD,,10733,Audio Production,Leppsoft,"Sep 30, 2017",4.99
aa6168a0,2026-05-09,01:52:08,594650,HUNT: SHOWDOWN 1896,,9238,Action,Crytek,"Aug 27, 2019",13.49
fbfa2d98,2026-05-09,01:52:08,1476970,IDLEON,,10895,Casual,Lavaflame2,"Nov 6, 2025",0.0
952eec0c,2026-05-09,01:52:08,960090,BLOONS TD 6,,10360,Strategy,Ninja Kiwi,"Dec 17, 2018",13.99
997403e2,2026-05-09,01:52:08,1974050,TORCHLIGHT: INFINITE,,4823,Action,XD,"May 9, 2023",0.0
73d1ca24,2026-05-09,01:52:08,2584990,SHADOWVERSE: WORLDS BEYOND,,7040,Casual,"Cygames, Inc.","Jun 14, 2025",0.0
98fafb3e,2026-05-09,01:52:08,377160,FALLOUT 4,,11397,RPG,Bethesda Game Studios,"Nov 9, 2015",19.99
d1045754,2026-05-09,01:52:08,1203220,NARAKA: BLADEPOINT,,8923,Action,24 Entertainment,"11 Aug, 2021",0.0
48e4944d,2026-05-09,01:52:08,275850,NO MAN'S SKY,,8631,Action,Hello Games,"Aug 12, 2016",59.99
4d6f055e,2026-05-09,01:52:08,1144200,READY OR NOT,,8669,Action,VOID Interactive,"Dec 13, 2023",24.99
cc9126db,2026-05-09,01:52:08,304930,UNTURNED,,11962,Action,Smartly Dressed Games,"Jul 7, 2017",0.0
507e741b,2026-05-09,01:52:08,3679080,THE SEVEN DEADLY SINS: ORIGIN,,6232,Action,Netmarble F&C,"Mar 16, 2026",0.0
7ee18f8c,2026-05-09,01:52:08,552990,WORLD OF WARSHIPS,,6124,Action,Wargaming Group Limited,"Nov 15, 2017",0.0
3c747c47,2026-05-09,01:52:08,3224770,UMAMUSUME: PRETTY DERBY,,7098,Simulation,"Cygames, Inc.","24 Jun, 2025",0.0
86773d94,2026-05-09,01:52:08,2479810,GRAY ZONE WARFARE,,8499,Action,"MADFINGER Games, a.s.","Apr 30, 2024",39.99
cf7a9917,2026-05-09,01:52:08,2646460,SOULMASK,,7624,Adventure,CampFire Studio,"Apr 9, 2026",29.99
5e31a3c9,2026-05-09,01:52:08,238960,PATH OF EXILE,,7679,Action,Grinding Gear Games,"23 Oct, 2013",0.0
c5923fae,2026-05-10,01:52:19,730,COUNTER-STRIKE 2,1,653053,Action,Valve,"21 Aug, 2012",0.0
beeebacd,2026-05-10,01:52:19,570,DOTA 2,2,323867,Action,Valve,"Jul 9, 2013",0.0
80bbc472,2026-05-10,01:52:19,578080,PUBG: BATTLEGROUNDS,3,135008,Action,PUBG Corporation,"21 Dec, 2017",0.0
ed382e4e,2026-05-10,01:52:19,2676230,FIVEM,4,136445,Other,,,0.0
e4a9102c,2026-05-10,01:52:19,2868840,SLAY THE SPIRE 2,5,112522,Indie,Mega Crit,"Mar 5, 2026",24.99
cda85372,2026-05-10,01:52:19,3419430,BONGO CAT,6,115990,Casual,Marcel Zurawka,"Mar 5, 2025",0.0
f7c46503,2026-05-10,01:52:19,252490,RUST,7,108922,Action,Facepunch Studios,"Feb 8, 2018",39.99
377d5904,2026-05-10,01:52:19,1172470,APEX LEGENDS™,8,98655,Action,Respawn,"4 Nov, 2020",0.0
0cd18d97,2026-05-10,01:52:19,2767030,MARVEL RIVALS,9,79913,Action,NetEase Games,"5 Dec, 2024",0.0
5dc04a95,2026-05-10,01:52:19,359550,TOM CLANCY'S RAINBOW SIX SIEGE,10,78875,Action,Ubisoft Montreal,"Dec 1, 2015",0.0
b4674d58,2026-05-10,01:52:19,3241660,R.E.P.O.,11,70911,Action,semiwork,"Feb 26, 2025",9.99
c41ad96e,2026-05-10,01:52:19,1808500,ARC RAIDERS,12,69415,Action,Embark Studios,"30 Oct, 2025",39.99
99178bf1,2026-05-10,01:52:19,2507950,DELTA FORCE,13,64987,Action,Team Jade,"4 Dec, 2024",0.0
d7796037,2026-05-10,01:52:19,3041230,WINDROSE,14,67276,Action,Kraken Express,"Apr 14, 2026",29.99
cd7a0bd1,2026-05-10,01:52:19,1422450,DEADLOCK,15,0,Action,Valve,To be announced,0.0
319c9850,2026-05-10,01:52:19,431960,WALLPAPER ENGINE,16,61510,Casual,Wallpaper Engine Team,"Nov 16, 2018",4.99
f9fe5bed,2026-05-10,01:52:19,322170,GEOMETRY DASH,17,60187,Action,RobTop Games,"Dec 22, 2014",4.99
5170dd5f,2026-05-10,01:52:19,230410,WARFRAME,18,58803,Action,Digital Extremes,"25 Mar, 2013",0.0
0066a26a,2026-05-10,01:52:19,2357570,OVERWATCH®,19,58155,Action,"Blizzard Entertainment, Inc.","Aug 10, 2023",0.0
d162da48,2026-05-10,01:52:19,438100,VRCHAT,20,56041,Adventure,VRChat Inc.,"1 Feb, 2017",0.0
594efb07,2026-05-10,01:52:19,3321460,CRIMSON DESERT,21,54047,Action,Pearl Abyss,"Mar 19, 2026",69.99
bebea685,2026-05-10,01:52:19,1086940,BALDUR'S GATE 3,22,50223,Adventure,Larian Studios,"Aug 3, 2023",59.99
8c4bbf05,2026-05-10,01:52:19,413150,STARDEW VALLEY,23,48752,Indie,ConcernedApe,"Feb 26, 2016",14.99
595f1ae5,2026-05-10,01:52:19,381210,DEAD BY DAYLIGHT,24,49641,Action,Behaviour Interactive Inc.,"Jun 14, 2016",7.99
4186342e,2026-05-10,01:52:19,271590,GRAND THEFT AUTO V LEGACY,25,48085,Action,Rockstar North,"Apr 13, 2015",0.0
5635b2e4,2026-05-10,01:52:19,236390,WAR THUNDER,26,44927,Action,Gaijin Entertainment,"Aug 15, 2013",0.0
b8107ef5,2026-05-10,01:52:19,440,TEAM FORTRESS 2,27,45364,Action,Valve,"Oct 10, 2007",0.0
7a33b614,2026-05-10,01:52:19,3405690,EA SPORTS FC™ 26,28,41782,Simulation,EA Canada,"25 Sep, 2025",20.99
bf861659,2026-05-10,01:52:19,1973530,LIMBUS COMPANY,29,37932,Other,ProjectMoon,"26 Feb, 2023",0.0
dfed4e7b,2026-05-10,01:52:19,553850,HELLDIVERS™ 2,30,38020,Action,Arrowhead Game Studios,"8 Feb, 2024",39.99
ca23239f,2026-05-10,01:52:19,2344520,DIABLO® IV,31,38825,Action,"Blizzard Entertainment, Inc.","Oct 17, 2023",49.99
f0d11d75,2026-05-10,01:52:19,3240220,GRAND THEFT AUTO V ENHANCED,32,37977,Action,Rockstar North,"Mar 4, 2025",19.79
93640c29,2026-05-10,01:52:19,1938090,CALL OF DUTY®,33,37780,Action,Treyarch,"Oct 27, 2022",0.0
e2940b34,2026-05-10,01:52:19,2807960,BATTLEFIELD™ 6,34,37274,Action,Battlefield Studios,"10 Oct, 2025",41.99
55b17439,2026-05-10,01:52:19,221100,DAYZ,35,36843,Action,Bohemia Interactive,"Dec 13, 2018",49.99
df72d33e,2026-05-10,01:52:19,1366800,CROSSHAIR X,36,34374,Action,CenterPoint Gaming,"Aug 17, 2020",9.99
0eec5182,2026-05-10,01:52:19,550,LEFT 4 DEAD 2,37,32730,Action,Valve,"Nov 16, 2009",9.99
dc4625c0,2026-05-10,01:52:19,1245620,ELDEN RING,38,32077,Action,"FromSoftware, Inc.","Feb 24, 2022",59.99
5bd76ed0,2026-05-10,01:52:19,39210,FINAL FANTASY XIV ONLINE,39,32360,Massively Multiplayer,Square Enix,"Feb 18, 2014",19.99
e35b608f,2026-05-10,01:52:19,394360,HEARTS OF IRON IV,40,31672,Simulation,Paradox Development Studio,"Jun 6, 2016",49.99
67f09ec8,2026-05-10,01:52:19,3892270,GAMBLE WITH YOUR FRIENDS,41,31253,Adventure,SkyBrave,"1 May, 2026",4.95
9ffb3052,2026-05-10,01:52:19,440900,CONAN EXILES ENHANCED,42,30190,Action,Funcom,"May 8, 2018",29.99
2473a8f1,2026-05-10,01:52:19,289070,SID MEIER’S CIVILIZATION® VI,43,29130,Strategy,Firaxis Games,"Oct 21, 2016",59.99
b4032653,2026-05-10,01:52:19,3124540,FAR FAR WEST,44,28442,Action,Evil Raptor,"Apr 28, 2026",17.99
1ab1f4f2,2026-05-10,01:52:19,1091500,CYBERPUNK 2077,45,27628,RPG,CD PROJEKT RED,"Dec 9, 2020",20.99
1ed94273,2026-05-10,01:52:19,108600,PROJECT ZOMBOID,46,26947,Indie,The Indie Stone,"Nov 8, 2013",19.99
c4ad9545,2026-05-10,01:52:19,294100,RIMWORLD,47,26420,Indie,Ludeon Studios,"Oct 17, 2018",34.99
8b78f699,2026-05-10,01:52:19,240,COUNTER-STRIKE: SOURCE,48,25372,Action,Valve,"1 Nov, 2004",5.79
76a0b2a5,2026-05-10,01:52:19,489830,THE ELDER SCROLLS V: SKYRIM SPECIAL EDITION,49,24847,RPG,Bethesda Game Studios,"Oct 27, 2016",39.99
7c4c0516,2026-05-10,01:52:19,1222670,THE SIMS™ 4,50,24818,Adventure,Maxis,"Jun 18, 2020",0.0
15101d8a,2026-05-10,01:52:19,218620,PAYDAY 2,51,24390,Action,OVERKILL - a Starbreeze Studio.,"Aug 13, 2013",9.99
79be4e81,2026-05-10,01:52:19,2399830,ARK: SURVIVAL ASCENDED,52,24081,Action,Studio Wildcard,"Oct 25, 2023",44.99
0054fef8,2026-05-10,01:52:19,105600,TERRARIA,53,23802,Action,Re-Logic,"May 16, 2011",9.99
18be90d7,2026-05-10,01:52:19,4465480,COUNTER-STRIKE:GLOBAL OFFENSIVE,54,24078,Action,Valve,"Aug 21, 2012",0.0
57a1985c,2026-05-10,01:52:19,3472040,NBA 2K26,55,20985,Sports,Visual Concepts,"Sep 4, 2025",19.99
10d29347,2026-05-10,01:52:19,1174180,RED DEAD REDEMPTION 2,56,21025,Action,Rockstar Games,"Dec 5, 2019",59.99
aac850c2,2026-05-10,01:52:19,4000,GARRY'S MOD,57,21601,Casual,Facepunch Studios,"Nov 29, 2006",4.99
c342caf3,2026-05-10,01:52:19,251570,7 DAYS TO DIE,58,20466,Action,The Fun Pimps,"Jul 25, 2024",44.99
e9f68a41,2026-05-10,01:52:19,252950,ROCKET LEAGUE®,59,20164,Action,Psyonix LLC,"Jul 7, 2015",0.0
e87c336f,2026-05-10,01:52:19,1281930,TMODLOADER,60,19897,Action,TML Team,"May 16, 2020",0.0
11021765,2026-05-10,01:52:19,582660,BLACK DESERT,61,19427,Action,Pearl Abyss,"May 24, 2017",0.99
0bb4a024,2026-05-10,01:52:19,284160,BEAMNG.DRIVE,62,19102,Racing,BeamNG,"May 29, 2015",24.99
cfed611b,2026-05-10,01:52:19,1142710,TOTAL WAR: WARHAMMER III,63,19009,Action,CREATIVE ASSEMBLY,"Feb 17, 2022",59.99
9941bd01,2026-05-10,01:52:19,3551340,FOOTBALL MANAGER 26,64,18855,Simulation,Sports Interactive,"Nov 4, 2025",59.99
8d5e8586,2026-05-10,01:52:19,813780,AGE OF EMPIRES II: DEFINITIVE EDITION,65,18292,Strategy,World's Edge,"Nov 14, 2019",12.24
c08514cf,2026-05-10,01:52:19,3105440,HEROES OF MIGHT AND MAGIC: OLDEN ERA,66,18415,RPG,Unfrozen,"Apr 30, 2026",29.99
cc4e47e8,2026-05-10,01:52:19,1158310,CRUSADER KINGS III,67,18246,RPG,Paradox Development Studio,"Sep 1, 2020",14.99
5b68816e,2026-05-10,01:52:19,322330,DON'T STARVE TOGETHER,68,17690,Action,Klei Entertainment,"Apr 21, 2016",14.99
6ae67c4b,2026-05-10,01:52:19,892970,VALHEIM,69,17753,Action,Iron Gate AB,"Feb 2, 2021",9.99
5054d969,2026-05-10,01:52:19,261550,MOUNT & BLADE II: BANNERLORD,70,17418,Action,TaleWorlds Entertainment,"Oct 25, 2022",24.99
31f1f263,2026-05-10,01:52:19,4128580,BIDKING,71,17200,Casual,MindSurge Network & Games,"Apr 15, 2026",2.99
3ccabdea,2026-05-10,01:52:19,281990,STELLARIS,72,17026,Simulation,Paradox Development Studio,"May 9, 2016",39.99
2941c61e,2026-05-10,01:52:19,2300320,FARMING SIMULATOR 25,73,17032,Simulation,GIANTS Software,"Nov 12, 2024",29.99
bbb1b9a2,2026-05-10,01:52:19,3164500,SCHEDULE I,74,16923,Action,TVGS,"Mar 24, 2025",19.99
7370848b,2026-05-10,01:52:19,526870,SATISFACTORY,75,16859,Adventure,Coffee Stain Studios,"Sep 10, 2024",27.99
05725693,2026-05-10,01:52:19,2073620,ARENA BREAKOUT: INFINITE,76,16766,Action,Morefun Studios,"Sep 15, 2025",0.0
a49959da,2026-05-10,01:52:19,250900,THE BINDING OF ISAAC: REBIRTH,77,16639,Action,"Nicalis, Inc.","Nov 4, 2014",14.99
5c901ce5,2026-05-10,01:52:19,227300,EURO TRUCK SIMULATOR 2,78,16603,Indie,SCS Software,"Oct 12, 2012",19.99
908ef694,2026-05-10,01:52:19,1623730,PALWORLD,79,16226,Action,Pocketpair,"Jan 19, 2024",29.99
af869b5c,2026-05-10,01:52:19,2622380,ELDEN RING NIGHTREIGN,80,16005,Action,"FromSoftware, Inc.","29 May, 2025",39.99
8de99fe8,2026-05-10,01:52:19,427520,FACTORIO,81,16253,Casual,Wube Software LTD.,"Aug 14, 2020",35.0
876f1881,2026-05-10,01:52:19,3513350,WUTHERING WAVES,82,15940,Action,KURO GAMES,"Apr 28, 2025",0.0
0af108c9,2026-05-10,01:52:19,739630,PHASMOPHOBIA,83,15611,Action,Kinetic Games,"Sep 18, 2020",19.99
4b755f84,2026-05-10,01:52:19,3564740,WHERE WINDS MEET,84,15883,Action,Everstone Studio,"14 Nov, 2025",0.0
78d6517c,2026-05-10,01:52:19,346110,ARK: SURVIVAL EVOLVED,85,15752,Action,Studio Wildcard,"Aug 27, 2017",14.99
c5ba4ee4,2026-05-10,01:52:19,3764200,RESIDENT EVIL REQUIEM,86,15453,Action,"CAPCOM Co., Ltd.","Feb 26, 2026",69.99
4cd88bba,2026-05-10,01:52:19,220200,KERBAL SPACE PROGRAM,87,15585,Indie,Squad,"Apr 27, 2015",39.99
c974ad0b,2026-05-10,01:52:19,3527290,PEAK,88,15408,Action,Team PEAK,"16 Jun, 2025",7.49
41d1e8f8,2026-05-10,01:52:19,4025700,HEARTOPIA,89,14928,Casual,XD,"16 Jan, 2026",0.0
524b2c40,2026-05-10,01:52:19,1364780,STREET FIGHTER™ 6,90,14785,Action,"CAPCOM Co., Ltd.","Jun 1, 2023",19.99
249e1bd3,2026-05-10,01:52:19,1874880,ARMA REFORGER,91,14754,Action,Bohemia Interactive,"Nov 16, 2023",39.99
12456076,2026-05-10,01:52:19,1203620,ENSHROUDED,92,14529,Action,Keen Games GmbH,"Jan 24, 2024",23.99
65615371,2026-05-10,01:52:19,376210,THE ISLE,93,14362,Action,Afterthought LLC,"Dec 1, 2015",19.99
e20a121f,2026-05-10,01:52:19,2073850,THE FINALS,94,14337,Action,Embark Studios,"Dec 7, 2023",0.0
25071185,2026-05-10,01:52:19,8930,SID MEIER'S CIVILIZATION® V,95,14145,Strategy,Firaxis Games,"Sep 21, 2010",29.99
cc59e599,2026-05-10,01:52:19,1449850,YU-GI-OH! MASTER DUEL,96,13697,Simulation,KONAMI,"18 Jan, 2022",0.0
ef3914cb,2026-05-10,01:52:19,304930,UNTURNED,97,13848,Action,Smartly Dressed Games,"Jul 7, 2017",0.0
21a91357,2026-05-10,01:52:19,1905180,OBS STUDIO,98,13721,Utilities,OBS Project,"Mar 21, 2022",0.0
40841e56,2026-05-10,01:52:19,3065800,MARATHON,99,13587,Action,Bungie,"Mar 5, 2026",31.99
b2bf70ed,2026-05-10,01:52:19,1665460,EFOOTBALL™,100,13158,Simulation,KONAMI,"Sep 29, 2021",0.0
78d8a429,2026-05-10,01:52:19,306130,THE ELDER SCROLLS® ONLINE,,10847,Action,ZeniMax Online Studios,"May 22, 2017",19.99
0c93ead9,2026-05-10,01:52:19,2252570,FOOTBALL MANAGER 2024,,11146,Simulation,Sports Interactive,"Nov 6, 2023",0.0
8e3b6cb5,2026-05-10,01:52:19,377160,FALLOUT 4,,12697,RPG,Bethesda Game Studios,"Nov 9, 2015",19.99
1b8968a3,2026-05-10,01:52:19,629520,SOUNDPAD,,11656,Audio Production,Leppsoft,"Sep 30, 2017",4.99
fb066089,2026-05-10,01:52:19,275850,NO MAN'S SKY,,9459,Action,Hello Games,"Aug 12, 2016",59.99
bdaafa74,2026-05-10,01:52:19,1203220,NARAKA: BLADEPOINT,,11312,Action,24 Entertainment,"11 Aug, 2021",0.0
a1fd5006,2026-05-10,01:52:19,2646460,SOULMASK,,8428,Adventure,CampFire Studio,"Apr 9, 2026",29.99
beb91f16,2026-05-10,01:52:19,2923300,BANANA,,7516,Adventure,Sky,"Apr 23, 2024",0.0
59e58fa1,2026-05-10,01:52:19,238960,PATH OF EXILE,,8182,Action,Grinding Gear Games,"23 Oct, 2013",0.0
c29075ca,2026-05-10,01:52:19,3357650,PRAGMATA,,9534,Action,"CAPCOM Co., Ltd.","Apr 17, 2026",59.99
5ec2986c,2026-05-10,01:52:19,1623660,MIR4,,12085,Action,Wemade Next,"Aug 25, 2021",0.0
ba4bfad9,2026-05-10,01:52:19,594650,HUNT: SHOWDOWN 1896,,9644,Action,Crytek,"Aug 27, 2019",13.49
f825ad02,2026-05-10,01:52:19,552990,WORLD OF WARSHIPS,,7109,Action,Wargaming Group Limited,"Nov 15, 2017",0.0
6494f0bb,2026-05-10,01:52:19,3224770,UMAMUSUME: PRETTY DERBY,,6921,Simulation,"Cygames, Inc.","24 Jun, 2025",0.0
6b80153e,2026-05-10,01:52:19,1144200,READY OR NOT,,9156,Action,VOID Interactive,"Dec 13, 2023",24.99
db38ca8b,2026-05-10,01:52:19,960090,BLOONS TD 6,,10956,Strategy,Ninja Kiwi,"Dec 17, 2018",13.99
dadf7e19,2026-05-10,01:52:19,2479810,GRAY ZONE WARFARE,,8656,Action,"MADFINGER Games, a.s.","Apr 30, 2024",39.99
cb2d5cca,2026-05-10,01:52:19,1476970,IDLEON,,10807,Casual,Lavaflame2,"Nov 6, 2025",0.0
6610e9b3,2026-05-10,01:52:19,1974050,TORCHLIGHT: INFINITE,,4865,Action,XD,"May 9, 2023",0.0
eee92fbc,2026-05-10,01:52:19,2584990,SHADOWVERSE: WORLDS BEYOND,,7068,Casual,"Cygames, Inc.","Jun 14, 2025",0.0
0a6b986d,2026-05-10,01:52:19,3265700,VAMPIRE CRAWLERS: THE TURBO WILDCARD FROM VAMPIRE SURVIVORS,,7856,Action,poncle,"Apr 21, 2026",9.99
f26c4519,2026-05-10,01:52:19,1716740,STARFIELD,,9809,RPG,Bethesda Game Studios,"Sep 5, 2023",49.99
5237432d,2026-05-10,01:52:19,3679080,THE SEVEN DEADLY SINS: ORIGIN,,6016,Action,Netmarble F&C,"Mar 16, 2026",0.0
ba349cbf,2026-05-10,01:52:19,291550,BRAWLHALLA,,12423,Action,Blue Mammoth Games,"Oct 17, 2017",0.0
cd02463a,2026-05-11,02:00:25,730,COUNTER-STRIKE 2,1,599150,Action,Valve,"21 Aug, 2012",0.0
69b6fde0,2026-05-11,02:00:25,570,DOTA 2,2,308808,Action,Valve,"Jul 9, 2013",0.0
ce64fa61,2026-05-11,02:00:25,3419430,BONGO CAT,3,119608,Casual,Marcel Zurawka,"Mar 5, 2025",0.0
859293ac,2026-05-11,02:00:25,2676230,FIVEM,4,117609,Other,,,0.0
5445ef7b,2026-05-11,02:00:25,578080,PUBG: BATTLEGROUNDS,5,107449,Action,PUBG Corporation,"21 Dec, 2017",0.0
64dde042,2026-05-11,02:00:25,2868840,SLAY THE SPIRE 2,6,104227,Indie,Mega Crit,"Mar 5, 2026",24.99
ade4139a,2026-05-11,02:00:25,252490,RUST,7,90379,Action,Facepunch Studios,"Feb 8, 2018",39.99
0355c28c,2026-05-11,02:00:25,1172470,APEX LEGENDS™,8,84146,Action,Respawn,"4 Nov, 2020",0.0
c22426f2,2026-05-11,02:00:25,2767030,MARVEL RIVALS,9,79814,Action,NetEase Games,"5 Dec, 2024",0.0
240765bf,2026-05-11,02:00:25,359550,TOM CLANCY'S RAINBOW SIX SIEGE,10,80201,Action,Ubisoft Montreal,"Dec 1, 2015",0.0
d5d8fc2b,2026-05-11,02:00:25,1808500,ARC RAIDERS,11,77728,Action,Embark Studios,"30 Oct, 2025",39.99
acbf2098,2026-05-11,02:00:25,1422450,DEADLOCK,12,0,Action,Valve,To be announced,0.0
2a549ed5,2026-05-11,02:00:25,3241660,R.E.P.O.,13,64332,Action,semiwork,"Feb 26, 2025",9.99
0e1f8006,2026-05-11,02:00:25,2357570,OVERWATCH®,14,57786,Action,"Blizzard Entertainment, Inc.","Aug 10, 2023",0.0
2831d50e,2026-05-11,02:00:25,230410,WARFRAME,15,57616,Action,Digital Extremes,"25 Mar, 2013",0.0
28e9fe08,2026-05-11,02:00:25,3041230,WINDROSE,16,56999,Action,Kraken Express,"Apr 14, 2026",29.99
7bef9309,2026-05-11,02:00:25,2507950,DELTA FORCE,17,53989,Action,Team Jade,"4 Dec, 2024",0.0
c9eca602,2026-05-11,02:00:25,431960,WALLPAPER ENGINE,18,53208,Casual,Wallpaper Engine Team,"Nov 16, 2018",4.99
07a4ae7a,2026-05-11,02:00:25,322170,GEOMETRY DASH,19,49610,Action,RobTop Games,"Dec 22, 2014",4.99
724cd1af,2026-05-11,02:00:25,1086940,BALDUR'S GATE 3,20,49589,Adventure,Larian Studios,"Aug 3, 2023",59.99
e94bf0f8,2026-05-11,02:00:25,413150,STARDEW VALLEY,21,45672,Indie,ConcernedApe,"Feb 26, 2016",14.99
b2eeee99,2026-05-11,02:00:25,381210,DEAD BY DAYLIGHT,22,45606,Action,Behaviour Interactive Inc.,"Jun 14, 2016",7.99
ea77049c,2026-05-11,02:00:25,552990,WORLD OF WARSHIPS,23,44483,Action,Wargaming Group Limited,"Nov 15, 2017",0.0
dddbe9bc,2026-05-11,02:00:25,440,TEAM FORTRESS 2,24,44311,Action,Valve,"Oct 10, 2007",0.0
3b829397,2026-05-11,02:00:25,3321460,CRIMSON DESERT,25,43600,Action,Pearl Abyss,"Mar 19, 2026",69.99
4a9758b5,2026-05-11,02:00:25,438100,VRCHAT,26,42247,Adventure,VRChat Inc.,"1 Feb, 2017",0.0
71b77f2b,2026-05-11,02:00:25,271590,GRAND THEFT AUTO V LEGACY,27,41731,Action,Rockstar North,"Apr 13, 2015",0.0
e217e0e7,2026-05-11,02:00:25,236390,WAR THUNDER,28,36844,Action,Gaijin Entertainment,"Aug 15, 2013",0.0
392cdfb9,2026-05-11,02:00:25,3405690,EA SPORTS FC™ 26,29,36839,Simulation,EA Canada,"25 Sep, 2025",20.99
cc9226f4,2026-05-11,02:00:25,1938090,CALL OF DUTY®,30,35836,Action,Treyarch,"Oct 27, 2022",0.0
0c9596a5,2026-05-11,02:00:25,553850,HELLDIVERS™ 2,31,35460,Action,Arrowhead Game Studios,"8 Feb, 2024",39.99
263aaba7,2026-05-11,02:00:25,2807960,BATTLEFIELD™ 6,32,34742,Action,Battlefield Studios,"10 Oct, 2025",41.99
84dbde35,2026-05-11,02:00:25,2344520,DIABLO® IV,33,33262,Action,"Blizzard Entertainment, Inc.","Oct 17, 2023",49.99
bda28722,2026-05-11,02:00:25,221100,DAYZ,34,32998,Action,Bohemia Interactive,"Dec 13, 2018",49.99
d8a401e9,2026-05-11,02:00:25,1366800,CROSSHAIR X,35,32333,Action,CenterPoint Gaming,"Aug 17, 2020",9.99
99dee50c,2026-05-11,02:00:25,550,LEFT 4 DEAD 2,36,32435,Action,Valve,"Nov 16, 2009",9.99
941b7c39,2026-05-11,02:00:25,3240220,GRAND THEFT AUTO V ENHANCED,37,32023,Action,Rockstar North,"Mar 4, 2025",19.79
25ae0d5c,2026-05-11,02:00:25,3892270,GAMBLE WITH YOUR FRIENDS,38,31644,Adventure,SkyBrave,"1 May, 2026",4.95
292973cb,2026-05-11,02:00:25,39210,FINAL FANTASY XIV ONLINE,39,30069,Massively Multiplayer,Square Enix,"Feb 18, 2014",19.99
b0de763f,2026-05-11,02:00:25,440900,CONAN EXILES ENHANCED,40,28509,Action,Funcom,"May 8, 2018",29.99
51f32481,2026-05-11,02:00:25,1245620,ELDEN RING,41,28456,Action,"FromSoftware, Inc.","Feb 24, 2022",59.99
e13abf7c,2026-05-11,02:00:25,3124540,FAR FAR WEST,42,27301,Action,Evil Raptor,"Apr 28, 2026",17.99
7e955de4,2026-05-11,02:00:25,218620,PAYDAY 2,43,25610,Action,OVERKILL - a Starbreeze Studio.,"Aug 13, 2013",9.99
2c44da0c,2026-05-11,02:00:25,1973530,LIMBUS COMPANY,44,25099,Other,ProjectMoon,"26 Feb, 2023",0.0
04d6c9cb,2026-05-11,02:00:25,289070,SID MEIER’S CIVILIZATION® VI,45,24981,Strategy,Firaxis Games,"Oct 21, 2016",59.99
c2b24fc2,2026-05-11,02:00:25,108600,PROJECT ZOMBOID,46,24759,Indie,The Indie Stone,"Nov 8, 2013",19.99
379299bb,2026-05-11,02:00:25,240,COUNTER-STRIKE: SOURCE,47,22854,Action,Valve,"1 Nov, 2004",5.79
c8acdf4e,2026-05-11,02:00:25,1091500,CYBERPUNK 2077,48,24334,RPG,CD PROJEKT RED,"Dec 9, 2020",20.99
e5343b78,2026-05-11,02:00:25,489830,THE ELDER SCROLLS V: SKYRIM SPECIAL EDITION,49,24091,RPG,Bethesda Game Studios,"Oct 27, 2016",39.99
5c3c1186,2026-05-11,02:00:25,394360,HEARTS OF IRON IV,50,23368,Simulation,Paradox Development Studio,"Jun 6, 2016",49.99
5950244f,2026-05-11,02:00:25,294100,RIMWORLD,51,22957,Indie,Ludeon Studios,"Oct 17, 2018",34.99
cf914391,2026-05-11,02:00:25,4465480,COUNTER-STRIKE:GLOBAL OFFENSIVE,52,22886,Action,Valve,"Aug 21, 2012",0.0
0c2d0385,2026-05-11,02:00:25,1222670,THE SIMS™ 4,53,22979,Adventure,Maxis,"Jun 18, 2020",0.0
df03d2b2,2026-05-11,02:00:25,105600,TERRARIA,54,20670,Action,Re-Logic,"May 16, 2011",9.99
5e8765a7,2026-05-11,02:00:25,2399830,ARK: SURVIVAL ASCENDED,55,20243,Action,Studio Wildcard,"Oct 25, 2023",44.99
d62fb5d1,2026-05-11,02:00:25,252950,ROCKET LEAGUE®,56,19516,Action,Psyonix LLC,"Jul 7, 2015",0.0
0d889cd6,2026-05-11,02:00:25,1174180,RED DEAD REDEMPTION 2,57,18526,Action,Rockstar Games,"Dec 5, 2019",59.99
0f9016ff,2026-05-11,02:00:25,582660,BLACK DESERT,58,18457,Action,Pearl Abyss,"May 24, 2017",0.99
7e14bd32,2026-05-11,02:00:25,3472040,NBA 2K26,59,17985,Sports,Visual Concepts,"Sep 4, 2025",19.99
e68586ff,2026-05-11,02:00:25,251570,7 DAYS TO DIE,60,17245,Action,The Fun Pimps,"Jul 25, 2024",44.99
837726ee,2026-05-11,02:00:25,4000,GARRY'S MOD,61,17287,Casual,Facepunch Studios,"Nov 29, 2006",4.99
e3012879,2026-05-11,02:00:25,892970,VALHEIM,62,17061,Action,Iron Gate AB,"Feb 2, 2021",9.99
26b53e10,2026-05-11,02:00:25,284160,BEAMNG.DRIVE,63,16927,Racing,BeamNG,"May 29, 2015",24.99
ca08e3df,2026-05-11,02:00:25,813780,AGE OF EMPIRES II: DEFINITIVE EDITION,64,16634,Strategy,World's Edge,"Nov 14, 2019",12.24
49646322,2026-05-11,02:00:25,3164500,SCHEDULE I,65,16758,Action,TVGS,"Mar 24, 2025",19.99
e6831b45,2026-05-11,02:00:25,1142710,TOTAL WAR: WARHAMMER III,66,16409,Action,CREATIVE ASSEMBLY,"Feb 17, 2022",59.99
aaf2d715,2026-05-11,02:00:25,1281930,TMODLOADER,67,16189,Action,TML Team,"May 16, 2020",0.0
9f9cde64,2026-05-11,02:00:25,4128580,BIDKING,68,15784,Casual,MindSurge Network & Games,"Apr 15, 2026",2.99
be9dc7b8,2026-05-11,02:00:25,250900,THE BINDING OF ISAAC: REBIRTH,69,15656,Action,"Nicalis, Inc.","Nov 4, 2014",14.99
0c373688,2026-05-11,02:00:25,1158310,CRUSADER KINGS III,70,15657,RPG,Paradox Development Studio,"Sep 1, 2020",14.99
75b83fcf,2026-05-11,02:00:25,2300320,FARMING SIMULATOR 25,71,15412,Simulation,GIANTS Software,"Nov 12, 2024",29.99
ba5d2b15,2026-05-11,02:00:25,3564740,WHERE WINDS MEET,72,15350,Action,Everstone Studio,"14 Nov, 2025",0.0
b1e59878,2026-05-11,02:00:25,526870,SATISFACTORY,73,15098,Adventure,Coffee Stain Studios,"Sep 10, 2024",27.99
87c5c4b7,2026-05-11,02:00:25,739630,PHASMOPHOBIA,74,15145,Action,Kinetic Games,"Sep 18, 2020",19.99
e7dc2a76,2026-05-11,02:00:25,3551340,FOOTBALL MANAGER 26,75,15017,Simulation,Sports Interactive,"Nov 4, 2025",59.99
54b81b1f,2026-05-11,02:00:25,2073620,ARENA BREAKOUT: INFINITE,76,14752,Action,Morefun Studios,"Sep 15, 2025",0.0
eb1d67e9,2026-05-11,02:00:25,220200,KERBAL SPACE PROGRAM,77,14681,Indie,Squad,"Apr 27, 2015",39.99
75a26fe7,2026-05-11,02:00:25,281990,STELLARIS,78,14551,Simulation,Paradox Development Studio,"May 9, 2016",39.99
eeca2bb3,2026-05-11,02:00:25,2073850,THE FINALS,79,14559,Action,Embark Studios,"Dec 7, 2023",0.0
9d534cee,2026-05-11,02:00:25,427520,FACTORIO,80,14302,Casual,Wube Software LTD.,"Aug 14, 2020",35.0
ae91d3b2,2026-05-11,02:00:25,261550,MOUNT & BLADE II: BANNERLORD,81,14164,Action,TaleWorlds Entertainment,"Oct 25, 2022",24.99
ec769939,2026-05-11,02:00:25,1623730,PALWORLD,82,13878,Action,Pocketpair,"Jan 19, 2024",29.99
e2cc8af8,2026-05-11,02:00:25,3513350,WUTHERING WAVES,83,13645,Action,KURO GAMES,"Apr 28, 2025",0.0
8e09d2a7,2026-05-11,02:00:25,322330,DON'T STARVE TOGETHER,84,13554,Action,Klei Entertainment,"Apr 21, 2016",14.99
6f532c63,2026-05-11,02:00:25,3105440,HEROES OF MIGHT AND MAGIC: OLDEN ERA,85,13242,RPG,Unfrozen,"Apr 30, 2026",29.99
754feede,2026-05-11,02:00:25,376210,THE ISLE,86,13132,Action,Afterthought LLC,"Dec 1, 2015",19.99
88e90d79,2026-05-11,02:00:25,8930,SID MEIER'S CIVILIZATION® V,87,12974,Strategy,Firaxis Games,"Sep 21, 2010",29.99
1b8b8e66,2026-05-11,02:00:25,2622380,ELDEN RING NIGHTREIGN,88,12723,Action,"FromSoftware, Inc.","29 May, 2025",39.99
2af3dd99,2026-05-11,02:00:25,346110,ARK: SURVIVAL EVOLVED,89,12789,Action,Studio Wildcard,"Aug 27, 2017",14.99
51e71b00,2026-05-11,02:00:25,4025700,HEARTOPIA,90,12758,Casual,XD,"16 Jan, 2026",0.0
bde586a5,2026-05-11,02:00:25,304930,UNTURNED,91,12723,Action,Smartly Dressed Games,"Jul 7, 2017",0.0
887cbbcd,2026-05-11,02:00:25,1203620,ENSHROUDED,92,12656,Action,Keen Games GmbH,"Jan 24, 2024",23.99
9e356d68,2026-05-11,02:00:25,227300,EURO TRUCK SIMULATOR 2,93,12536,Indie,SCS Software,"Oct 12, 2012",19.99
8c8851ee,2026-05-11,02:00:25,1874880,ARMA REFORGER,94,12520,Action,Bohemia Interactive,"Nov 16, 2023",39.99
569b869d,2026-05-11,02:00:25,3527290,PEAK,95,12495,Action,Team PEAK,"16 Jun, 2025",7.49
b787024a,2026-05-11,02:00:25,377160,FALLOUT 4,96,12164,RPG,Bethesda Game Studios,"Nov 9, 2015",19.99
43a43374,2026-05-11,02:00:25,1905180,OBS STUDIO,97,12026,Utilities,OBS Project,"Mar 21, 2022",0.0
0c555dc8,2026-05-11,02:00:25,3764200,RESIDENT EVIL REQUIEM,98,11915,Action,"CAPCOM Co., Ltd.","Feb 26, 2026",69.99
f2895a7f,2026-05-11,02:00:25,1623660,MIR4,99,11891,Action,Wemade Next,"Aug 25, 2021",0.0
1fb5c378,2026-05-11,02:00:25,1665460,EFOOTBALL™,100,11457,Simulation,KONAMI,"Sep 29, 2021",0.0
5236c74c,2026-05-11,02:00:25,629520,SOUNDPAD,,10523,Audio Production,Leppsoft,"Sep 30, 2017",4.99
f14682eb,2026-05-11,02:00:25,1449850,YU-GI-OH! MASTER DUEL,,10340,Simulation,KONAMI,"18 Jan, 2022",0.0
69f3b96f,2026-05-11,02:00:25,275850,NO MAN'S SKY,,8659,Action,Hello Games,"Aug 12, 2016",59.99
0357928f,2026-05-11,02:00:25,3679080,THE SEVEN DEADLY SINS: ORIGIN,,5122,Action,Netmarble F&C,"Mar 16, 2026",0.0
866f24f4,2026-05-11,02:00:25,1203220,NARAKA: BLADEPOINT,,8560,Action,24 Entertainment,"11 Aug, 2021",0.0
c312b28b,2026-05-11,02:00:25,3265700,VAMPIRE CRAWLERS: THE TURBO WILDCARD FROM VAMPIRE SURVIVORS,,7022,Action,poncle,"Apr 21, 2026",9.99
f7f22fa7,2026-05-11,02:00:25,3065800,MARATHON,,11204,Action,Bungie,"Mar 5, 2026",31.99
035f2719,2026-05-11,02:00:25,291550,BRAWLHALLA,,11158,Action,Blue Mammoth Games,"Oct 17, 2017",0.0
02f132ba,2026-05-11,02:00:25,1364780,STREET FIGHTER™ 6,,9772,Action,"CAPCOM Co., Ltd.","Jun 1, 2023",19.99
d257613b,2026-05-11,02:00:25,2252570,FOOTBALL MANAGER 2024,,9260,Simulation,Sports Interactive,"Nov 6, 2023",0.0
a5b1fcf9,2026-05-11,02:00:25,2923300,BANANA,,5300,Adventure,Sky,"Apr 23, 2024",0.0
30d20080,2026-05-11,02:00:25,3224770,UMAMUSUME: PRETTY DERBY,,7877,Simulation,"Cygames, Inc.","24 Jun, 2025",0.0
2e837ec3,2026-05-11,02:00:25,2646460,SOULMASK,,6643,Adventure,CampFire Studio,"Apr 9, 2026",29.99
8b9dad5c,2026-05-11,02:00:25,238960,PATH OF EXILE,,6977,Action,Grinding Gear Games,"23 Oct, 2013",0.0
28523126,2026-05-11,02:00:25,1716740,STARFIELD,,8826,RPG,Bethesda Game Studios,"Sep 5, 2023",49.99
3ab8fed2,2026-05-11,02:00:25,306130,THE ELDER SCROLLS® ONLINE,,9906,Action,ZeniMax Online Studios,"May 22, 2017",19.99
8e974929,2026-05-11,02:00:25,2584990,SHADOWVERSE: WORLDS BEYOND,,4933,Casual,"Cygames, Inc.","Jun 14, 2025",0.0
a5f0fac1,2026-05-11,02:00:25,2479810,GRAY ZONE WARFARE,,7144,Action,"MADFINGER Games, a.s.","Apr 30, 2024",39.99
f0bfe1ba,2026-05-11,02:00:25,3357650,PRAGMATA,,7148,Action,"CAPCOM Co., Ltd.","Apr 17, 2026",59.99
606ca5e0,2026-05-11,02:00:25,1144200,READY OR NOT,,8336,Action,VOID Interactive,"Dec 13, 2023",24.99
121de280,2026-05-11,02:00:25,1974050,TORCHLIGHT: INFINITE,,3707,Action,XD,"May 9, 2023",0.0
e6aa8d88,2026-05-11,02:00:25,1476970,IDLEON,,10437,Casual,Lavaflame2,"Nov 6, 2025",0.0
12ae2b2b,2026-05-11,02:00:25,594650,HUNT: SHOWDOWN 1896,,8190,Action,Crytek,"Aug 27, 2019",13.49
bb7f15a3,2026-05-11,02:00:25,960090,BLOONS TD 6,,9823,Strategy,Ninja Kiwi,"Dec 17, 2018",13.99
2bacd5fb,2026-05-12,01:58:12,730,COUNTER-STRIKE 2,1,591896,Action,Valve,"21 Aug, 2012",0.0
a9c292c7,2026-05-12,01:58:12,570,DOTA 2,2,284641,Action,Valve,"Jul 9, 2013",0.0
f74f6090,2026-05-12,01:58:12,2676230,FIVEM,3,124837,Other,,,0.0
3fcd5d69,2026-05-12,01:58:12,3419430,BONGO CAT,4,121814,Casual,Marcel Zurawka,"Mar 5, 2025",0.0
a49c6a2f,2026-05-12,01:58:12,2868840,SLAY THE SPIRE 2,5,103654,Indie,Mega Crit,"Mar 5, 2026",24.99
a1ae0bb3,2026-05-12,01:58:12,578080,PUBG: BATTLEGROUNDS,6,100776,Action,PUBG Corporation,"21 Dec, 2017",0.0
b1408cce,2026-05-12,01:58:12,252490,RUST,7,86207,Action,Facepunch Studios,"Feb 8, 2018",39.99
0b5d5fc0,2026-05-12,01:58:12,1808500,ARC RAIDERS,8,83486,Action,Embark Studios,"30 Oct, 2025",39.99
cb336131,2026-05-12,01:58:12,1172470,APEX LEGENDS™,9,80852,Action,Respawn,"4 Nov, 2020",0.0
4ee635b3,2026-05-12,01:58:12,2767030,MARVEL RIVALS,10,81145,Action,NetEase Games,"5 Dec, 2024",0.0
90decbcc,2026-05-12,01:58:12,359550,TOM CLANCY'S RAINBOW SIX SIEGE,11,77832,Action,Ubisoft Montreal,"Dec 1, 2015",0.0
b71c45ee,2026-05-12,01:58:12,1422450,DEADLOCK,12,0,Action,Valve,To be announced,0.0
5feed3a6,2026-05-12,01:58:12,3241660,R.E.P.O.,13,57695,Action,semiwork,"Feb 26, 2025",9.99
822e9899,2026-05-12,01:58:12,2357570,OVERWATCH®,14,57406,Action,"Blizzard Entertainment, Inc.","Aug 10, 2023",0.0
36b9e8cd,2026-05-12,01:58:12,2507950,DELTA FORCE,15,54111,Action,Team Jade,"4 Dec, 2024",0.0
74684704,2026-05-12,01:58:12,431960,WALLPAPER ENGINE,16,51638,Casual,Wallpaper Engine Team,"Nov 16, 2018",4.99
7412266e,2026-05-12,01:58:12,230410,WARFRAME,17,52108,Action,Digital Extremes,"25 Mar, 2013",0.0
c260b20f,2026-05-12,01:58:12,3041230,WINDROSE,18,49908,Action,Kraken Express,"Apr 14, 2026",29.99
6deb12fd,2026-05-12,01:58:12,322170,GEOMETRY DASH,19,49729,Action,RobTop Games,"Dec 22, 2014",4.99
7771ed00,2026-05-12,01:58:12,1086940,BALDUR'S GATE 3,20,47429,Adventure,Larian Studios,"Aug 3, 2023",59.99
87a54ed2,2026-05-12,01:58:12,381210,DEAD BY DAYLIGHT,21,45017,Action,Behaviour Interactive Inc.,"Jun 14, 2016",7.99
22a73327,2026-05-12,01:58:12,440,TEAM FORTRESS 2,22,43370,Action,Valve,"Oct 10, 2007",0.0
e99956cf,2026-05-12,01:58:12,413150,STARDEW VALLEY,23,42912,Indie,ConcernedApe,"Feb 26, 2016",14.99
50b4d332,2026-05-12,01:58:12,3321460,CRIMSON DESERT,24,42070,Action,Pearl Abyss,"Mar 19, 2026",69.99
bfd863ac,2026-05-12,01:58:12,438100,VRCHAT,25,40784,Adventure,VRChat Inc.,"1 Feb, 2017",0.0
ee359ec1,2026-05-12,01:58:12,3405690,EA SPORTS FC™ 26,26,36940,Simulation,EA Canada,"25 Sep, 2025",20.99
ac78ef88,2026-05-12,01:58:12,271590,GRAND THEFT AUTO V LEGACY,27,36444,Action,Rockstar North,"Apr 13, 2015",0.0
779b8587,2026-05-12,01:58:12,1938090,CALL OF DUTY®,28,36333,Action,Treyarch,"Oct 27, 2022",0.0
b7253701,2026-05-12,01:58:12,2807960,BATTLEFIELD™ 6,29,35305,Action,Battlefield Studios,"10 Oct, 2025",41.99
71494fc0,2026-05-12,01:58:12,236390,WAR THUNDER,30,35182,Action,Gaijin Entertainment,"Aug 15, 2013",0.0
374a61e9,2026-05-12,01:58:12,553850,HELLDIVERS™ 2,31,34317,Action,Arrowhead Game Studios,"8 Feb, 2024",39.99
6b805646,2026-05-12,01:58:12,2344520,DIABLO® IV,32,32226,Action,"Blizzard Entertainment, Inc.","Oct 17, 2023",49.99
ebf22b99,2026-05-12,01:58:12,1366800,CROSSHAIR X,33,32263,Action,CenterPoint Gaming,"Aug 17, 2020",9.99
73f1be50,2026-05-12,01:58:12,221100,DAYZ,34,31372,Action,Bohemia Interactive,"Dec 13, 2018",49.99
0b672a97,2026-05-12,01:58:12,240,COUNTER-STRIKE: SOURCE,35,26864,Action,Valve,"1 Nov, 2004",5.79
d7501657,2026-05-12,01:58:12,39210,FINAL FANTASY XIV ONLINE,36,30204,Massively Multiplayer,Square Enix,"Feb 18, 2014",19.99
8c2a81db,2026-05-12,01:58:12,3240220,GRAND THEFT AUTO V ENHANCED,37,29874,Action,Rockstar North,"Mar 4, 2025",19.79
49325bb1,2026-05-12,01:58:12,3892270,GAMBLE WITH YOUR FRIENDS,38,27373,Adventure,SkyBrave,"1 May, 2026",4.95
befd20e0,2026-05-12,01:58:12,440900,CONAN EXILES ENHANCED,39,27732,Action,Funcom,"May 8, 2018",29.99
2dfa9943,2026-05-12,01:58:12,1245620,ELDEN RING,40,27468,Action,"FromSoftware, Inc.","Feb 24, 2022",59.99
11d7b85e,2026-05-12,01:58:12,550,LEFT 4 DEAD 2,41,26643,Action,Valve,"Nov 16, 2009",9.99
676102a2,2026-05-12,01:58:12,1973530,LIMBUS COMPANY,42,26311,Other,ProjectMoon,"26 Feb, 2023",0.0
6e367eaa,2026-05-12,01:58:12,3124540,FAR FAR WEST,43,24779,Action,Evil Raptor,"Apr 28, 2026",17.99
fc686185,2026-05-12,01:58:12,218620,PAYDAY 2,44,23911,Action,OVERKILL - a Starbreeze Studio.,"Aug 13, 2013",9.99
f63117f8,2026-05-12,01:58:12,4465480,COUNTER-STRIKE:GLOBAL OFFENSIVE,45,23530,Action,Valve,"Aug 21, 2012",0.0
4e13c661,2026-05-12,01:58:12,289070,SID MEIER’S CIVILIZATION® VI,46,23476,Strategy,Firaxis Games,"Oct 21, 2016",59.99
4ba6744b,2026-05-12,01:58:12,108600,PROJECT ZOMBOID,47,23595,Indie,The Indie Stone,"Nov 8, 2013",19.99
a388d853,2026-05-12,01:58:12,489830,THE ELDER SCROLLS V: SKYRIM SPECIAL EDITION,48,22703,RPG,Bethesda Game Studios,"Oct 27, 2016",39.99
2e08a46e,2026-05-12,01:58:12,1091500,CYBERPUNK 2077,49,22319,RPG,CD PROJEKT RED,"Dec 9, 2020",20.99
f980ab46,2026-05-12,01:58:12,394360,HEARTS OF IRON IV,50,22119,Simulation,Paradox Development Studio,"Jun 6, 2016",49.99
85cae7e0,2026-05-12,01:58:12,252950,ROCKET LEAGUE®,51,21961,Action,Psyonix LLC,"Jul 7, 2015",0.0
19d2b037,2026-05-12,01:58:12,294100,RIMWORLD,52,21614,Indie,Ludeon Studios,"Oct 17, 2018",34.99
135eda0e,2026-05-12,01:58:12,1222670,THE SIMS™ 4,53,21217,Adventure,Maxis,"Jun 18, 2020",0.0
70942db8,2026-05-12,01:58:12,105600,TERRARIA,54,19520,Action,Re-Logic,"May 16, 2011",9.99
bf2470cc,2026-05-12,01:58:12,2399830,ARK: SURVIVAL ASCENDED,55,18763,Action,Studio Wildcard,"Oct 25, 2023",44.99
ef5ef69d,2026-05-12,01:58:12,3472040,NBA 2K26,56,18459,Sports,Visual Concepts,"Sep 4, 2025",19.99
3984cf0e,2026-05-12,01:58:12,582660,BLACK DESERT,57,18346,Action,Pearl Abyss,"May 24, 2017",0.99
65a64454,2026-05-12,01:58:12,1174180,RED DEAD REDEMPTION 2,58,17909,Action,Rockstar Games,"Dec 5, 2019",59.99
aa1d28a7,2026-05-12,01:58:12,4128580,BIDKING,59,15934,Casual,MindSurge Network & Games,"Apr 15, 2026",2.99
a93759c5,2026-05-12,01:58:12,3164500,SCHEDULE I,60,16118,Action,TVGS,"Mar 24, 2025",19.99
103aa3ec,2026-05-12,01:58:12,251570,7 DAYS TO DIE,61,16041,Action,The Fun Pimps,"Jul 25, 2024",44.99
950d4719,2026-05-12,01:58:12,284160,BEAMNG.DRIVE,62,15826,Racing,BeamNG,"May 29, 2015",24.99
dd27d233,2026-05-12,01:58:12,813780,AGE OF EMPIRES II: DEFINITIVE EDITION,63,15593,Strategy,World's Edge,"Nov 14, 2019",12.24
78a0819c,2026-05-12,01:58:12,892970,VALHEIM,64,15481,Action,Iron Gate AB,"Feb 2, 2021",9.99
beb53e92,2026-05-12,01:58:12,4000,GARRY'S MOD,65,15597,Casual,Facepunch Studios,"Nov 29, 2006",4.99
dd6d9136,2026-05-12,01:58:12,1281930,TMODLOADER,66,15441,Action,TML Team,"May 16, 2020",0.0
f0d33db0,2026-05-12,01:58:12,250900,THE BINDING OF ISAAC: REBIRTH,67,15464,Action,"Nicalis, Inc.","Nov 4, 2014",14.99
0fa76cab,2026-05-12,01:58:12,1142710,TOTAL WAR: WARHAMMER III,68,15216,Action,CREATIVE ASSEMBLY,"Feb 17, 2022",59.99
3f44f7f3,2026-05-12,01:58:12,3551340,FOOTBALL MANAGER 26,69,15064,Simulation,Sports Interactive,"Nov 4, 2025",59.99
5dfb1055,2026-05-12,01:58:12,2073850,THE FINALS,70,15103,Action,Embark Studios,"Dec 7, 2023",0.0
e261dca1,2026-05-12,01:58:12,1158310,CRUSADER KINGS III,71,14969,RPG,Paradox Development Studio,"Sep 1, 2020",14.99
1350638f,2026-05-12,01:58:12,2300320,FARMING SIMULATOR 25,72,14564,Simulation,GIANTS Software,"Nov 12, 2024",29.99
9f2bb4bc,2026-05-12,01:58:12,2073620,ARENA BREAKOUT: INFINITE,73,14419,Action,Morefun Studios,"Sep 15, 2025",0.0
d7e6e697,2026-05-12,01:58:12,526870,SATISFACTORY,74,14302,Adventure,Coffee Stain Studios,"Sep 10, 2024",27.99
d662e28d,2026-05-12,01:58:12,281990,STELLARIS,75,14028,Simulation,Paradox Development Studio,"May 9, 2016",39.99
bdd967b3,2026-05-12,01:58:12,220200,KERBAL SPACE PROGRAM,76,13863,Indie,Squad,"Apr 27, 2015",39.99
e78c7197,2026-05-12,01:58:12,427520,FACTORIO,77,13702,Casual,Wube Software LTD.,"Aug 14, 2020",35.0
fe4df7bb,2026-05-12,01:58:12,739630,PHASMOPHOBIA,78,13329,Action,Kinetic Games,"Sep 18, 2020",19.99
4915969f,2026-05-12,01:58:12,261550,MOUNT & BLADE II: BANNERLORD,79,13284,Action,TaleWorlds Entertainment,"Oct 25, 2022",24.99
42f83ee0,2026-05-12,01:58:12,376210,THE ISLE,80,13044,Action,Afterthought LLC,"Dec 1, 2015",19.99
5e3c5915,2026-05-12,01:58:12,3513350,WUTHERING WAVES,81,12878,Action,KURO GAMES,"Apr 28, 2025",0.0
7d6907fd,2026-05-12,01:58:12,1623730,PALWORLD,82,12823,Action,Pocketpair,"Jan 19, 2024",29.99
06d1ff09,2026-05-12,01:58:12,2622380,ELDEN RING NIGHTREIGN,83,12727,Action,"FromSoftware, Inc.","29 May, 2025",39.99
4587b0ed,2026-05-12,01:58:12,322330,DON'T STARVE TOGETHER,84,12198,Action,Klei Entertainment,"Apr 21, 2016",14.99
a619fe49,2026-05-12,01:58:12,4025700,HEARTOPIA,85,12283,Casual,XD,"16 Jan, 2026",0.0
1dcd9d96,2026-05-12,01:58:12,3564740,WHERE WINDS MEET,86,12252,Action,Everstone Studio,"14 Nov, 2025",0.0
9014664a,2026-05-12,01:58:12,3527290,PEAK,87,12085,Action,Team PEAK,"16 Jun, 2025",7.49
cfc88b50,2026-05-12,01:58:12,304930,UNTURNED,88,12108,Action,Smartly Dressed Games,"Jul 7, 2017",0.0
566d754d,2026-05-12,01:58:12,346110,ARK: SURVIVAL EVOLVED,89,12188,Action,Studio Wildcard,"Aug 27, 2017",14.99
c48c2a01,2026-05-12,01:58:12,1874880,ARMA REFORGER,90,12100,Action,Bohemia Interactive,"Nov 16, 2023",39.99
58814d6c,2026-05-12,01:58:12,8930,SID MEIER'S CIVILIZATION® V,91,12141,Strategy,Firaxis Games,"Sep 21, 2010",29.99
4e31bca0,2026-05-12,01:58:12,264710,SUBNAUTICA,92,11899,Adventure,Unknown Worlds Entertainment,"Jan 23, 2018",7.49
8824ff0d,2026-05-12,01:58:12,227300,EURO TRUCK SIMULATOR 2,93,11727,Indie,SCS Software,"Oct 12, 2012",19.99
db69dbd5,2026-05-12,01:58:12,1203620,ENSHROUDED,94,11846,Action,Keen Games GmbH,"Jan 24, 2024",23.99
e0f641ab,2026-05-12,01:58:12,3105440,HEROES OF MIGHT AND MAGIC: OLDEN ERA,95,11811,RPG,Unfrozen,"Apr 30, 2026",29.99
5870ec37,2026-05-12,01:58:12,3065800,MARATHON,96,11781,Action,Bungie,"Mar 5, 2026",31.99
ef5b9e22,2026-05-12,01:58:12,1665460,EFOOTBALL™,97,11719,Simulation,KONAMI,"Sep 29, 2021",0.0
86704d43,2026-05-12,01:58:12,1905180,OBS STUDIO,98,11645,Utilities,OBS Project,"Mar 21, 2022",0.0
ac6e1355,2026-05-12,01:58:12,377160,FALLOUT 4,99,11210,RPG,Bethesda Game Studios,"Nov 9, 2015",19.99
e5adecf8,2026-05-12,01:58:12,2694490,PATH OF EXILE 2,100,11006,Action,Grinding Gear Games,"Dec 6, 2024",29.99
5332d590,2026-05-12,01:58:12,2923300,BANANA,,6343,Adventure,Sky,"Apr 23, 2024",0.0
f91d6d1c,2026-05-12,01:58:12,1476970,IDLEON,,10362,Casual,Lavaflame2,"Nov 6, 2025",0.0
dfd128cb,2026-05-12,01:58:12,3764200,RESIDENT EVIL REQUIEM,,10123,Action,"CAPCOM Co., Ltd.","Feb 26, 2026",69.99
dd7c293d,2026-05-12,01:58:12,3679080,THE SEVEN DEADLY SINS: ORIGIN,,5056,Action,Netmarble F&C,"Mar 16, 2026",0.0
2cb6a7f6,2026-05-12,01:58:12,1449850,YU-GI-OH! MASTER DUEL,,10547,Simulation,KONAMI,"18 Jan, 2022",0.0
88b8c128,2026-05-12,01:58:12,1203220,NARAKA: BLADEPOINT,,8057,Action,24 Entertainment,"11 Aug, 2021",0.0
49b86991,2026-05-12,01:58:12,2646460,SOULMASK,,6123,Adventure,CampFire Studio,"Apr 9, 2026",29.99
1c63b43d,2026-05-12,01:58:12,629520,SOUNDPAD,,9665,Audio Production,Leppsoft,"Sep 30, 2017",4.99
affdffb0,2026-05-12,01:58:12,2479810,GRAY ZONE WARFARE,,6648,Action,"MADFINGER Games, a.s.","Apr 30, 2024",39.99
b79fc168,2026-05-12,01:58:12,1623660,MIR4,,5232,Action,Wemade Next,"Aug 25, 2021",0.0
78121d72,2026-05-12,01:58:12,291550,BRAWLHALLA,,10696,Action,Blue Mammoth Games,"Oct 17, 2017",0.0
8f2b6abb,2026-05-12,01:58:12,1716740,STARFIELD,,7966,RPG,Bethesda Game Studios,"Sep 5, 2023",49.99
ec94c660,2026-05-12,01:58:12,552990,WORLD OF WARSHIPS,,5966,Action,Wargaming Group Limited,"Nov 15, 2017",0.0
0a7c6633,2026-05-12,01:58:12,1144200,READY OR NOT,,7495,Action,VOID Interactive,"Dec 13, 2023",24.99
7456fec2,2026-05-12,01:58:12,1364780,STREET FIGHTER™ 6,,10153,Action,"CAPCOM Co., Ltd.","Jun 1, 2023",19.99
75bc4937,2026-05-12,01:58:12,3265700,VAMPIRE CRAWLERS: THE TURBO WILDCARD FROM VAMPIRE SURVIVORS,,6384,Action,poncle,"Apr 21, 2026",9.99
a4d52f86,2026-05-12,01:58:12,960090,BLOONS TD 6,,9416,Strategy,Ninja Kiwi,"Dec 17, 2018",13.99
3c147bbc,2026-05-12,01:58:12,2584990,SHADOWVERSE: WORLDS BEYOND,,4331,Casual,"Cygames, Inc.","Jun 14, 2025",0.0
7a9cf649,2026-05-12,01:58:12,2252570,FOOTBALL MANAGER 2024,,9230,Simulation,Sports Interactive,"Nov 6, 2023",0.0
88219f8e,2026-05-12,01:58:12,3357650,PRAGMATA,,6001,Action,"CAPCOM Co., Ltd.","Apr 17, 2026",59.99
2b587a94,2026-05-12,01:58:12,594650,HUNT: SHOWDOWN 1896,,7870,Action,Crytek,"Aug 27, 2019",13.49
59142df3,2026-05-12,01:58:12,275850,NO MAN'S SKY,,7910,Action,Hello Games,"Aug 12, 2016",59.99
d1125fed,2026-05-12,01:58:12,1974050,TORCHLIGHT: INFINITE,,3392,Action,XD,"May 9, 2023",0.0
6f661503,2026-05-12,01:58:12,3224770,UMAMUSUME: PRETTY DERBY,,7510,Simulation,"Cygames, Inc.","24 Jun, 2025",0.0
e4ef74e4,2026-05-12,01:58:12,306130,THE ELDER SCROLLS® ONLINE,,9646,Action,ZeniMax Online Studios,"May 22, 2017",19.99
682152cf,2026-05-12,01:58:12,238960,PATH OF EXILE,,6709,Action,Grinding Gear Games,"23 Oct, 2013",0.0
6fefd96f,2026-05-13,02:02:11,730,COUNTER-STRIKE 2,1,541419,Action,Valve,"21 Aug, 2012",0.0
10e98524,2026-05-13,02:02:11,570,DOTA 2,2,271868,Action,Valve,"Jul 9, 2013",0.0
8f466549,2026-05-13,02:02:11,2676230,FIVEM,3,124170,Other,,,0.0
593de894,2026-05-13,02:02:11,2868840,SLAY THE SPIRE 2,4,101074,Indie,Mega Crit,"Mar 5, 2026",24.99
b0aacfdc,2026-05-13,02:02:11,3419430,BONGO CAT,5,99617,Casual,Marcel Zurawka,"Mar 5, 2025",0.0
9978a48d,2026-05-13,02:02:11,2767030,MARVEL RIVALS,6,86627,Action,NetEase Games,"5 Dec, 2024",0.0
d7e2ce6c,2026-05-13,02:02:11,1172470,APEX LEGENDS™,7,81035,Action,Respawn,"4 Nov, 2020",0.0
96f8a4c9,2026-05-13,02:02:11,1808500,ARC RAIDERS,8,75944,Action,Embark Studios,"30 Oct, 2025",39.99
0ea30c06,2026-05-13,02:02:11,359550,TOM CLANCY'S RAINBOW SIX SIEGE,9,74590,Action,Ubisoft Montreal,"Dec 1, 2015",0.0
7685664c,2026-05-13,02:02:11,252490,RUST,10,73534,Action,Facepunch Studios,"Feb 8, 2018",39.99
08701011,2026-05-13,02:02:11,2357570,OVERWATCH®,11,66482,Action,"Blizzard Entertainment, Inc.","Aug 10, 2023",0.0
7694d500,2026-05-13,02:02:11,1422450,DEADLOCK,12,0,Action,Valve,To be announced,0.0
9e53a68f,2026-05-13,02:02:11,2807960,BATTLEFIELD™ 6,13,59780,Action,Battlefield Studios,"10 Oct, 2025",41.99
e488849c,2026-05-13,02:02:11,2507950,DELTA FORCE,14,54705,Action,Team Jade,"4 Dec, 2024",0.0
08e480e2,2026-05-13,02:02:11,3241660,R.E.P.O.,15,54075,Action,semiwork,"Feb 26, 2025",9.99
c42648bc,2026-05-13,02:02:11,431960,WALLPAPER ENGINE,16,51809,Casual,Wallpaper Engine Team,"Nov 16, 2018",4.99
d8acf5b4,2026-05-13,02:02:11,230410,WARFRAME,17,49854,Action,Digital Extremes,"25 Mar, 2013",0.0
89b456b1,2026-05-13,02:02:11,322170,GEOMETRY DASH,18,49645,Action,RobTop Games,"Dec 22, 2014",4.99
d4e7c68c,2026-05-13,02:02:11,1086940,BALDUR'S GATE 3,19,45000,Adventure,Larian Studios,"Aug 3, 2023",59.99
d20f54cb,2026-05-13,02:02:11,3041230,WINDROSE,20,44858,Action,Kraken Express,"Apr 14, 2026",29.99
aa07d871,2026-05-13,02:02:11,381210,DEAD BY DAYLIGHT,21,44013,Action,Behaviour Interactive Inc.,"Jun 14, 2016",7.99
1f9e3f5c,2026-05-13,02:02:11,413150,STARDEW VALLEY,22,41800,Indie,ConcernedApe,"Feb 26, 2016",14.99
d2430863,2026-05-13,02:02:11,3321460,CRIMSON DESERT,23,39077,Action,Pearl Abyss,"Mar 19, 2026",69.99
17722cde,2026-05-13,02:02:11,438100,VRCHAT,24,37415,Adventure,VRChat Inc.,"1 Feb, 2017",0.0
125bb002,2026-05-13,02:02:11,440,TEAM FORTRESS 2,25,34590,Action,Valve,"Oct 10, 2007",0.0
e6662134,2026-05-13,02:02:11,3405690,EA SPORTS FC™ 26,26,35580,Simulation,EA Canada,"25 Sep, 2025",20.99
8f2b0007,2026-05-13,02:02:11,236390,WAR THUNDER,27,35105,Action,Gaijin Entertainment,"Aug 15, 2013",0.0
297b7770,2026-05-13,02:02:11,1938090,CALL OF DUTY®,28,34483,Action,Treyarch,"Oct 27, 2022",0.0
725b0f23,2026-05-13,02:02:11,1366800,CROSSHAIR X,29,33768,Action,CenterPoint Gaming,"Aug 17, 2020",9.99
15747445,2026-05-13,02:02:11,271590,GRAND THEFT AUTO V LEGACY,30,32231,Action,Rockstar North,"Apr 13, 2015",0.0
2c5dce10,2026-05-13,02:02:11,553850,HELLDIVERS™ 2,31,31343,Action,Arrowhead Game Studios,"8 Feb, 2024",39.99
f4d92c2e,2026-05-13,02:02:11,39210,FINAL FANTASY XIV ONLINE,32,30804,Massively Multiplayer,Square Enix,"Feb 18, 2014",19.99
f979d02e,2026-05-13,02:02:11,2344520,DIABLO® IV,33,30083,Action,"Blizzard Entertainment, Inc.","Oct 17, 2023",49.99
97d0a455,2026-05-13,02:02:11,221100,DAYZ,34,29397,Action,Bohemia Interactive,"Dec 13, 2018",49.99
05283f9d,2026-05-13,02:02:11,3240220,GRAND THEFT AUTO V ENHANCED,35,29380,Action,Rockstar North,"Mar 4, 2025",19.79
51d7a987,2026-05-13,02:02:11,552990,WORLD OF WARSHIPS,36,26998,Action,Wargaming Group Limited,"Nov 15, 2017",0.0
a29d7d00,2026-05-13,02:02:11,550,LEFT 4 DEAD 2,37,26683,Action,Valve,"Nov 16, 2009",9.99
bdeecc57,2026-05-13,02:02:11,1973530,LIMBUS COMPANY,38,27222,Other,ProjectMoon,"26 Feb, 2023",0.0
b50ec094,2026-05-13,02:02:11,1245620,ELDEN RING,39,26522,Action,"FromSoftware, Inc.","Feb 24, 2022",59.99
378881e5,2026-05-13,02:02:11,739630,PHASMOPHOBIA,40,26085,Action,Kinetic Games,"Sep 18, 2020",19.99
a66c9a79,2026-05-13,02:02:11,440900,CONAN EXILES ENHANCED,41,25675,Action,Funcom,"May 8, 2018",29.99
eb079657,2026-05-13,02:02:11,3892270,GAMBLE WITH YOUR FRIENDS,42,24213,Adventure,SkyBrave,"1 May, 2026",4.95
39bb5172,2026-05-13,02:02:11,289070,SID MEIER’S CIVILIZATION® VI,43,23142,Strategy,Firaxis Games,"Oct 21, 2016",59.99
83ba08ee,2026-05-13,02:02:11,108600,PROJECT ZOMBOID,44,23205,Indie,The Indie Stone,"Nov 8, 2013",19.99
c6c82d04,2026-05-13,02:02:11,489830,THE ELDER SCROLLS V: SKYRIM SPECIAL EDITION,45,21954,RPG,Bethesda Game Studios,"Oct 27, 2016",39.99
e29e5284,2026-05-13,02:02:11,394360,HEARTS OF IRON IV,46,22083,Simulation,Paradox Development Studio,"Jun 6, 2016",49.99
b3c58e56,2026-05-13,02:02:11,3124540,FAR FAR WEST,47,21238,Action,Evil Raptor,"Apr 28, 2026",17.99
e0bb3982,2026-05-13,02:02:11,1091500,CYBERPUNK 2077,48,21236,RPG,CD PROJEKT RED,"Dec 9, 2020",20.99
a9ab4f87,2026-05-13,02:02:11,294100,RIMWORLD,49,21209,Indie,Ludeon Studios,"Oct 17, 2018",34.99
f0e2eb9c,2026-05-13,02:02:11,218620,PAYDAY 2,50,19695,Action,OVERKILL - a Starbreeze Studio.,"Aug 13, 2013",9.99
d48ec994,2026-05-13,02:02:11,105600,TERRARIA,51,20532,Action,Re-Logic,"May 16, 2011",9.99
227edd04,2026-05-13,02:02:11,1222670,THE SIMS™ 4,52,20419,Adventure,Maxis,"Jun 18, 2020",0.0
0f23a060,2026-05-13,02:02:11,252950,ROCKET LEAGUE®,53,20271,Action,Psyonix LLC,"Jul 7, 2015",0.0
a67399ae,2026-05-13,02:02:11,3472040,NBA 2K26,54,19783,Sports,Visual Concepts,"Sep 4, 2025",19.99
0ab03317,2026-05-13,02:02:11,1174180,RED DEAD REDEMPTION 2,55,19143,Action,Rockstar Games,"Dec 5, 2019",59.99
28ec0c7e,2026-05-13,02:02:11,2707930,PALIA,56,18538,Adventure,Singularity 6 Corporation,"Mar 25, 2024",0.0
a80b7a93,2026-05-13,02:02:11,2399830,ARK: SURVIVAL ASCENDED,57,18231,Action,Studio Wildcard,"Oct 25, 2023",44.99
98d43d02,2026-05-13,02:02:11,582660,BLACK DESERT,58,18044,Action,Pearl Abyss,"May 24, 2017",0.99
ded029fc,2026-05-13,02:02:11,4128580,BIDKING,59,15431,Casual,MindSurge Network & Games,"Apr 15, 2026",2.99
1ed3b475,2026-05-13,02:02:11,251570,7 DAYS TO DIE,60,15550,Action,The Fun Pimps,"Jul 25, 2024",44.99
3b91563f,2026-05-13,02:02:11,240,COUNTER-STRIKE: SOURCE,61,15237,Action,Valve,"1 Nov, 2004",5.79
983780a8,2026-05-13,02:02:11,3164500,SCHEDULE I,62,15413,Action,TVGS,"Mar 24, 2025",19.99
52caad22,2026-05-13,02:02:11,284160,BEAMNG.DRIVE,63,15032,Racing,BeamNG,"May 29, 2015",24.99
e790c877,2026-05-13,02:02:11,892970,VALHEIM,64,15256,Action,Iron Gate AB,"Feb 2, 2021",9.99
cee30251,2026-05-13,02:02:11,250900,THE BINDING OF ISAAC: REBIRTH,65,15241,Action,"Nicalis, Inc.","Nov 4, 2014",14.99
9812e11f,2026-05-13,02:02:11,813780,AGE OF EMPIRES II: DEFINITIVE EDITION,66,15055,Strategy,World's Edge,"Nov 14, 2019",12.24
32d0c9a8,2026-05-13,02:02:11,3551340,FOOTBALL MANAGER 26,67,14809,Simulation,Sports Interactive,"Nov 4, 2025",59.99
5489cd58,2026-05-13,02:02:11,4000,GARRY'S MOD,68,14951,Casual,Facepunch Studios,"Nov 29, 2006",4.99
663152e4,2026-05-13,02:02:11,1142710,TOTAL WAR: WARHAMMER III,69,14736,Action,CREATIVE ASSEMBLY,"Feb 17, 2022",59.99
adfba078,2026-05-13,02:02:11,2073850,THE FINALS,70,14666,Action,Embark Studios,"Dec 7, 2023",0.0
52691411,2026-05-13,02:02:11,1281930,TMODLOADER,71,14038,Action,TML Team,"May 16, 2020",0.0
8e1c0be1,2026-05-13,02:02:11,1158310,CRUSADER KINGS III,72,14234,RPG,Paradox Development Studio,"Sep 1, 2020",14.99
d4e6c7bf,2026-05-13,02:02:11,2300320,FARMING SIMULATOR 25,73,14004,Simulation,GIANTS Software,"Nov 12, 2024",29.99
83c70e63,2026-05-13,02:02:11,2073620,ARENA BREAKOUT: INFINITE,74,13701,Action,Morefun Studios,"Sep 15, 2025",0.0
fc211fc8,2026-05-13,02:02:11,264710,SUBNAUTICA,75,13575,Adventure,Unknown Worlds Entertainment,"Jan 23, 2018",7.49
d53917fe,2026-05-13,02:02:11,578080,PUBG: BATTLEGROUNDS,76,13668,Action,PUBG Corporation,"21 Dec, 2017",0.0
d6051718,2026-05-13,02:02:11,526870,SATISFACTORY,77,13589,Adventure,Coffee Stain Studios,"Sep 10, 2024",27.99
28579b9d,2026-05-13,02:02:11,281990,STELLARIS,78,13550,Simulation,Paradox Development Studio,"May 9, 2016",39.99
83824890,2026-05-13,02:02:11,220200,KERBAL SPACE PROGRAM,79,13111,Indie,Squad,"Apr 27, 2015",39.99
eec5d499,2026-05-13,02:02:11,427520,FACTORIO,80,13127,Casual,Wube Software LTD.,"Aug 14, 2020",35.0
f5ddbe78,2026-05-13,02:02:11,261550,MOUNT & BLADE II: BANNERLORD,81,13011,Action,TaleWorlds Entertainment,"Oct 25, 2022",24.99
dae7c4ca,2026-05-13,02:02:11,4025700,HEARTOPIA,82,13001,Casual,XD,"16 Jan, 2026",0.0
c84d9b75,2026-05-13,02:02:11,376210,THE ISLE,83,12773,Action,Afterthought LLC,"Dec 1, 2015",19.99
4546b7fb,2026-05-13,02:02:11,2622380,ELDEN RING NIGHTREIGN,84,12599,Action,"FromSoftware, Inc.","29 May, 2025",39.99
41abbb69,2026-05-13,02:02:11,1623730,PALWORLD,85,12331,Action,Pocketpair,"Jan 19, 2024",29.99
8e0bb06c,2026-05-13,02:02:11,322330,DON'T STARVE TOGETHER,86,12048,Action,Klei Entertainment,"Apr 21, 2016",14.99
4be40734,2026-05-13,02:02:11,346110,ARK: SURVIVAL EVOLVED,87,12003,Action,Studio Wildcard,"Aug 27, 2017",14.99
1afaa3f8,2026-05-13,02:02:11,8930,SID MEIER'S CIVILIZATION® V,88,11946,Strategy,Firaxis Games,"Sep 21, 2010",29.99
81b006fc,2026-05-13,02:02:11,1905180,OBS STUDIO,89,11763,Utilities,OBS Project,"Mar 21, 2022",0.0
035c163a,2026-05-13,02:02:11,3513350,WUTHERING WAVES,90,11709,Action,KURO GAMES,"Apr 28, 2025",0.0
0f0e385b,2026-05-13,02:02:11,3564740,WHERE WINDS MEET,91,11665,Action,Everstone Studio,"14 Nov, 2025",0.0
056e2f02,2026-05-13,02:02:11,1623660,MIR4,92,11638,Action,Wemade Next,"Aug 25, 2021",0.0
73fbdd34,2026-05-13,02:02:11,3527290,PEAK,93,11613,Action,Team PEAK,"16 Jun, 2025",7.49
adec2852,2026-05-13,02:02:11,1874880,ARMA REFORGER,94,11503,Action,Bohemia Interactive,"Nov 16, 2023",39.99
01f22009,2026-05-13,02:02:11,227300,EURO TRUCK SIMULATOR 2,95,11440,Indie,SCS Software,"Oct 12, 2012",19.99
57d7106c,2026-05-13,02:02:11,1665460,EFOOTBALL™,96,11316,Simulation,KONAMI,"Sep 29, 2021",0.0
5411c1bd,2026-05-13,02:02:11,3065800,MARATHON,97,11243,Action,Bungie,"Mar 5, 2026",31.99
0fb2c156,2026-05-13,02:02:11,1085660,DESTINY 2,98,11097,Action,Bungie,"Oct 1, 2019",0.0
6157cb8d,2026-05-13,02:02:11,2694490,PATH OF EXILE 2,99,11042,Action,Grinding Gear Games,"Dec 6, 2024",29.99
4b144c33,2026-05-13,02:02:11,3105440,HEROES OF MIGHT AND MAGIC: OLDEN ERA,100,10989,RPG,Unfrozen,"Apr 30, 2026",29.99
2693c31f,2026-05-13,02:02:11,1364780,STREET FIGHTER™ 6,,10003,Action,"CAPCOM Co., Ltd.","Jun 1, 2023",19.99
2d56e7e2,2026-05-13,02:02:11,377160,FALLOUT 4,,10743,RPG,Bethesda Game Studios,"Nov 9, 2015",19.99
857c24e5,2026-05-13,02:02:11,2923300,BANANA,,4966,Adventure,Sky,"Apr 23, 2024",0.0
a0f6cca6,2026-05-13,02:02:11,2646460,SOULMASK,,5729,Adventure,CampFire Studio,"Apr 9, 2026",29.99
0ff069cd,2026-05-13,02:02:11,238960,PATH OF EXILE,,6445,Action,Grinding Gear Games,"23 Oct, 2013",0.0
8e21e040,2026-05-13,02:02:11,306130,THE ELDER SCROLLS® ONLINE,,9056,Action,ZeniMax Online Studios,"May 22, 2017",19.99
31b91801,2026-05-13,02:02:11,1974050,TORCHLIGHT: INFINITE,,3207,Action,XD,"May 9, 2023",0.0
4fb567e0,2026-05-13,02:02:11,629520,SOUNDPAD,,9687,Audio Production,Leppsoft,"Sep 30, 2017",4.99
12662f68,2026-05-13,02:02:11,291550,BRAWLHALLA,,10879,Action,Blue Mammoth Games,"Oct 17, 2017",0.0
9fe2c0ba,2026-05-13,02:02:11,3764200,RESIDENT EVIL REQUIEM,,8917,Action,"CAPCOM Co., Ltd.","Feb 26, 2026",69.99
5641fdb9,2026-05-13,02:02:11,2479810,GRAY ZONE WARFARE,,6336,Action,"MADFINGER Games, a.s.","Apr 30, 2024",39.99
ea9126a3,2026-05-13,02:02:11,275850,NO MAN'S SKY,,7331,Action,Hello Games,"Aug 12, 2016",59.99
2e6b5856,2026-05-13,02:02:11,304930,UNTURNED,,8392,Action,Smartly Dressed Games,"Jul 7, 2017",0.0
19d030ff,2026-05-13,02:02:11,3265700,VAMPIRE CRAWLERS: THE TURBO WILDCARD FROM VAMPIRE SURVIVORS,,5674,Action,poncle,"Apr 21, 2026",9.99
f2bb1adb,2026-05-13,02:02:11,1203220,NARAKA: BLADEPOINT,,7985,Action,24 Entertainment,"11 Aug, 2021",0.0
20b5216c,2026-05-13,02:02:11,1476970,IDLEON,,10122,Casual,Lavaflame2,"Nov 6, 2025",0.0
5d26592f,2026-05-13,02:02:11,4465480,COUNTER-STRIKE:GLOBAL OFFENSIVE,,9779,Action,Valve,"Aug 21, 2012",0.0
3ae5c2e7,2026-05-13,02:02:11,1449850,YU-GI-OH! MASTER DUEL,,10363,Simulation,KONAMI,"18 Jan, 2022",0.0
f2fd3cc9,2026-05-13,02:02:11,3224770,UMAMUSUME: PRETTY DERBY,,7198,Simulation,"Cygames, Inc.","24 Jun, 2025",0.0
aa82e08d,2026-05-13,02:02:11,3679080,THE SEVEN DEADLY SINS: ORIGIN,,4537,Action,Netmarble F&C,"Mar 16, 2026",0.0
44625109,2026-05-13,02:02:11,594650,HUNT: SHOWDOWN 1896,,7808,Action,Crytek,"Aug 27, 2019",13.49
1fafe670,2026-05-13,02:02:11,1716740,STARFIELD,,7515,RPG,Bethesda Game Studios,"Sep 5, 2023",49.99
ab5f878c,2026-05-13,02:02:11,1203620,ENSHROUDED,,10816,Action,Keen Games GmbH,"Jan 24, 2024",23.99
28d49553,2026-05-13,02:02:11,960090,BLOONS TD 6,,8645,Strategy,Ninja Kiwi,"Dec 17, 2018",13.99
61271f5c,2026-05-13,02:02:11,1144200,READY OR NOT,,7239,Action,VOID Interactive,"Dec 13, 2023",24.99
df1476c7,2026-05-13,02:02:11,2584990,SHADOWVERSE: WORLDS BEYOND,,4697,Casual,"Cygames, Inc.","Jun 14, 2025",0.0
ac990fb2,2026-05-13,02:02:11,3357650,PRAGMATA,,5289,Action,"CAPCOM Co., Ltd.","Apr 17, 2026",59.99
9effbcd7,2026-05-13,02:02:11,2252570,FOOTBALL MANAGER 2024,,9241,Simulation,Sports Interactive,"Nov 6, 2023",0.0
a883f9d2,2026-05-14,02:04:58,730,COUNTER-STRIKE 2,1,636698,Action,Valve,"21 Aug, 2012",0.0
fb1bf58d,2026-05-14,02:04:58,570,DOTA 2,2,286446,Action,Valve,"Jul 9, 2013",0.0
40b26335,2026-05-14,02:04:58,578080,PUBG: BATTLEGROUNDS,3,143199,Action,PUBG Corporation,"21 Dec, 2017",0.0
05edc230,2026-05-14,02:04:58,2676230,FIVEM,4,125316,Other,,,0.0
b5094468,2026-05-14,02:04:58,3419430,BONGO CAT,5,116878,Casual,Marcel Zurawka,"Mar 5, 2025",0.0
1af7da1c,2026-05-14,02:04:58,2868840,SLAY THE SPIRE 2,6,99441,Indie,Mega Crit,"Mar 5, 2026",24.99
647b605a,2026-05-14,02:04:58,2767030,MARVEL RIVALS,7,91738,Action,NetEase Games,"5 Dec, 2024",0.0
54863dfa,2026-05-14,02:04:58,1172470,APEX LEGENDS™,8,83148,Action,Respawn,"4 Nov, 2020",0.0
ca92c570,2026-05-14,02:04:58,359550,TOM CLANCY'S RAINBOW SIX SIEGE,9,76505,Action,Ubisoft Montreal,"Dec 1, 2015",0.0
3417a8b5,2026-05-14,02:04:58,1808500,ARC RAIDERS,10,73295,Action,Embark Studios,"30 Oct, 2025",39.99
4b194b4d,2026-05-14,02:04:58,252490,RUST,11,73573,Action,Facepunch Studios,"Feb 8, 2018",39.99
8083daa9,2026-05-14,02:04:58,1422450,DEADLOCK,12,0,Action,Valve,To be announced,0.0
462bf418,2026-05-14,02:04:58,2357570,OVERWATCH®,13,63892,Action,"Blizzard Entertainment, Inc.","Aug 10, 2023",0.0
389c2da2,2026-05-14,02:04:58,3241660,R.E.P.O.,14,53786,Action,semiwork,"Feb 26, 2025",9.99
6a4d0729,2026-05-14,02:04:58,2807960,BATTLEFIELD™ 6,15,53272,Action,Battlefield Studios,"10 Oct, 2025",41.99
57b38e1e,2026-05-14,02:04:58,2507950,DELTA FORCE,16,53126,Action,Team Jade,"4 Dec, 2024",0.0
5048ba37,2026-05-14,02:04:58,322170,GEOMETRY DASH,17,49593,Action,RobTop Games,"Dec 22, 2014",4.99
26f13546,2026-05-14,02:04:58,431960,WALLPAPER ENGINE,18,49740,Casual,Wallpaper Engine Team,"Nov 16, 2018",4.99
3d131c17,2026-05-14,02:04:58,230410,WARFRAME,19,49413,Action,Digital Extremes,"25 Mar, 2013",0.0
549058e8,2026-05-14,02:04:58,1086940,BALDUR'S GATE 3,20,44741,Adventure,Larian Studios,"Aug 3, 2023",59.99
b6a8623e,2026-05-14,02:04:58,552990,WORLD OF WARSHIPS,21,44800,Action,Wargaming Group Limited,"Nov 15, 2017",0.0
b8a4a937,2026-05-14,02:04:58,381210,DEAD BY DAYLIGHT,22,44469,Action,Behaviour Interactive Inc.,"Jun 14, 2016",7.99
0c517f9b,2026-05-14,02:04:58,3041230,WINDROSE,23,42628,Action,Kraken Express,"Apr 14, 2026",29.99
52641444,2026-05-14,02:04:58,438100,VRCHAT,24,42264,Adventure,VRChat Inc.,"1 Feb, 2017",0.0
0d92cc6d,2026-05-14,02:04:58,413150,STARDEW VALLEY,25,41712,Indie,ConcernedApe,"Feb 26, 2016",14.99
4b0b4ca7,2026-05-14,02:04:58,3321460,CRIMSON DESERT,26,38402,Action,Pearl Abyss,"Mar 19, 2026",69.99
22e32c78,2026-05-14,02:04:58,236390,WAR THUNDER,27,35114,Action,Gaijin Entertainment,"Aug 15, 2013",0.0
3a2df955,2026-05-14,02:04:58,3405690,EA SPORTS FC™ 26,28,34602,Simulation,EA Canada,"25 Sep, 2025",20.99
770ad588,2026-05-14,02:04:58,1938090,CALL OF DUTY®,29,34421,Action,Treyarch,"Oct 27, 2022",0.0
5ed385e3,2026-05-14,02:04:58,240,COUNTER-STRIKE: SOURCE,30,32656,Action,Valve,"1 Nov, 2004",5.79
b00ee1d6,2026-05-14,02:04:58,440,TEAM FORTRESS 2,31,32711,Action,Valve,"Oct 10, 2007",0.0
f1343cfc,2026-05-14,02:04:58,1366800,CROSSHAIR X,32,32570,Action,CenterPoint Gaming,"Aug 17, 2020",9.99
77e230f6,2026-05-14,02:04:58,271590,GRAND THEFT AUTO V LEGACY,33,32289,Action,Rockstar North,"Apr 13, 2015",0.0
2a5370b4,2026-05-14,02:04:58,553850,HELLDIVERS™ 2,34,32169,Action,Arrowhead Game Studios,"8 Feb, 2024",39.99
2f9caff7,2026-05-14,02:04:58,39210,FINAL FANTASY XIV ONLINE,35,29857,Massively Multiplayer,Square Enix,"Feb 18, 2014",19.99
4ca846d4,2026-05-14,02:04:58,3240220,GRAND THEFT AUTO V ENHANCED,36,29781,Action,Rockstar North,"Mar 4, 2025",19.79
608fed9b,2026-05-14,02:04:58,221100,DAYZ,37,29801,Action,Bohemia Interactive,"Dec 13, 2018",49.99
c8d743f5,2026-05-14,02:04:58,550,LEFT 4 DEAD 2,38,27637,Action,Valve,"Nov 16, 2009",9.99
c7faa3b6,2026-05-14,02:04:58,2344520,DIABLO® IV,39,27219,Action,"Blizzard Entertainment, Inc.","Oct 17, 2023",49.99
09212d22,2026-05-14,02:04:58,1245620,ELDEN RING,40,27078,Action,"FromSoftware, Inc.","Feb 24, 2022",59.99
5f691a08,2026-05-14,02:04:58,440900,CONAN EXILES ENHANCED,41,25654,Action,Funcom,"May 8, 2018",29.99
4cc43c00,2026-05-14,02:04:58,289070,SID MEIER’S CIVILIZATION® VI,42,23344,Strategy,Firaxis Games,"Oct 21, 2016",59.99
cf01ba26,2026-05-14,02:04:58,108600,PROJECT ZOMBOID,43,23413,Indie,The Indie Stone,"Nov 8, 2013",19.99
255c96aa,2026-05-14,02:04:58,218620,PAYDAY 2,44,22825,Action,OVERKILL - a Starbreeze Studio.,"Aug 13, 2013",9.99
16bf961b,2026-05-14,02:04:58,394360,HEARTS OF IRON IV,45,22447,Simulation,Paradox Development Studio,"Jun 6, 2016",49.99
be53b3fb,2026-05-14,02:04:58,489830,THE ELDER SCROLLS V: SKYRIM SPECIAL EDITION,46,21966,RPG,Bethesda Game Studios,"Oct 27, 2016",39.99
82b82bca,2026-05-14,02:04:58,3892270,GAMBLE WITH YOUR FRIENDS,47,21843,Adventure,SkyBrave,"1 May, 2026",4.95
b0980ee6,2026-05-14,02:04:58,294100,RIMWORLD,48,21591,Indie,Ludeon Studios,"Oct 17, 2018",34.99
81fcd69b,2026-05-14,02:04:58,252950,ROCKET LEAGUE®,49,21351,Action,Psyonix LLC,"Jul 7, 2015",0.0
da15413b,2026-05-14,02:04:58,3124540,FAR FAR WEST,50,21308,Action,Evil Raptor,"Apr 28, 2026",17.99
d0608528,2026-05-14,02:04:58,739630,PHASMOPHOBIA,51,21236,Action,Kinetic Games,"Sep 18, 2020",19.99
304928d7,2026-05-14,02:04:58,3472040,NBA 2K26,52,20820,Sports,Visual Concepts,"Sep 4, 2025",19.99
02226054,2026-05-14,02:04:58,1222670,THE SIMS™ 4,53,20979,Adventure,Maxis,"Jun 18, 2020",0.0
cae9d381,2026-05-14,02:04:58,1091500,CYBERPUNK 2077,54,21041,RPG,CD PROJEKT RED,"Dec 9, 2020",20.99
f5c906bc,2026-05-14,02:04:58,4465480,COUNTER-STRIKE:GLOBAL OFFENSIVE,55,20177,Action,Valve,"Aug 21, 2012",0.0
ef3480f6,2026-05-14,02:04:58,1174180,RED DEAD REDEMPTION 2,56,19694,Action,Rockstar Games,"Dec 5, 2019",59.99
b3ac6012,2026-05-14,02:04:58,105600,TERRARIA,57,19605,Action,Re-Logic,"May 16, 2011",9.99
63bb2e3d,2026-05-14,02:04:58,2399830,ARK: SURVIVAL ASCENDED,58,18598,Action,Studio Wildcard,"Oct 25, 2023",44.99
83c34984,2026-05-14,02:04:58,582660,BLACK DESERT,59,16045,Action,Pearl Abyss,"May 24, 2017",0.99
391bb14d,2026-05-14,02:04:58,1281930,TMODLOADER,60,15843,Action,TML Team,"May 16, 2020",0.0
5442d5c3,2026-05-14,02:04:58,284160,BEAMNG.DRIVE,61,15439,Racing,BeamNG,"May 29, 2015",24.99
a324f195,2026-05-14,02:04:58,264710,SUBNAUTICA,62,15745,Adventure,Unknown Worlds Entertainment,"Jan 23, 2018",7.49
b9cf4843,2026-05-14,02:04:58,4000,GARRY'S MOD,63,15697,Casual,Facepunch Studios,"Nov 29, 2006",4.99
3f1ee3d4,2026-05-14,02:04:58,250900,THE BINDING OF ISAAC: REBIRTH,64,15488,Action,"Nicalis, Inc.","Nov 4, 2014",14.99
2796067d,2026-05-14,02:04:58,251570,7 DAYS TO DIE,65,15538,Action,The Fun Pimps,"Jul 25, 2024",44.99
b6b994da,2026-05-14,02:04:58,3551340,FOOTBALL MANAGER 26,66,15124,Simulation,Sports Interactive,"Nov 4, 2025",59.99
5e908fbf,2026-05-14,02:04:58,3164500,SCHEDULE I,67,15285,Action,TVGS,"Mar 24, 2025",19.99
580e6164,2026-05-14,02:04:58,1142710,TOTAL WAR: WARHAMMER III,68,15340,Action,CREATIVE ASSEMBLY,"Feb 17, 2022",59.99
e71a8502,2026-05-14,02:04:58,2707930,PALIA,69,15248,Adventure,Singularity 6 Corporation,"Mar 25, 2024",0.0
4da2a984,2026-05-14,02:04:58,813780,AGE OF EMPIRES II: DEFINITIVE EDITION,70,14961,Strategy,World's Edge,"Nov 14, 2019",12.24
91443c38,2026-05-14,02:04:58,892970,VALHEIM,71,14657,Action,Iron Gate AB,"Feb 2, 2021",9.99
433e3de8,2026-05-14,02:04:58,4128580,BIDKING,72,5922,Casual,MindSurge Network & Games,"Apr 15, 2026",2.99
57bdbaae,2026-05-14,02:04:58,2300320,FARMING SIMULATOR 25,73,14310,Simulation,GIANTS Software,"Nov 12, 2024",29.99
03ac7bcd,2026-05-14,02:04:58,1158310,CRUSADER KINGS III,74,14148,RPG,Paradox Development Studio,"Sep 1, 2020",14.99
2843bc8c,2026-05-14,02:04:58,2073850,THE FINALS,75,14207,Action,Embark Studios,"Dec 7, 2023",0.0
5356e558,2026-05-14,02:04:58,2073620,ARENA BREAKOUT: INFINITE,76,13731,Action,Morefun Studios,"Sep 15, 2025",0.0
c3461696,2026-05-14,02:04:58,526870,SATISFACTORY,77,13608,Adventure,Coffee Stain Studios,"Sep 10, 2024",27.99
ab44f0f7,2026-05-14,02:04:58,281990,STELLARIS,78,13566,Simulation,Paradox Development Studio,"May 9, 2016",39.99
919f123d,2026-05-14,02:04:58,427520,FACTORIO,79,13277,Casual,Wube Software LTD.,"Aug 14, 2020",35.0
c827c4bc,2026-05-14,02:04:58,220200,KERBAL SPACE PROGRAM,80,13240,Indie,Squad,"Apr 27, 2015",39.99
80e7a6d8,2026-05-14,02:04:58,261550,MOUNT & BLADE II: BANNERLORD,81,13156,Action,TaleWorlds Entertainment,"Oct 25, 2022",24.99
690aa24e,2026-05-14,02:04:58,376210,THE ISLE,82,12642,Action,Afterthought LLC,"Dec 1, 2015",19.99
74a29c26,2026-05-14,02:04:58,2622380,ELDEN RING NIGHTREIGN,83,12714,Action,"FromSoftware, Inc.","29 May, 2025",39.99
aab34bf2,2026-05-14,02:04:58,1623730,PALWORLD,84,12289,Action,Pocketpair,"Jan 19, 2024",29.99
7a758c65,2026-05-14,02:04:58,346110,ARK: SURVIVAL EVOLVED,85,12189,Action,Studio Wildcard,"Aug 27, 2017",14.99
7bcea354,2026-05-14,02:04:58,322330,DON'T STARVE TOGETHER,86,12052,Action,Klei Entertainment,"Apr 21, 2016",14.99
dfd4235e,2026-05-14,02:04:58,3065800,MARATHON,87,11931,Action,Bungie,"Mar 5, 2026",31.99
ea3dbd53,2026-05-14,02:04:58,8930,SID MEIER'S CIVILIZATION® V,88,11794,Strategy,Firaxis Games,"Sep 21, 2010",29.99
39e53e59,2026-05-14,02:04:58,3513350,WUTHERING WAVES,89,11611,Action,KURO GAMES,"Apr 28, 2025",0.0
4fa9a46d,2026-05-14,02:04:58,1905180,OBS STUDIO,90,11804,Utilities,OBS Project,"Mar 21, 2022",0.0
7f7a7cc6,2026-05-14,02:04:58,3564740,WHERE WINDS MEET,91,11710,Action,Everstone Studio,"14 Nov, 2025",0.0
e12ce424,2026-05-14,02:04:58,227300,EURO TRUCK SIMULATOR 2,92,11576,Indie,SCS Software,"Oct 12, 2012",19.99
b537ed01,2026-05-14,02:04:58,1623660,MIR4,93,11539,Action,Wemade Next,"Aug 25, 2021",0.0
a7d9ea69,2026-05-14,02:04:58,1874880,ARMA REFORGER,94,11325,Action,Bohemia Interactive,"Nov 16, 2023",39.99
b3804984,2026-05-14,02:04:58,4025700,HEARTOPIA,95,11490,Casual,XD,"16 Jan, 2026",0.0
f348f41d,2026-05-14,02:04:58,2694490,PATH OF EXILE 2,96,11015,Action,Grinding Gear Games,"Dec 6, 2024",29.99
4684be97,2026-05-14,02:04:58,291550,BRAWLHALLA,97,11008,Action,Blue Mammoth Games,"Oct 17, 2017",0.0
afe9fb5d,2026-05-14,02:04:58,3105440,HEROES OF MIGHT AND MAGIC: OLDEN ERA,98,10991,RPG,Unfrozen,"Apr 30, 2026",29.99
2fbc150b,2026-05-14,02:04:58,3527290,PEAK,99,10963,Action,Team PEAK,"16 Jun, 2025",7.49
e2e0ac0a,2026-05-14,02:04:58,377160,FALLOUT 4,100,10923,RPG,Bethesda Game Studios,"Nov 9, 2015",19.99
5451c23b,2026-05-14,02:04:58,3224770,UMAMUSUME: PRETTY DERBY,,7147,Simulation,"Cygames, Inc.","24 Jun, 2025",0.0
542b1a19,2026-05-14,02:04:58,306130,THE ELDER SCROLLS® ONLINE,,8706,Action,ZeniMax Online Studios,"May 22, 2017",19.99
35224fc2,2026-05-14,02:04:58,1085660,DESTINY 2,,10333,Action,Bungie,"Oct 1, 2019",0.0
1552a652,2026-05-14,02:04:58,2584990,SHADOWVERSE: WORLDS BEYOND,,4631,Casual,"Cygames, Inc.","Jun 14, 2025",0.0
7f6f60bc,2026-05-14,02:04:58,3679080,THE SEVEN DEADLY SINS: ORIGIN,,6290,Action,Netmarble F&C,"Mar 16, 2026",0.0
7d040a98,2026-05-14,02:04:58,3265700,VAMPIRE CRAWLERS: THE TURBO WILDCARD FROM VAMPIRE SURVIVORS,,5464,Action,poncle,"Apr 21, 2026",9.99
3d6b660f,2026-05-14,02:04:58,2479810,GRAY ZONE WARFARE,,6175,Action,"MADFINGER Games, a.s.","Apr 30, 2024",39.99
13d5897a,2026-05-14,02:04:58,304930,UNTURNED,,10296,Action,Smartly Dressed Games,"Jul 7, 2017",0.0
8e3d0754,2026-05-14,02:04:58,275850,NO MAN'S SKY,,7326,Action,Hello Games,"Aug 12, 2016",59.99
3575e53f,2026-05-14,02:04:58,1973530,LIMBUS COMPANY,,4108,Other,ProjectMoon,"26 Feb, 2023",0.0
e6bf9977,2026-05-14,02:04:58,960090,BLOONS TD 6,,8596,Strategy,Ninja Kiwi,"Dec 17, 2018",13.99
d68ff4f2,2026-05-14,02:04:58,3764200,RESIDENT EVIL REQUIEM,,8333,Action,"CAPCOM Co., Ltd.","Feb 26, 2026",69.99
3eb95d53,2026-05-14,02:04:58,1449850,YU-GI-OH! MASTER DUEL,,10016,Simulation,KONAMI,"18 Jan, 2022",0.0
c02627aa,2026-05-14,02:04:58,1203620,ENSHROUDED,,10477,Action,Keen Games GmbH,"Jan 24, 2024",23.99
d577cf96,2026-05-14,02:04:58,1665460,EFOOTBALL™,,5233,Simulation,KONAMI,"Sep 29, 2021",0.0
154bfab5,2026-05-14,02:04:58,2923300,BANANA,,6172,Adventure,Sky,"Apr 23, 2024",0.0
3c6ef1e0,2026-05-14,02:04:58,1203220,NARAKA: BLADEPOINT,,9565,Action,24 Entertainment,"11 Aug, 2021",0.0
6c857114,2026-05-14,02:04:58,3357650,PRAGMATA,,5036,Action,"CAPCOM Co., Ltd.","Apr 17, 2026",59.99
66cbc0ce,2026-05-14,02:04:58,1974050,TORCHLIGHT: INFINITE,,3020,Action,XD,"May 9, 2023",0.0
ace8c919,2026-05-14,02:04:58,1476970,IDLEON,,9954,Casual,Lavaflame2,"Nov 6, 2025",0.0
7a0a552b,2026-05-14,02:04:58,238960,PATH OF EXILE,,6248,Action,Grinding Gear Games,"23 Oct, 2013",0.0
04df01fe,2026-05-14,02:04:58,2252570,FOOTBALL MANAGER 2024,,9296,Simulation,Sports Interactive,"Nov 6, 2023",0.0
cd6127a1,2026-05-14,02:04:58,2646460,SOULMASK,,5631,Adventure,CampFire Studio,"Apr 9, 2026",29.99
3874a165,2026-05-14,02:04:58,1364780,STREET FIGHTER™ 6,,10017,Action,"CAPCOM Co., Ltd.","Jun 1, 2023",19.99
ce0c25d0,2026-05-14,02:04:58,1144200,READY OR NOT,,7001,Action,VOID Interactive,"Dec 13, 2023",24.99
abc41f67,2026-05-14,02:04:58,594650,HUNT: SHOWDOWN 1896,,8757,Action,Crytek,"Aug 27, 2019",13.49
6b055ef4,2026-05-14,02:04:58,1716740,STARFIELD,,7226,RPG,Bethesda Game Studios,"Sep 5, 2023",49.99
3662eccb,2026-05-14,02:04:58,629520,SOUNDPAD,,9738,Audio Production,Leppsoft,"Sep 30, 2017",4.99
0071cddc,2026-05-15,02:03:07,730,COUNTER-STRIKE 2,1,607831,Action,Valve,"21 Aug, 2012",0.0
551347cc,2026-05-15,02:03:07,1962700,SUBNAUTICA 2,2,297378,Action,Unknown Worlds Entertainment,"May 14, 2026",29.99
c8b793bb,2026-05-15,02:03:07,570,DOTA 2,3,286865,Action,Valve,"Jul 9, 2013",0.0
69613d75,2026-05-15,02:03:07,578080,PUBG: BATTLEGROUNDS,4,130331,Action,PUBG Corporation,"21 Dec, 2017",0.0
707197d4,2026-05-15,02:03:07,2676230,FIVEM,5,124477,Other,,,0.0
6f03cfd2,2026-05-15,02:03:07,3419430,BONGO CAT,6,111337,Casual,Marcel Zurawka,"Mar 5, 2025",0.0
e7b767da,2026-05-15,02:03:07,2868840,SLAY THE SPIRE 2,7,97936,Indie,Mega Crit,"Mar 5, 2026",24.99
81c0ed3d,2026-05-15,02:03:07,2767030,MARVEL RIVALS,8,91528,Action,NetEase Games,"5 Dec, 2024",0.0
51d5749e,2026-05-15,02:03:07,1172470,APEX LEGENDS™,9,81860,Action,Respawn,"4 Nov, 2020",0.0
336cfe50,2026-05-15,02:03:07,252490,RUST,10,80694,Action,Facepunch Studios,"Feb 8, 2018",39.99
cda223dd,2026-05-15,02:03:07,359550,TOM CLANCY'S RAINBOW SIX SIEGE,11,71998,Action,Ubisoft Montreal,"Dec 1, 2015",0.0
d4913845,2026-05-15,02:03:07,1808500,ARC RAIDERS,12,69485,Action,Embark Studios,"30 Oct, 2025",39.99
77b0c30f,2026-05-15,02:03:07,1422450,DEADLOCK,13,0,Action,Valve,To be announced,0.0
5eda61a9,2026-05-15,02:03:07,2357570,OVERWATCH®,14,59335,Action,"Blizzard Entertainment, Inc.","Aug 10, 2023",0.0
caa870db,2026-05-15,02:03:07,322170,GEOMETRY DASH,15,50070,Action,RobTop Games,"Dec 22, 2014",4.99
da7512b7,2026-05-15,02:03:07,431960,WALLPAPER ENGINE,16,49739,Casual,Wallpaper Engine Team,"Nov 16, 2018",4.99
d968e2fe,2026-05-15,02:03:07,3241660,R.E.P.O.,17,49378,Action,semiwork,"Feb 26, 2025",9.99
6fdbbadb,2026-05-15,02:03:07,230410,WARFRAME,18,49245,Action,Digital Extremes,"25 Mar, 2013",0.0
6b8890eb,2026-05-15,02:03:07,2807960,BATTLEFIELD™ 6,19,48530,Action,Battlefield Studios,"10 Oct, 2025",41.99
76ca313f,2026-05-15,02:03:07,2507950,DELTA FORCE,20,44982,Action,Team Jade,"4 Dec, 2024",0.0
392439fc,2026-05-15,02:03:07,440,TEAM FORTRESS 2,21,45574,Action,Valve,"Oct 10, 2007",0.0
ebab67ad,2026-05-15,02:03:07,552990,WORLD OF WARSHIPS,22,44193,Action,Wargaming Group Limited,"Nov 15, 2017",0.0
4d0bf06d,2026-05-15,02:03:07,381210,DEAD BY DAYLIGHT,23,44064,Action,Behaviour Interactive Inc.,"Jun 14, 2016",7.99
334345e5,2026-05-15,02:03:07,413150,STARDEW VALLEY,24,42974,Indie,ConcernedApe,"Feb 26, 2016",14.99
42bb3481,2026-05-15,02:03:07,1086940,BALDUR'S GATE 3,25,42755,Adventure,Larian Studios,"Aug 3, 2023",59.99
18f95dd2,2026-05-15,02:03:07,438100,VRCHAT,26,41519,Adventure,VRChat Inc.,"1 Feb, 2017",0.0
2bbcb76b,2026-05-15,02:03:07,1973530,LIMBUS COMPANY,27,39253,Other,ProjectMoon,"26 Feb, 2023",0.0
1bfcc37d,2026-05-15,02:03:07,3041230,WINDROSE,28,38218,Action,Kraken Express,"Apr 14, 2026",29.99
deb96f88,2026-05-15,02:03:07,3321460,CRIMSON DESERT,29,35803,Action,Pearl Abyss,"Mar 19, 2026",69.99
6f718e13,2026-05-15,02:03:07,3405690,EA SPORTS FC™ 26,30,35707,Simulation,EA Canada,"25 Sep, 2025",20.99
98f0dd8b,2026-05-15,02:03:07,1938090,CALL OF DUTY®,31,35255,Action,Treyarch,"Oct 27, 2022",0.0
9ce5f1ad,2026-05-15,02:03:07,236390,WAR THUNDER,32,34022,Action,Gaijin Entertainment,"Aug 15, 2013",0.0
1bc23651,2026-05-15,02:03:07,1366800,CROSSHAIR X,33,32126,Action,CenterPoint Gaming,"Aug 17, 2020",9.99
57d4cf9e,2026-05-15,02:03:07,271590,GRAND THEFT AUTO V LEGACY,34,32034,Action,Rockstar North,"Apr 13, 2015",0.0
f2b0578c,2026-05-15,02:03:07,240,COUNTER-STRIKE: SOURCE,35,27465,Action,Valve,"1 Nov, 2004",5.79
e72c7bbb,2026-05-15,02:03:07,3240220,GRAND THEFT AUTO V ENHANCED,36,30448,Action,Rockstar North,"Mar 4, 2025",19.79
3c4b10ae,2026-05-15,02:03:07,2344520,DIABLO® IV,37,29287,Action,"Blizzard Entertainment, Inc.","Oct 17, 2023",49.99
8ab83910,2026-05-15,02:03:07,553850,HELLDIVERS™ 2,38,29228,Action,Arrowhead Game Studios,"8 Feb, 2024",39.99
e139761f,2026-05-15,02:03:07,550,LEFT 4 DEAD 2,39,28319,Action,Valve,"Nov 16, 2009",9.99
061394ab,2026-05-15,02:03:07,39210,FINAL FANTASY XIV ONLINE,40,28591,Massively Multiplayer,Square Enix,"Feb 18, 2014",19.99
05fb2283,2026-05-15,02:03:07,221100,DAYZ,41,28509,Action,Bohemia Interactive,"Dec 13, 2018",49.99
3fd2d135,2026-05-15,02:03:07,1245620,ELDEN RING,42,26283,Action,"FromSoftware, Inc.","Feb 24, 2022",59.99
e141feb2,2026-05-15,02:03:07,440900,CONAN EXILES ENHANCED,43,24110,Action,Funcom,"May 8, 2018",29.99
e22ecc08,2026-05-15,02:03:07,4465480,COUNTER-STRIKE:GLOBAL OFFENSIVE,44,23613,Action,Valve,"Aug 21, 2012",0.0
322eba8b,2026-05-15,02:03:07,289070,SID MEIER’S CIVILIZATION® VI,45,23121,Strategy,Firaxis Games,"Oct 21, 2016",59.99
d8eb64c7,2026-05-15,02:03:07,218620,PAYDAY 2,46,22615,Action,OVERKILL - a Starbreeze Studio.,"Aug 13, 2013",9.99
c0d78f50,2026-05-15,02:03:07,108600,PROJECT ZOMBOID,47,22602,Indie,The Indie Stone,"Nov 8, 2013",19.99
ec01bed8,2026-05-15,02:03:07,394360,HEARTS OF IRON IV,48,22189,Simulation,Paradox Development Studio,"Jun 6, 2016",49.99
68a19404,2026-05-15,02:03:07,3472040,NBA 2K26,49,21405,Sports,Visual Concepts,"Sep 4, 2025",19.99
3b948d96,2026-05-15,02:03:07,489830,THE ELDER SCROLLS V: SKYRIM SPECIAL EDITION,50,21385,RPG,Bethesda Game Studios,"Oct 27, 2016",39.99
0b3a30bc,2026-05-15,02:03:07,1222670,THE SIMS™ 4,51,21090,Adventure,Maxis,"Jun 18, 2020",0.0
f4daa388,2026-05-15,02:03:07,294100,RIMWORLD,52,20755,Indie,Ludeon Studios,"Oct 17, 2018",34.99
87bb4fc9,2026-05-15,02:03:07,252950,ROCKET LEAGUE®,53,20309,Action,Psyonix LLC,"Jul 7, 2015",0.0
40db85a7,2026-05-15,02:03:07,1091500,CYBERPUNK 2077,54,20325,RPG,CD PROJEKT RED,"Dec 9, 2020",20.99
dbaca1aa,2026-05-15,02:03:07,1174180,RED DEAD REDEMPTION 2,55,19540,Action,Rockstar Games,"Dec 5, 2019",59.99
bc666847,2026-05-15,02:03:07,3124540,FAR FAR WEST,56,19435,Action,Evil Raptor,"Apr 28, 2026",17.99
e9e02188,2026-05-15,02:03:07,105600,TERRARIA,57,18643,Action,Re-Logic,"May 16, 2011",9.99
18242cdc,2026-05-15,02:03:07,3892270,GAMBLE WITH YOUR FRIENDS,58,18103,Adventure,SkyBrave,"1 May, 2026",4.95
ef275c18,2026-05-15,02:03:07,582660,BLACK DESERT,59,18279,Action,Pearl Abyss,"May 24, 2017",0.99
aa6f1458,2026-05-15,02:03:07,2399830,ARK: SURVIVAL ASCENDED,60,17649,Action,Studio Wildcard,"Oct 25, 2023",44.99
0463ced7,2026-05-15,02:03:07,739630,PHASMOPHOBIA,61,17302,Action,Kinetic Games,"Sep 18, 2020",19.99
da603b0f,2026-05-15,02:03:07,4128580,BIDKING,62,16178,Casual,MindSurge Network & Games,"Apr 15, 2026",2.99
1b341d71,2026-05-15,02:03:07,284160,BEAMNG.DRIVE,63,15433,Racing,BeamNG,"May 29, 2015",24.99
1c64e5b3,2026-05-15,02:03:07,813780,AGE OF EMPIRES II: DEFINITIVE EDITION,64,15473,Strategy,World's Edge,"Nov 14, 2019",12.24
95a83e90,2026-05-15,02:03:07,3551340,FOOTBALL MANAGER 26,65,15337,Simulation,Sports Interactive,"Nov 4, 2025",59.99
53df485c,2026-05-15,02:03:07,4000,GARRY'S MOD,66,15255,Casual,Facepunch Studios,"Nov 29, 2006",4.99
9385eea1,2026-05-15,02:03:07,1281930,TMODLOADER,67,15057,Action,TML Team,"May 16, 2020",0.0
0323756b,2026-05-15,02:03:07,250900,THE BINDING OF ISAAC: REBIRTH,68,15197,Action,"Nicalis, Inc.","Nov 4, 2014",14.99
3d8f8d60,2026-05-15,02:03:07,1142710,TOTAL WAR: WARHAMMER III,69,15101,Action,CREATIVE ASSEMBLY,"Feb 17, 2022",59.99
e79715c3,2026-05-15,02:03:07,251570,7 DAYS TO DIE,70,14793,Action,The Fun Pimps,"Jul 25, 2024",44.99
6148b44b,2026-05-15,02:03:07,1158310,CRUSADER KINGS III,71,14387,RPG,Paradox Development Studio,"Sep 1, 2020",14.99
9b5551f0,2026-05-15,02:03:07,1665460,EFOOTBALL™,72,14362,Simulation,KONAMI,"Sep 29, 2021",0.0
32c4e478,2026-05-15,02:03:07,3164500,SCHEDULE I,73,14206,Action,TVGS,"Mar 24, 2025",19.99
8f9f458f,2026-05-15,02:03:07,2300320,FARMING SIMULATOR 25,74,14123,Simulation,GIANTS Software,"Nov 12, 2024",29.99
3b0155ee,2026-05-15,02:03:07,2073850,THE FINALS,75,14052,Action,Embark Studios,"Dec 7, 2023",0.0
301bfe54,2026-05-15,02:03:07,264710,SUBNAUTICA,76,13858,Adventure,Unknown Worlds Entertainment,"Jan 23, 2018",7.49
27da75d5,2026-05-15,02:03:07,1449850,YU-GI-OH! MASTER DUEL,77,13768,Simulation,KONAMI,"18 Jan, 2022",0.0
cf72bcf8,2026-05-15,02:03:07,892970,VALHEIM,78,13758,Action,Iron Gate AB,"Feb 2, 2021",9.99
916b9c97,2026-05-15,02:03:07,322330,DON'T STARVE TOGETHER,79,13670,Action,Klei Entertainment,"Apr 21, 2016",14.99
4fd4dbab,2026-05-15,02:03:07,2707930,PALIA,80,13485,Adventure,Singularity 6 Corporation,"Mar 25, 2024",0.0
96a7f47c,2026-05-15,02:03:07,2073620,ARENA BREAKOUT: INFINITE,81,13720,Action,Morefun Studios,"Sep 15, 2025",0.0
191029ae,2026-05-15,02:03:07,261550,MOUNT & BLADE II: BANNERLORD,82,12969,Action,TaleWorlds Entertainment,"Oct 25, 2022",24.99
ab906d0d,2026-05-15,02:03:07,427520,FACTORIO,83,12879,Casual,Wube Software LTD.,"Aug 14, 2020",35.0
dc1d7dff,2026-05-15,02:03:07,3065800,MARATHON,84,12790,Action,Bungie,"Mar 5, 2026",31.99
7924728f,2026-05-15,02:03:07,281990,STELLARIS,85,12757,Simulation,Paradox Development Studio,"May 9, 2016",39.99
b462e52d,2026-05-15,02:03:07,526870,SATISFACTORY,86,12508,Adventure,Coffee Stain Studios,"Sep 10, 2024",27.99
cf8507d3,2026-05-15,02:03:07,2622380,ELDEN RING NIGHTREIGN,87,11983,Action,"FromSoftware, Inc.","29 May, 2025",39.99
8de0b63a,2026-05-15,02:03:07,376210,THE ISLE,88,12125,Action,Afterthought LLC,"Dec 1, 2015",19.99
eee196af,2026-05-15,02:03:07,1905180,OBS STUDIO,89,11857,Utilities,OBS Project,"Mar 21, 2022",0.0
924fe9bc,2026-05-15,02:03:07,220200,KERBAL SPACE PROGRAM,90,12142,Indie,Squad,"Apr 27, 2015",39.99
5bf3bc24,2026-05-15,02:03:07,227300,EURO TRUCK SIMULATOR 2,91,11927,Indie,SCS Software,"Oct 12, 2012",19.99
81ef0f14,2026-05-15,02:03:07,8930,SID MEIER'S CIVILIZATION® V,92,11865,Strategy,Firaxis Games,"Sep 21, 2010",29.99
5f33b1c0,2026-05-15,02:03:07,3564740,WHERE WINDS MEET,93,11564,Action,Everstone Studio,"14 Nov, 2025",0.0
00d4eb37,2026-05-15,02:03:07,1623730,PALWORLD,94,11616,Action,Pocketpair,"Jan 19, 2024",29.99
d8932d15,2026-05-15,02:03:07,1623660,MIR4,95,11683,Action,Wemade Next,"Aug 25, 2021",0.0
fccab062,2026-05-15,02:03:07,270880,AMERICAN TRUCK SIMULATOR,96,11825,Indie,SCS Software,"Feb 2, 2016",4.99
1da6c030,2026-05-15,02:03:07,346110,ARK: SURVIVAL EVOLVED,97,11650,Action,Studio Wildcard,"Aug 27, 2017",14.99
f5fc1051,2026-05-15,02:03:07,4025700,HEARTOPIA,98,11322,Casual,XD,"16 Jan, 2026",0.0
2ffa0576,2026-05-15,02:03:07,291550,BRAWLHALLA,99,11429,Action,Blue Mammoth Games,"Oct 17, 2017",0.0
149587a7,2026-05-15,02:03:07,1874880,ARMA REFORGER,100,11116,Action,Bohemia Interactive,"Nov 16, 2023",39.99
adcc360c,2026-05-15,02:03:07,1203620,ENSHROUDED,,9749,Action,Keen Games GmbH,"Jan 24, 2024",23.99
30c763e5,2026-05-15,02:03:07,1364780,STREET FIGHTER™ 6,,9812,Action,"CAPCOM Co., Ltd.","Jun 1, 2023",19.99
3eb884c9,2026-05-15,02:03:07,2694490,PATH OF EXILE 2,,10996,Action,Grinding Gear Games,"Dec 6, 2024",29.99
c7fd9788,2026-05-15,02:03:07,1974050,TORCHLIGHT: INFINITE,,3175,Action,XD,"May 9, 2023",0.0
fd246c79,2026-05-15,02:03:07,1203220,NARAKA: BLADEPOINT,,8969,Action,24 Entertainment,"11 Aug, 2021",0.0
3254670e,2026-05-15,02:03:07,3527290,PEAK,,10381,Action,Team PEAK,"16 Jun, 2025",7.49
bcfb73b9,2026-05-15,02:03:07,304930,UNTURNED,,9940,Action,Smartly Dressed Games,"Jul 7, 2017",0.0
15ff9783,2026-05-15,02:03:07,377160,FALLOUT 4,,10542,RPG,Bethesda Game Studios,"Nov 9, 2015",19.99
8077cf0a,2026-05-15,02:03:07,3224770,UMAMUSUME: PRETTY DERBY,,8484,Simulation,"Cygames, Inc.","24 Jun, 2025",0.0
81cf8be6,2026-05-15,02:03:07,594650,HUNT: SHOWDOWN 1896,,8141,Action,Crytek,"Aug 27, 2019",13.49
cca98888,2026-05-15,02:03:07,238960,PATH OF EXILE,,6154,Action,Grinding Gear Games,"23 Oct, 2013",0.0
582e6df2,2026-05-15,02:03:07,3764200,RESIDENT EVIL REQUIEM,,7645,Action,"CAPCOM Co., Ltd.","Feb 26, 2026",69.99
5055630a,2026-05-15,02:03:07,306130,THE ELDER SCROLLS® ONLINE,,8806,Action,ZeniMax Online Studios,"May 22, 2017",19.99
b14eeb06,2026-05-15,02:03:07,3357650,PRAGMATA,,4548,Action,"CAPCOM Co., Ltd.","Apr 17, 2026",59.99
bafd41ad,2026-05-15,02:03:07,1085660,DESTINY 2,,9657,Action,Bungie,"Oct 1, 2019",0.0
f89f7366,2026-05-15,02:03:07,3679080,THE SEVEN DEADLY SINS: ORIGIN,,5154,Action,Netmarble F&C,"Mar 16, 2026",0.0
b12001aa,2026-05-15,02:03:07,2923300,BANANA,,5447,Adventure,Sky,"Apr 23, 2024",0.0
4d03e99a,2026-05-15,02:03:07,1144200,READY OR NOT,,6560,Action,VOID Interactive,"Dec 13, 2023",24.99
f6201c91,2026-05-15,02:03:07,3105440,HEROES OF MIGHT AND MAGIC: OLDEN ERA,,10324,RPG,Unfrozen,"Apr 30, 2026",29.99
a3c210d8,2026-05-15,02:03:07,1476970,IDLEON,,9864,Casual,Lavaflame2,"Nov 6, 2025",0.0
95a04d5f,2026-05-15,02:03:07,3265700,VAMPIRE CRAWLERS: THE TURBO WILDCARD FROM VAMPIRE SURVIVORS,,4845,Action,poncle,"Apr 21, 2026",9.99
104d13b1,2026-05-15,02:03:07,2646460,SOULMASK,,5109,Adventure,CampFire Studio,"Apr 9, 2026",29.99
ea2245d4,2026-05-15,02:03:07,275850,NO MAN'S SKY,,6759,Action,Hello Games,"Aug 12, 2016",59.99
f2c1ef46,2026-05-15,02:03:07,2584990,SHADOWVERSE: WORLDS BEYOND,,4370,Casual,"Cygames, Inc.","Jun 14, 2025",0.0
9f6606d9,2026-05-15,02:03:07,1716740,STARFIELD,,6542,RPG,Bethesda Game Studios,"Sep 5, 2023",49.99
fb2b1c2b,2026-05-15,02:03:07,3513350,WUTHERING WAVES,,10599,Action,KURO GAMES,"Apr 28, 2025",0.0
e4743487,2026-05-15,02:03:07,629520,SOUNDPAD,,9467,Audio Production,Leppsoft,"Sep 30, 2017",4.99
664eccc8,2026-05-15,02:03:07,2252570,FOOTBALL MANAGER 2024,,9410,Simulation,Sports Interactive,"Nov 6, 2023",0.0
f57929ca,2026-05-15,02:03:07,2479810,GRAY ZONE WARFARE,,6779,Action,"MADFINGER Games, a.s.","Apr 30, 2024",39.99
c24e8efb,2026-05-15,02:03:07,960090,BLOONS TD 6,,8603,Strategy,Ninja Kiwi,"Dec 17, 2018",13.99
2dbf371f,2026-05-16,01:55:39,730,COUNTER-STRIKE 2,1,659303,Action,Valve,"21 Aug, 2012",0.0
d8872f1d,2026-05-16,01:55:39,570,DOTA 2,2,302775,Action,Valve,"Jul 9, 2013",0.0
fad0e1e0,2026-05-16,01:55:39,1962700,SUBNAUTICA 2,3,265394,Action,Unknown Worlds Entertainment,"May 14, 2026",29.99
c7dcd5cd,2026-05-16,01:55:39,578080,PUBG: BATTLEGROUNDS,4,140360,Action,PUBG Corporation,"21 Dec, 2017",0.0
05b31c24,2026-05-16,01:55:39,2676230,FIVEM,5,137849,Other,,,0.0
f4963ff0,2026-05-16,01:55:39,2767030,MARVEL RIVALS,6,130134,Action,NetEase Games,"5 Dec, 2024",0.0
88614f9c,2026-05-16,01:55:39,3419430,BONGO CAT,7,110185,Casual,Marcel Zurawka,"Mar 5, 2025",0.0
da599dd3,2026-05-16,01:55:39,2868840,SLAY THE SPIRE 2,8,103779,Indie,Mega Crit,"Mar 5, 2026",24.99
be2e1de5,2026-05-16,01:55:39,1172470,APEX LEGENDS™,9,91044,Action,Respawn,"4 Nov, 2020",0.0
86297960,2026-05-16,01:55:39,252490,RUST,10,89226,Action,Facepunch Studios,"Feb 8, 2018",39.99
6e29eb14,2026-05-16,01:55:39,359550,TOM CLANCY'S RAINBOW SIX SIEGE,11,75141,Action,Ubisoft Montreal,"Dec 1, 2015",0.0
795297ca,2026-05-16,01:55:39,1808500,ARC RAIDERS,12,68999,Action,Embark Studios,"30 Oct, 2025",39.99
a34e81db,2026-05-16,01:55:39,2357570,OVERWATCH®,13,62007,Action,"Blizzard Entertainment, Inc.","Aug 10, 2023",0.0
3e906ccd,2026-05-16,01:55:39,1422450,DEADLOCK,14,0,Action,Valve,To be announced,0.0
ffe4aa7b,2026-05-16,01:55:39,322170,GEOMETRY DASH,15,59905,Action,RobTop Games,"Dec 22, 2014",4.99
66f23ad7,2026-05-16,01:55:39,431960,WALLPAPER ENGINE,16,58525,Casual,Wallpaper Engine Team,"Nov 16, 2018",4.99
9307112e,2026-05-16,01:55:39,3241660,R.E.P.O.,17,57005,Action,semiwork,"Feb 26, 2025",9.99
7a0e40d8,2026-05-16,01:55:39,2507950,DELTA FORCE,18,53737,Action,Team Jade,"4 Dec, 2024",0.0
f810f124,2026-05-16,01:55:39,230410,WARFRAME,19,54463,Action,Digital Extremes,"25 Mar, 2013",0.0
85dfdcaa,2026-05-16,01:55:39,2807960,BATTLEFIELD™ 6,20,52521,Action,Battlefield Studios,"10 Oct, 2025",41.99
07f9e509,2026-05-16,01:55:39,438100,VRCHAT,21,51858,Adventure,VRChat Inc.,"1 Feb, 2017",0.0
eaeeed94,2026-05-16,01:55:39,413150,STARDEW VALLEY,22,49990,Indie,ConcernedApe,"Feb 26, 2016",14.99
1a4aa8ac,2026-05-16,01:55:39,440,TEAM FORTRESS 2,23,46961,Action,Valve,"Oct 10, 2007",0.0
9cbb70a4,2026-05-16,01:55:39,381210,DEAD BY DAYLIGHT,24,46003,Action,Behaviour Interactive Inc.,"Jun 14, 2016",7.99
8218c42f,2026-05-16,01:55:39,1086940,BALDUR'S GATE 3,25,44478,Adventure,Larian Studios,"Aug 3, 2023",59.99
08501770,2026-05-16,01:55:39,1973530,LIMBUS COMPANY,26,42816,Other,ProjectMoon,"26 Feb, 2023",0.0
9da329e6,2026-05-16,01:55:39,3405690,EA SPORTS FC™ 26,27,43437,Simulation,EA Canada,"25 Sep, 2025",20.99
e72f2206,2026-05-16,01:55:39,236390,WAR THUNDER,28,41048,Action,Gaijin Entertainment,"Aug 15, 2013",0.0
866dfdbc,2026-05-16,01:55:39,3041230,WINDROSE,29,41290,Action,Kraken Express,"Apr 14, 2026",29.99
1d1b382a,2026-05-16,01:55:39,3321460,CRIMSON DESERT,30,41248,Action,Pearl Abyss,"Mar 19, 2026",69.99
97cd1e9f,2026-05-16,01:55:39,1938090,CALL OF DUTY®,31,37446,Action,Treyarch,"Oct 27, 2022",0.0
4d15d738,2026-05-16,01:55:39,271590,GRAND THEFT AUTO V LEGACY,32,36243,Action,Rockstar North,"Apr 13, 2015",0.0
90ab8c39,2026-05-16,01:55:39,3240220,GRAND THEFT AUTO V ENHANCED,33,34329,Action,Rockstar North,"Mar 4, 2025",19.79
4a43e1fa,2026-05-16,01:55:39,221100,DAYZ,34,33754,Action,Bohemia Interactive,"Dec 13, 2018",49.99
f2cf1232,2026-05-16,01:55:39,1366800,CROSSHAIR X,35,33599,Action,CenterPoint Gaming,"Aug 17, 2020",9.99
f31e09d4,2026-05-16,01:55:39,2344520,DIABLO® IV,36,32870,Action,"Blizzard Entertainment, Inc.","Oct 17, 2023",49.99
112181c4,2026-05-16,01:55:39,553850,HELLDIVERS™ 2,37,31827,Action,Arrowhead Game Studios,"8 Feb, 2024",39.99
33a35c88,2026-05-16,01:55:39,550,LEFT 4 DEAD 2,38,32537,Action,Valve,"Nov 16, 2009",9.99
76d1a345,2026-05-16,01:55:39,240,COUNTER-STRIKE: SOURCE,39,30781,Action,Valve,"1 Nov, 2004",5.79
22e5ea12,2026-05-16,01:55:39,39210,FINAL FANTASY XIV ONLINE,40,30011,Massively Multiplayer,Square Enix,"Feb 18, 2014",19.99
a8c2f659,2026-05-16,01:55:39,1245620,ELDEN RING,41,29066,Action,"FromSoftware, Inc.","Feb 24, 2022",59.99
f1b6e101,2026-05-16,01:55:39,394360,HEARTS OF IRON IV,42,29004,Simulation,Paradox Development Studio,"Jun 6, 2016",49.99
b3bd8847,2026-05-16,01:55:39,289070,SID MEIER’S CIVILIZATION® VI,43,26706,Strategy,Firaxis Games,"Oct 21, 2016",59.99
8d780afc,2026-05-16,01:55:39,440900,CONAN EXILES ENHANCED,44,25682,Action,Funcom,"May 8, 2018",29.99
8274d70e,2026-05-16,01:55:39,108600,PROJECT ZOMBOID,45,25075,Indie,The Indie Stone,"Nov 8, 2013",19.99
10865413,2026-05-16,01:55:39,3472040,NBA 2K26,46,24120,Sports,Visual Concepts,"Sep 4, 2025",19.99
87d78ba8,2026-05-16,01:55:39,294100,RIMWORLD,47,23665,Indie,Ludeon Studios,"Oct 17, 2018",34.99
15d6055e,2026-05-16,01:55:39,1174180,RED DEAD REDEMPTION 2,48,23100,Action,Rockstar Games,"Dec 5, 2019",59.99
467093e3,2026-05-16,01:55:39,1091500,CYBERPUNK 2077,49,22812,RPG,CD PROJEKT RED,"Dec 9, 2020",20.99
0a8f0435,2026-05-16,01:55:39,1222670,THE SIMS™ 4,50,22741,Adventure,Maxis,"Jun 18, 2020",0.0
ef9652aa,2026-05-16,01:55:39,489830,THE ELDER SCROLLS V: SKYRIM SPECIAL EDITION,51,22563,RPG,Bethesda Game Studios,"Oct 27, 2016",39.99
48b90c11,2026-05-16,01:55:39,105600,TERRARIA,52,21724,Action,Re-Logic,"May 16, 2011",9.99
bb148482,2026-05-16,01:55:39,218620,PAYDAY 2,53,21695,Action,OVERKILL - a Starbreeze Studio.,"Aug 13, 2013",9.99
130aea5e,2026-05-16,01:55:39,2399830,ARK: SURVIVAL ASCENDED,54,21175,Action,Studio Wildcard,"Oct 25, 2023",44.99
16c11833,2026-05-16,01:55:39,252950,ROCKET LEAGUE®,55,20471,Action,Psyonix LLC,"Jul 7, 2015",0.0
86efcdb9,2026-05-16,01:55:39,264710,SUBNAUTICA,56,19769,Adventure,Unknown Worlds Entertainment,"Jan 23, 2018",7.49
0be87517,2026-05-16,01:55:39,582660,BLACK DESERT,57,18988,Action,Pearl Abyss,"May 24, 2017",0.99
3089ec19,2026-05-16,01:55:39,4000,GARRY'S MOD,58,18964,Casual,Facepunch Studios,"Nov 29, 2006",4.99
e7a3baa7,2026-05-16,01:55:39,3124540,FAR FAR WEST,59,18533,Action,Evil Raptor,"Apr 28, 2026",17.99
a367b127,2026-05-16,01:55:39,1281930,TMODLOADER,60,18448,Action,TML Team,"May 16, 2020",0.0
1cb57ad7,2026-05-16,01:55:39,4465480,COUNTER-STRIKE:GLOBAL OFFENSIVE,61,18668,Action,Valve,"Aug 21, 2012",0.0
5bcafb88,2026-05-16,01:55:39,3892270,GAMBLE WITH YOUR FRIENDS,62,17922,Adventure,SkyBrave,"1 May, 2026",4.95
77459bf8,2026-05-16,01:55:39,739630,PHASMOPHOBIA,63,17648,Action,Kinetic Games,"Sep 18, 2020",19.99
37600fa9,2026-05-16,01:55:39,813780,AGE OF EMPIRES II: DEFINITIVE EDITION,64,17384,Strategy,World's Edge,"Nov 14, 2019",12.24
7d095dcb,2026-05-16,01:55:39,1142710,TOTAL WAR: WARHAMMER III,65,17594,Action,CREATIVE ASSEMBLY,"Feb 17, 2022",59.99
f8a8c503,2026-05-16,01:55:39,3551340,FOOTBALL MANAGER 26,66,17772,Simulation,Sports Interactive,"Nov 4, 2025",59.99
94312efa,2026-05-16,01:55:39,4128580,BIDKING,67,17567,Casual,MindSurge Network & Games,"Apr 15, 2026",2.99
aa5bc387,2026-05-16,01:55:39,284160,BEAMNG.DRIVE,68,17551,Racing,BeamNG,"May 29, 2015",24.99
096d2ad6,2026-05-16,01:55:39,251570,7 DAYS TO DIE,69,17382,Action,The Fun Pimps,"Jul 25, 2024",44.99
0b8534fb,2026-05-16,01:55:39,322330,DON'T STARVE TOGETHER,70,16872,Action,Klei Entertainment,"Apr 21, 2016",14.99
c895a3b2,2026-05-16,01:55:39,250900,THE BINDING OF ISAAC: REBIRTH,71,16290,Action,"Nicalis, Inc.","Nov 4, 2014",14.99
ececf2b3,2026-05-16,01:55:39,1158310,CRUSADER KINGS III,72,16027,RPG,Paradox Development Studio,"Sep 1, 2020",14.99
7d57b7c7,2026-05-16,01:55:39,227300,EURO TRUCK SIMULATOR 2,73,15946,Indie,SCS Software,"Oct 12, 2012",19.99
befd43d5,2026-05-16,01:55:39,2622380,ELDEN RING NIGHTREIGN,74,15040,Action,"FromSoftware, Inc.","29 May, 2025",39.99
79baf2fc,2026-05-16,01:55:39,1449850,YU-GI-OH! MASTER DUEL,75,15271,Simulation,KONAMI,"18 Jan, 2022",0.0
6018af42,2026-05-16,01:55:39,261550,MOUNT & BLADE II: BANNERLORD,76,15228,Action,TaleWorlds Entertainment,"Oct 25, 2022",24.99
5159783d,2026-05-16,01:55:39,2300320,FARMING SIMULATOR 25,77,15124,Simulation,GIANTS Software,"Nov 12, 2024",29.99
7d2e9205,2026-05-16,01:55:39,2073620,ARENA BREAKOUT: INFINITE,78,15076,Action,Morefun Studios,"Sep 15, 2025",0.0
f351281f,2026-05-16,01:55:39,892970,VALHEIM,79,14944,Action,Iron Gate AB,"Feb 2, 2021",9.99
1695a288,2026-05-16,01:55:39,346110,ARK: SURVIVAL EVOLVED,80,14697,Action,Studio Wildcard,"Aug 27, 2017",14.99
aacb6df8,2026-05-16,01:55:39,281990,STELLARIS,81,14401,Simulation,Paradox Development Studio,"May 9, 2016",39.99
91095e1c,2026-05-16,01:55:39,1665460,EFOOTBALL™,82,14326,Simulation,KONAMI,"Sep 29, 2021",0.0
3c172234,2026-05-16,01:55:39,1364780,STREET FIGHTER™ 6,83,13797,Action,"CAPCOM Co., Ltd.","Jun 1, 2023",19.99
bc55ad7f,2026-05-16,01:55:39,427520,FACTORIO,84,14296,Casual,Wube Software LTD.,"Aug 14, 2020",35.0
1de61fdb,2026-05-16,01:55:39,3164500,SCHEDULE I,85,13879,Action,TVGS,"Mar 24, 2025",19.99
2ee107f2,2026-05-16,01:55:39,1623730,PALWORLD,86,13738,Action,Pocketpair,"Jan 19, 2024",29.99
e016e9a2,2026-05-16,01:55:39,376210,THE ISLE,87,13713,Action,Afterthought LLC,"Dec 1, 2015",19.99
b138b13b,2026-05-16,01:55:39,526870,SATISFACTORY,88,13653,Adventure,Coffee Stain Studios,"Sep 10, 2024",27.99
180dd3f0,2026-05-16,01:55:39,2073850,THE FINALS,89,13424,Action,Embark Studios,"Dec 7, 2023",0.0
9978fdcf,2026-05-16,01:55:39,1905180,OBS STUDIO,90,13338,Utilities,OBS Project,"Mar 21, 2022",0.0
c354e5b1,2026-05-16,01:55:39,2707930,PALIA,91,13269,Adventure,Singularity 6 Corporation,"Mar 25, 2024",0.0
a3a04ca2,2026-05-16,01:55:39,3564740,WHERE WINDS MEET,92,13089,Action,Everstone Studio,"14 Nov, 2025",0.0
68a408e4,2026-05-16,01:55:39,8930,SID MEIER'S CIVILIZATION® V,93,12905,Strategy,Firaxis Games,"Sep 21, 2010",29.99
ff59e48a,2026-05-16,01:55:39,220200,KERBAL SPACE PROGRAM,94,12892,Indie,Squad,"Apr 27, 2015",39.99
73820c3d,2026-05-16,01:55:39,3527290,PEAK,95,12467,Action,Team PEAK,"16 Jun, 2025",7.49
569d1f8c,2026-05-16,01:55:39,3105440,HEROES OF MIGHT AND MAGIC: OLDEN ERA,96,12707,RPG,Unfrozen,"Apr 30, 2026",29.99
6b706d7d,2026-05-16,01:55:39,304930,UNTURNED,97,12655,Action,Smartly Dressed Games,"Jul 7, 2017",0.0
1b48c0a7,2026-05-16,01:55:39,1874880,ARMA REFORGER,98,12593,Action,Bohemia Interactive,"Nov 16, 2023",39.99
da59e605,2026-05-16,01:55:39,2694490,PATH OF EXILE 2,99,12457,Action,Grinding Gear Games,"Dec 6, 2024",29.99
5f929b74,2026-05-16,01:55:39,291550,BRAWLHALLA,100,11966,Action,Blue Mammoth Games,"Oct 17, 2017",0.0
5accc34a,2026-05-16,01:55:39,3357650,PRAGMATA,,5559,Action,"CAPCOM Co., Ltd.","Apr 17, 2026",59.99
205e6143,2026-05-16,01:55:39,3224770,UMAMUSUME: PRETTY DERBY,,7739,Simulation,"Cygames, Inc.","24 Jun, 2025",0.0
7d5eb5fc,2026-05-16,01:55:39,3513350,WUTHERING WAVES,,11833,Action,KURO GAMES,"Apr 28, 2025",0.0
19843853,2026-05-16,01:55:39,1203620,ENSHROUDED,,11107,Action,Keen Games GmbH,"Jan 24, 2024",23.99
2c640eef,2026-05-16,01:55:39,2584990,SHADOWVERSE: WORLDS BEYOND,,8457,Casual,"Cygames, Inc.","Jun 14, 2025",0.0
862da724,2026-05-16,01:55:39,2646460,SOULMASK,,5936,Adventure,CampFire Studio,"Apr 9, 2026",29.99
3479b0ff,2026-05-16,01:55:39,960090,BLOONS TD 6,,9288,Strategy,Ninja Kiwi,"Dec 17, 2018",13.99
15d7423d,2026-05-16,01:55:39,270880,AMERICAN TRUCK SIMULATOR,,11892,Indie,SCS Software,"Feb 2, 2016",4.99
ae4c6d5a,2026-05-16,01:55:39,3764200,RESIDENT EVIL REQUIEM,,9113,Action,"CAPCOM Co., Ltd.","Feb 26, 2026",69.99
d0c98028,2026-05-16,01:55:39,4025700,HEARTOPIA,,11599,Casual,XD,"16 Jan, 2026",0.0
4afaa538,2026-05-16,01:55:39,2479810,GRAY ZONE WARFARE,,7547,Action,"MADFINGER Games, a.s.","Apr 30, 2024",39.99
177a9fcd,2026-05-16,01:55:39,594650,HUNT: SHOWDOWN 1896,,9337,Action,Crytek,"Aug 27, 2019",13.49
91b41724,2026-05-16,01:55:39,629520,SOUNDPAD,,10972,Audio Production,Leppsoft,"Sep 30, 2017",4.99
248c5532,2026-05-16,01:55:39,1716740,STARFIELD,,7369,RPG,Bethesda Game Studios,"Sep 5, 2023",49.99
9191ef06,2026-05-16,01:55:39,3065800,MARATHON,,12010,Action,Bungie,"Mar 5, 2026",31.99
6d82f230,2026-05-16,01:55:39,1085660,DESTINY 2,,10524,Action,Bungie,"Oct 1, 2019",0.0
14f649c8,2026-05-16,01:55:39,2923300,BANANA,,5346,Adventure,Sky,"Apr 23, 2024",0.0
5308adc1,2026-05-16,01:55:39,1974050,TORCHLIGHT: INFINITE,,3572,Action,XD,"May 9, 2023",0.0
c0ac486e,2026-05-16,01:55:39,377160,FALLOUT 4,,11288,RPG,Bethesda Game Studios,"Nov 9, 2015",19.99
3948d6d4,2026-05-16,01:55:39,552990,WORLD OF WARSHIPS,,5738,Action,Wargaming Group Limited,"Nov 15, 2017",0.0
00150e03,2026-05-16,01:55:39,306130,THE ELDER SCROLLS® ONLINE,,9490,Action,ZeniMax Online Studios,"May 22, 2017",19.99
fc6eff07,2026-05-16,01:55:39,1203220,NARAKA: BLADEPOINT,,10144,Action,24 Entertainment,"11 Aug, 2021",0.0
0bd9995e,2026-05-16,01:55:39,3679080,THE SEVEN DEADLY SINS: ORIGIN,,5114,Action,Netmarble F&C,"Mar 16, 2026",0.0
a71d8bee,2026-05-16,01:55:39,1623660,MIR4,,11651,Action,Wemade Next,"Aug 25, 2021",0.0
b0f10bf5,2026-05-16,01:55:39,275850,NO MAN'S SKY,,7475,Action,Hello Games,"Aug 12, 2016",59.99
b75b1e76,2026-05-16,01:55:39,2252570,FOOTBALL MANAGER 2024,,10924,Simulation,Sports Interactive,"Nov 6, 2023",0.0
0556b716,2026-05-16,01:55:39,3265700,VAMPIRE CRAWLERS: THE TURBO WILDCARD FROM VAMPIRE SURVIVORS,,5213,Action,poncle,"Apr 21, 2026",9.99
6eed5041,2026-05-16,01:55:39,1476970,IDLEON,,9855,Casual,Lavaflame2,"Nov 6, 2025",0.0
e42158bb,2026-05-16,01:55:39,238960,PATH OF EXILE,,6402,Action,Grinding Gear Games,"23 Oct, 2013",0.0
6089e403,2026-05-16,01:55:39,1144200,READY OR NOT,,7140,Action,VOID Interactive,"Dec 13, 2023",24.99
4b5dea18,2026-05-17,01:58:29,730,COUNTER-STRIKE 2,1,653559,Action,Valve,"21 Aug, 2012",0.0
0dbdcad5,2026-05-17,01:58:29,570,DOTA 2,2,299972,Action,Valve,"Jul 9, 2013",0.0
c06db8a1,2026-05-17,01:58:29,1962700,SUBNAUTICA 2,3,241575,Action,Unknown Worlds Entertainment,"May 14, 2026",29.99
a7a5fdf2,2026-05-17,01:58:29,578080,PUBG: BATTLEGROUNDS,4,151850,Action,PUBG Corporation,"21 Dec, 2017",0.0
e6147851,2026-05-17,01:58:29,2676230,FIVEM,5,137870,Other,,,0.0
c7ebbf74,2026-05-17,01:58:29,2767030,MARVEL RIVALS,6,113394,Action,NetEase Games,"5 Dec, 2024",0.0
2e0a03eb,2026-05-17,01:58:29,3419430,BONGO CAT,7,108930,Casual,Marcel Zurawka,"Mar 5, 2025",0.0
e4693521,2026-05-17,01:58:29,2868840,SLAY THE SPIRE 2,8,103610,Indie,Mega Crit,"Mar 5, 2026",24.99
897c514b,2026-05-17,01:58:29,1172470,APEX LEGENDS™,9,93513,Action,Respawn,"4 Nov, 2020",0.0
f91494e9,2026-05-17,01:58:29,252490,RUST,10,85532,Action,Facepunch Studios,"Feb 8, 2018",39.99
3f1bb9cf,2026-05-17,01:58:29,359550,TOM CLANCY'S RAINBOW SIX SIEGE,11,75513,Action,Ubisoft Montreal,"Dec 1, 2015",0.0
cebef1e0,2026-05-17,01:58:29,1808500,ARC RAIDERS,12,66956,Action,Embark Studios,"30 Oct, 2025",39.99
8b4b6b6a,2026-05-17,01:58:29,431960,WALLPAPER ENGINE,13,62066,Casual,Wallpaper Engine Team,"Nov 16, 2018",4.99
565b5080,2026-05-17,01:58:29,2357570,OVERWATCH®,14,61506,Action,"Blizzard Entertainment, Inc.","Aug 10, 2023",0.0
cab4b618,2026-05-17,01:58:29,3241660,R.E.P.O.,15,58793,Action,semiwork,"Feb 26, 2025",9.99
f0ae035f,2026-05-17,01:58:29,1422450,DEADLOCK,16,0,Action,Valve,To be announced,0.0
e17730f5,2026-05-17,01:58:29,2507950,DELTA FORCE,17,57538,Action,Team Jade,"4 Dec, 2024",0.0
96e4aa1b,2026-05-17,01:58:29,322170,GEOMETRY DASH,18,58347,Action,RobTop Games,"Dec 22, 2014",4.99
d4489e35,2026-05-17,01:58:29,413150,STARDEW VALLEY,19,56206,Indie,ConcernedApe,"Feb 26, 2016",14.99
f1b360ad,2026-05-17,01:58:29,230410,WARFRAME,20,55997,Action,Digital Extremes,"25 Mar, 2013",0.0
54f5829d,2026-05-17,01:58:29,438100,VRCHAT,21,55548,Adventure,VRChat Inc.,"1 Feb, 2017",0.0
dde91336,2026-05-17,01:58:29,2807960,BATTLEFIELD™ 6,22,51373,Action,Battlefield Studios,"10 Oct, 2025",41.99
5f101d24,2026-05-17,01:58:29,1086940,BALDUR'S GATE 3,23,49947,Adventure,Larian Studios,"Aug 3, 2023",59.99
9059afd3,2026-05-17,01:58:29,381210,DEAD BY DAYLIGHT,24,47084,Action,Behaviour Interactive Inc.,"Jun 14, 2016",7.99
33ce6415,2026-05-17,01:58:29,440,TEAM FORTRESS 2,25,47194,Action,Valve,"Oct 10, 2007",0.0
d03fbde1,2026-05-17,01:58:29,552990,WORLD OF WARSHIPS,26,45782,Action,Wargaming Group Limited,"Nov 15, 2017",0.0
26bb670d,2026-05-17,01:58:29,3321460,CRIMSON DESERT,27,45468,Action,Pearl Abyss,"Mar 19, 2026",69.99
d4004ae1,2026-05-17,01:58:29,236390,WAR THUNDER,28,43952,Action,Gaijin Entertainment,"Aug 15, 2013",0.0
e6e8cc3d,2026-05-17,01:58:29,3041230,WINDROSE,29,43386,Action,Kraken Express,"Apr 14, 2026",29.99
fac9741a,2026-05-17,01:58:29,3405690,EA SPORTS FC™ 26,30,40534,Simulation,EA Canada,"25 Sep, 2025",20.99
7290ce19,2026-05-17,01:58:29,1973530,LIMBUS COMPANY,31,37713,Other,ProjectMoon,"26 Feb, 2023",0.0
902864c4,2026-05-17,01:58:29,271590,GRAND THEFT AUTO V LEGACY,32,37303,Action,Rockstar North,"Apr 13, 2015",0.0
24c89494,2026-05-17,01:58:29,1938090,CALL OF DUTY®,33,37375,Action,Treyarch,"Oct 27, 2022",0.0
4238d93c,2026-05-17,01:58:29,3240220,GRAND THEFT AUTO V ENHANCED,34,35975,Action,Rockstar North,"Mar 4, 2025",19.79
4612fbc4,2026-05-17,01:58:29,221100,DAYZ,35,36072,Action,Bohemia Interactive,"Dec 13, 2018",49.99
50cd5d25,2026-05-17,01:58:29,550,LEFT 4 DEAD 2,36,34543,Action,Valve,"Nov 16, 2009",9.99
1852d02e,2026-05-17,01:58:29,1366800,CROSSHAIR X,37,34742,Action,CenterPoint Gaming,"Aug 17, 2020",9.99
5a5955c5,2026-05-17,01:58:29,2344520,DIABLO® IV,38,34121,Action,"Blizzard Entertainment, Inc.","Oct 17, 2023",49.99
e00183a7,2026-05-17,01:58:29,553850,HELLDIVERS™ 2,39,32498,Action,Arrowhead Game Studios,"8 Feb, 2024",39.99
6c98f0ed,2026-05-17,01:58:29,1245620,ELDEN RING,40,31980,Action,"FromSoftware, Inc.","Feb 24, 2022",59.99
78c3dac6,2026-05-17,01:58:29,39210,FINAL FANTASY XIV ONLINE,41,31676,Massively Multiplayer,Square Enix,"Feb 18, 2014",19.99
2a3ae904,2026-05-17,01:58:29,240,COUNTER-STRIKE: SOURCE,42,31502,Action,Valve,"1 Nov, 2004",5.79
f529633e,2026-05-17,01:58:29,394360,HEARTS OF IRON IV,43,30470,Simulation,Paradox Development Studio,"Jun 6, 2016",49.99
23264a9c,2026-05-17,01:58:29,289070,SID MEIER’S CIVILIZATION® VI,44,28901,Strategy,Firaxis Games,"Oct 21, 2016",59.99
692e9aca,2026-05-17,01:58:29,3472040,NBA 2K26,45,26932,Sports,Visual Concepts,"Sep 4, 2025",19.99
c472c55a,2026-05-17,01:58:29,440900,CONAN EXILES ENHANCED,46,27772,Action,Funcom,"May 8, 2018",29.99
a914969a,2026-05-17,01:58:29,108600,PROJECT ZOMBOID,47,26903,Indie,The Indie Stone,"Nov 8, 2013",19.99
0b54cb37,2026-05-17,01:58:29,294100,RIMWORLD,48,26503,Indie,Ludeon Studios,"Oct 17, 2018",34.99
ab081df5,2026-05-17,01:58:29,1174180,RED DEAD REDEMPTION 2,49,26466,Action,Rockstar Games,"Dec 5, 2019",59.99
30a824e8,2026-05-17,01:58:29,264710,SUBNAUTICA,50,26053,Adventure,Unknown Worlds Entertainment,"Jan 23, 2018",7.49
f83a3fc2,2026-05-17,01:58:29,1091500,CYBERPUNK 2077,51,25342,RPG,CD PROJEKT RED,"Dec 9, 2020",20.99
6b0fc533,2026-05-17,01:58:29,1222670,THE SIMS™ 4,52,25161,Adventure,Maxis,"Jun 18, 2020",0.0
d0a8095f,2026-05-17,01:58:29,489830,THE ELDER SCROLLS V: SKYRIM SPECIAL EDITION,53,24803,RPG,Bethesda Game Studios,"Oct 27, 2016",39.99
4eaa05d2,2026-05-17,01:58:29,105600,TERRARIA,54,23972,Action,Re-Logic,"May 16, 2011",9.99
de447a74,2026-05-17,01:58:29,2399830,ARK: SURVIVAL ASCENDED,55,23102,Action,Studio Wildcard,"Oct 25, 2023",44.99
9c924a20,2026-05-17,01:58:29,218620,PAYDAY 2,56,21686,Action,OVERKILL - a Starbreeze Studio.,"Aug 13, 2013",9.99
87012ab5,2026-05-17,01:58:29,1281930,TMODLOADER,57,20843,Action,TML Team,"May 16, 2020",0.0
fb26eb8b,2026-05-17,01:58:29,4465480,COUNTER-STRIKE:GLOBAL OFFENSIVE,58,20614,Action,Valve,"Aug 21, 2012",0.0
fb4ac8ac,2026-05-17,01:58:29,4000,GARRY'S MOD,59,20045,Casual,Facepunch Studios,"Nov 29, 2006",4.99
7ab9c664,2026-05-17,01:58:29,251570,7 DAYS TO DIE,60,19680,Action,The Fun Pimps,"Jul 25, 2024",44.99
893b45b2,2026-05-17,01:58:29,3892270,GAMBLE WITH YOUR FRIENDS,61,19148,Adventure,SkyBrave,"1 May, 2026",4.95
c24d7cd5,2026-05-17,01:58:29,582660,BLACK DESERT,62,19329,Action,Pearl Abyss,"May 24, 2017",0.99
fd0a66c3,2026-05-17,01:58:29,3124540,FAR FAR WEST,63,19295,Action,Evil Raptor,"Apr 28, 2026",17.99
4483a0b6,2026-05-17,01:58:29,1142710,TOTAL WAR: WARHAMMER III,64,19167,Action,CREATIVE ASSEMBLY,"Feb 17, 2022",59.99
984d7c42,2026-05-17,01:58:29,4128580,BIDKING,65,18999,Casual,MindSurge Network & Games,"Apr 15, 2026",2.99
15c3e42d,2026-05-17,01:58:29,252950,ROCKET LEAGUE®,66,18856,Action,Psyonix LLC,"Jul 7, 2015",0.0
03d785fe,2026-05-17,01:58:29,3551340,FOOTBALL MANAGER 26,67,18305,Simulation,Sports Interactive,"Nov 4, 2025",59.99
ed86cdcd,2026-05-17,01:58:29,813780,AGE OF EMPIRES II: DEFINITIVE EDITION,68,18297,Strategy,World's Edge,"Nov 14, 2019",12.24
e4234de6,2026-05-17,01:58:29,227300,EURO TRUCK SIMULATOR 2,69,18267,Indie,SCS Software,"Oct 12, 2012",19.99
abc4fbd6,2026-05-17,01:58:29,739630,PHASMOPHOBIA,70,17881,Action,Kinetic Games,"Sep 18, 2020",19.99
b65e5a8a,2026-05-17,01:58:29,284160,BEAMNG.DRIVE,71,18008,Racing,BeamNG,"May 29, 2015",24.99
6de6caeb,2026-05-17,01:58:29,322330,DON'T STARVE TOGETHER,72,16989,Action,Klei Entertainment,"Apr 21, 2016",14.99
513c7879,2026-05-17,01:58:29,1158310,CRUSADER KINGS III,73,17402,RPG,Paradox Development Studio,"Sep 1, 2020",14.99
f08b1ff2,2026-05-17,01:58:29,261550,MOUNT & BLADE II: BANNERLORD,74,17206,Action,TaleWorlds Entertainment,"Oct 25, 2022",24.99
ba8b9a6e,2026-05-17,01:58:29,250900,THE BINDING OF ISAAC: REBIRTH,75,17028,Action,"Nicalis, Inc.","Nov 4, 2014",14.99
1e3171aa,2026-05-17,01:58:29,2622380,ELDEN RING NIGHTREIGN,76,16672,Action,"FromSoftware, Inc.","29 May, 2025",39.99
409eb407,2026-05-17,01:58:29,2300320,FARMING SIMULATOR 25,77,16663,Simulation,GIANTS Software,"Nov 12, 2024",29.99
659a5902,2026-05-17,01:58:29,892970,VALHEIM,78,16228,Action,Iron Gate AB,"Feb 2, 2021",9.99
e7cc8ffc,2026-05-17,01:58:29,346110,ARK: SURVIVAL EVOLVED,79,16100,Action,Studio Wildcard,"Aug 27, 2017",14.99
bd462188,2026-05-17,01:58:29,1449850,YU-GI-OH! MASTER DUEL,80,15756,Simulation,KONAMI,"18 Jan, 2022",0.0
1e19553a,2026-05-17,01:58:29,281990,STELLARIS,81,15878,Simulation,Paradox Development Studio,"May 9, 2016",39.99
7b5ade75,2026-05-17,01:58:29,1623730,PALWORLD,82,15434,Action,Pocketpair,"Jan 19, 2024",29.99
6ae96799,2026-05-17,01:58:29,3164500,SCHEDULE I,83,15560,Action,TVGS,"Mar 24, 2025",19.99
39bb3279,2026-05-17,01:58:29,427520,FACTORIO,84,15501,Casual,Wube Software LTD.,"Aug 14, 2020",35.0
27b1677a,2026-05-17,01:58:29,2073620,ARENA BREAKOUT: INFINITE,85,15237,Action,Morefun Studios,"Sep 15, 2025",0.0
4eb31d88,2026-05-17,01:58:29,526870,SATISFACTORY,86,15027,Adventure,Coffee Stain Studios,"Sep 10, 2024",27.99
0ed65218,2026-05-17,01:58:29,3564740,WHERE WINDS MEET,87,14611,Action,Everstone Studio,"14 Nov, 2025",0.0
a3a38928,2026-05-17,01:58:29,376210,THE ISLE,88,14315,Action,Afterthought LLC,"Dec 1, 2015",19.99
697175ee,2026-05-17,01:58:29,3527290,PEAK,89,14084,Action,Team PEAK,"16 Jun, 2025",7.49
fff51bdd,2026-05-17,01:58:29,1364780,STREET FIGHTER™ 6,90,14013,Action,"CAPCOM Co., Ltd.","Jun 1, 2023",19.99
fad49db8,2026-05-17,01:58:29,1905180,OBS STUDIO,91,13776,Utilities,OBS Project,"Mar 21, 2022",0.0
c3c8f9c6,2026-05-17,01:58:29,8930,SID MEIER'S CIVILIZATION® V,92,13706,Strategy,Firaxis Games,"Sep 21, 2010",29.99
a29b9f25,2026-05-17,01:58:29,2119830,MISERY,93,13446,Action,Platypus Entertainment,"23 Oct, 2025",8.41
dd435843,2026-05-17,01:58:29,1874880,ARMA REFORGER,94,13556,Action,Bohemia Interactive,"Nov 16, 2023",39.99
314ad527,2026-05-17,01:58:29,2694490,PATH OF EXILE 2,95,13504,Action,Grinding Gear Games,"Dec 6, 2024",29.99
a86dbbdb,2026-05-17,01:58:29,220200,KERBAL SPACE PROGRAM,96,13390,Indie,Squad,"Apr 27, 2015",39.99
4ac985cd,2026-05-17,01:58:29,2073850,THE FINALS,97,13374,Action,Embark Studios,"Dec 7, 2023",0.0
a46a2280,2026-05-17,01:58:29,3105440,HEROES OF MIGHT AND MAGIC: OLDEN ERA,98,13326,RPG,Unfrozen,"Apr 30, 2026",29.99
d88f17c5,2026-05-17,01:58:29,2707930,PALIA,99,13321,Adventure,Singularity 6 Corporation,"Mar 25, 2024",0.0
c21ea84a,2026-05-17,01:58:29,1665460,EFOOTBALL™,100,13206,Simulation,KONAMI,"Sep 29, 2021",0.0
7987d154,2026-05-17,01:58:29,2584990,SHADOWVERSE: WORLDS BEYOND,,6610,Casual,"Cygames, Inc.","Jun 14, 2025",0.0
b9a9b041,2026-05-17,01:58:29,1203620,ENSHROUDED,,12113,Action,Keen Games GmbH,"Jan 24, 2024",23.99
e4d40c34,2026-05-17,01:58:29,1476970,IDLEON,,9802,Casual,Lavaflame2,"Nov 6, 2025",0.0
f8b23f30,2026-05-17,01:58:29,275850,NO MAN'S SKY,,8252,Action,Hello Games,"Aug 12, 2016",59.99
beeb6081,2026-05-17,01:58:29,1974050,TORCHLIGHT: INFINITE,,3350,Action,XD,"May 9, 2023",0.0
721c0f0b,2026-05-17,01:58:29,3065800,MARATHON,,11615,Action,Bungie,"Mar 5, 2026",31.99
0d16166b,2026-05-17,01:58:29,1623660,MIR4,,11723,Action,Wemade Next,"Aug 25, 2021",0.0
b8b435e4,2026-05-17,01:58:29,1144200,READY OR NOT,,7825,Action,VOID Interactive,"Dec 13, 2023",24.99
8b530047,2026-05-17,01:58:29,304930,UNTURNED,,11411,Action,Smartly Dressed Games,"Jul 7, 2017",0.0
e9e2c6e4,2026-05-17,01:58:29,3764200,RESIDENT EVIL REQUIEM,,9441,Action,"CAPCOM Co., Ltd.","Feb 26, 2026",69.99
99527d94,2026-05-17,01:58:29,238960,PATH OF EXILE,,6518,Action,Grinding Gear Games,"23 Oct, 2013",0.0
96138fcb,2026-05-17,01:58:29,594650,HUNT: SHOWDOWN 1896,,9797,Action,Crytek,"Aug 27, 2019",13.49
3826540b,2026-05-17,01:58:29,306130,THE ELDER SCROLLS® ONLINE,,9718,Action,ZeniMax Online Studios,"May 22, 2017",19.99
90ec5968,2026-05-17,01:58:29,1716740,STARFIELD,,8181,RPG,Bethesda Game Studios,"Sep 5, 2023",49.99
2f580acf,2026-05-17,01:58:29,2923300,BANANA,,9949,Adventure,Sky,"Apr 23, 2024",0.0
dcec324c,2026-05-17,01:58:29,3224770,UMAMUSUME: PRETTY DERBY,,7804,Simulation,"Cygames, Inc.","24 Jun, 2025",0.0
c4806eef,2026-05-17,01:58:29,3679080,THE SEVEN DEADLY SINS: ORIGIN,,4697,Action,Netmarble F&C,"Mar 16, 2026",0.0
946a1eca,2026-05-17,01:58:29,3357650,PRAGMATA,,6247,Action,"CAPCOM Co., Ltd.","Apr 17, 2026",59.99
f1b323bd,2026-05-17,01:58:29,1203220,NARAKA: BLADEPOINT,,12620,Action,24 Entertainment,"11 Aug, 2021",0.0
99213144,2026-05-17,01:58:29,1085660,DESTINY 2,,10855,Action,Bungie,"Oct 1, 2019",0.0
31fff313,2026-05-17,01:58:29,291550,BRAWLHALLA,,12125,Action,Blue Mammoth Games,"Oct 17, 2017",0.0
921297e9,2026-05-17,01:58:29,2646460,SOULMASK,,6458,Adventure,CampFire Studio,"Apr 9, 2026",29.99
755afe7e,2026-05-17,01:58:29,2252570,FOOTBALL MANAGER 2024,,11550,Simulation,Sports Interactive,"Nov 6, 2023",0.0
2d79191b,2026-05-17,01:58:29,4025700,HEARTOPIA,,11919,Casual,XD,"16 Jan, 2026",0.0
58a78675,2026-05-17,01:58:29,960090,BLOONS TD 6,,9926,Strategy,Ninja Kiwi,"Dec 17, 2018",13.99
1ab51af3,2026-05-17,01:58:29,629520,SOUNDPAD,,11468,Audio Production,Leppsoft,"Sep 30, 2017",4.99
477eb5d6,2026-05-17,01:58:29,3265700,VAMPIRE CRAWLERS: THE TURBO WILDCARD FROM VAMPIRE SURVIVORS,,5623,Action,poncle,"Apr 21, 2026",9.99
82e9d750,2026-05-17,01:58:29,270880,AMERICAN TRUCK SIMULATOR,,12431,Indie,SCS Software,"Feb 2, 2016",4.99
dd56b186,2026-05-17,01:58:29,2479810,GRAY ZONE WARFARE,,7690,Action,"MADFINGER Games, a.s.","Apr 30, 2024",39.99
684e6325,2026-05-17,01:58:29,3513350,WUTHERING WAVES,,12858,Action,KURO GAMES,"Apr 28, 2025",0.0
c048ab04,2026-05-17,01:58:29,377160,FALLOUT 4,,12378,RPG,Bethesda Game Studios,"Nov 9, 2015",19.99
e0f3b353,2026-05-18,02:10:13,730,COUNTER-STRIKE 2,1,588478,Action,Valve,"21 Aug, 2012",0.0
523eec76,2026-05-18,02:10:13,570,DOTA 2,2,276947,Action,Valve,"Jul 9, 2013",0.0
272fa6e6,2026-05-18,02:10:13,1962700,SUBNAUTICA 2,3,201564,Action,Unknown Worlds Entertainment,"May 14, 2026",29.99
e41f9877,2026-05-18,02:10:13,578080,PUBG: BATTLEGROUNDS,4,131157,Action,PUBG Corporation,"21 Dec, 2017",0.0
13499e92,2026-05-18,02:10:13,2676230,FIVEM,5,119391,Other,,,0.0
b614292d,2026-05-18,02:10:13,2767030,MARVEL RIVALS,6,111817,Action,NetEase Games,"5 Dec, 2024",0.0
a1874b1e,2026-05-18,02:10:13,3419430,BONGO CAT,7,109558,Casual,Marcel Zurawka,"Mar 5, 2025",0.0
06823c47,2026-05-18,02:10:13,2868840,SLAY THE SPIRE 2,8,95947,Indie,Mega Crit,"Mar 5, 2026",24.99
266e3dea,2026-05-18,02:10:13,1172470,APEX LEGENDS™,9,82383,Action,Respawn,"4 Nov, 2020",0.0
7b7554a6,2026-05-18,02:10:13,359550,TOM CLANCY'S RAINBOW SIX SIEGE,10,78456,Action,Ubisoft Montreal,"Dec 1, 2015",0.0
175457f5,2026-05-18,02:10:13,252490,RUST,11,66171,Action,Facepunch Studios,"Feb 8, 2018",39.99
d39eb51b,2026-05-18,02:10:13,1808500,ARC RAIDERS,12,65944,Action,Embark Studios,"30 Oct, 2025",39.99
9b7053c6,2026-05-18,02:10:13,1422450,DEADLOCK,13,0,Action,Valve,To be announced,0.0
6664d2a6,2026-05-18,02:10:13,2357570,OVERWATCH®,14,60356,Action,"Blizzard Entertainment, Inc.","Aug 10, 2023",0.0
521719c4,2026-05-18,02:10:13,3241660,R.E.P.O.,15,56037,Action,semiwork,"Feb 26, 2025",9.99
2f845eb3,2026-05-18,02:10:13,230410,WARFRAME,16,54766,Action,Digital Extremes,"25 Mar, 2013",0.0
6bc62269,2026-05-18,02:10:13,413150,STARDEW VALLEY,17,54396,Indie,ConcernedApe,"Feb 26, 2016",14.99
a0bbe81e,2026-05-18,02:10:13,431960,WALLPAPER ENGINE,18,53624,Casual,Wallpaper Engine Team,"Nov 16, 2018",4.99
26d78a50,2026-05-18,02:10:13,1086940,BALDUR'S GATE 3,19,49907,Adventure,Larian Studios,"Aug 3, 2023",59.99
b578e44b,2026-05-18,02:10:13,2807960,BATTLEFIELD™ 6,20,48548,Action,Battlefield Studios,"10 Oct, 2025",41.99
8e106b74,2026-05-18,02:10:13,322170,GEOMETRY DASH,21,48205,Action,RobTop Games,"Dec 22, 2014",4.99
1acc8112,2026-05-18,02:10:13,2507950,DELTA FORCE,22,47958,Action,Team Jade,"4 Dec, 2024",0.0
b946ec74,2026-05-18,02:10:13,552990,WORLD OF WARSHIPS,23,45180,Action,Wargaming Group Limited,"Nov 15, 2017",0.0
09176ee0,2026-05-18,02:10:13,440,TEAM FORTRESS 2,24,45436,Action,Valve,"Oct 10, 2007",0.0
101df5e9,2026-05-18,02:10:13,381210,DEAD BY DAYLIGHT,25,44948,Action,Behaviour Interactive Inc.,"Jun 14, 2016",7.99
b139a7ac,2026-05-18,02:10:13,438100,VRCHAT,26,43807,Adventure,VRChat Inc.,"1 Feb, 2017",0.0
758299c1,2026-05-18,02:10:13,3041230,WINDROSE,27,38410,Action,Kraken Express,"Apr 14, 2026",29.99
5f7dad3c,2026-05-18,02:10:13,3321460,CRIMSON DESERT,28,37563,Action,Pearl Abyss,"Mar 19, 2026",69.99
50209d25,2026-05-18,02:10:13,3405690,EA SPORTS FC™ 26,29,36276,Simulation,EA Canada,"25 Sep, 2025",20.99
cbad138c,2026-05-18,02:10:13,1938090,CALL OF DUTY®,30,34880,Action,Treyarch,"Oct 27, 2022",0.0
6d780e81,2026-05-18,02:10:13,550,LEFT 4 DEAD 2,31,34299,Action,Valve,"Nov 16, 2009",9.99
0822f039,2026-05-18,02:10:13,236390,WAR THUNDER,32,33018,Action,Gaijin Entertainment,"Aug 15, 2013",0.0
83f4684f,2026-05-18,02:10:13,1366800,CROSSHAIR X,33,32147,Action,CenterPoint Gaming,"Aug 17, 2020",9.99
715e372b,2026-05-18,02:10:13,271590,GRAND THEFT AUTO V LEGACY,34,32070,Action,Rockstar North,"Apr 13, 2015",0.0
be705091,2026-05-18,02:10:13,221100,DAYZ,35,31844,Action,Bohemia Interactive,"Dec 13, 2018",49.99
f4a7ec50,2026-05-18,02:10:13,3240220,GRAND THEFT AUTO V ENHANCED,36,30274,Action,Rockstar North,"Mar 4, 2025",19.79
aa68865e,2026-05-18,02:10:13,39210,FINAL FANTASY XIV ONLINE,37,30292,Massively Multiplayer,Square Enix,"Feb 18, 2014",19.99
2c092daf,2026-05-18,02:10:13,553850,HELLDIVERS™ 2,38,29974,Action,Arrowhead Game Studios,"8 Feb, 2024",39.99
ce0db183,2026-05-18,02:10:13,2344520,DIABLO® IV,39,29327,Action,"Blizzard Entertainment, Inc.","Oct 17, 2023",49.99
6f7d7a5d,2026-05-18,02:10:13,1245620,ELDEN RING,40,28726,Action,"FromSoftware, Inc.","Feb 24, 2022",59.99
ac087733,2026-05-18,02:10:13,240,COUNTER-STRIKE: SOURCE,41,26266,Action,Valve,"1 Nov, 2004",5.79
ea07e75c,2026-05-18,02:10:13,264710,SUBNAUTICA,42,26681,Adventure,Unknown Worlds Entertainment,"Jan 23, 2018",7.49
47fda1e4,2026-05-18,02:10:13,440900,CONAN EXILES ENHANCED,43,24698,Action,Funcom,"May 8, 2018",29.99
c1aae2c7,2026-05-18,02:10:13,108600,PROJECT ZOMBOID,44,24934,Indie,The Indie Stone,"Nov 8, 2013",19.99
7aad9f75,2026-05-18,02:10:13,289070,SID MEIER’S CIVILIZATION® VI,45,24591,Strategy,Firaxis Games,"Oct 21, 2016",59.99
5a3d17ef,2026-05-18,02:10:13,489830,THE ELDER SCROLLS V: SKYRIM SPECIAL EDITION,46,24494,RPG,Bethesda Game Studios,"Oct 27, 2016",39.99
06ab474a,2026-05-18,02:10:13,1222670,THE SIMS™ 4,47,23934,Adventure,Maxis,"Jun 18, 2020",0.0
97c4e44f,2026-05-18,02:10:13,1973530,LIMBUS COMPANY,48,23845,Other,ProjectMoon,"26 Feb, 2023",0.0
b3bc2542,2026-05-18,02:10:13,294100,RIMWORLD,49,23230,Indie,Ludeon Studios,"Oct 17, 2018",34.99
f8d3f7e1,2026-05-18,02:10:13,1174180,RED DEAD REDEMPTION 2,50,23035,Action,Rockstar Games,"Dec 5, 2019",59.99
36208736,2026-05-18,02:10:13,394360,HEARTS OF IRON IV,51,22437,Simulation,Paradox Development Studio,"Jun 6, 2016",49.99
56c50e48,2026-05-18,02:10:13,1091500,CYBERPUNK 2077,52,22300,RPG,CD PROJEKT RED,"Dec 9, 2020",20.99
8ae56330,2026-05-18,02:10:13,3472040,NBA 2K26,53,21972,Sports,Visual Concepts,"Sep 4, 2025",19.99
7abbc2d2,2026-05-18,02:10:13,105600,TERRARIA,54,21160,Action,Re-Logic,"May 16, 2011",9.99
9bb2a231,2026-05-18,02:10:13,218620,PAYDAY 2,55,21319,Action,OVERKILL - a Starbreeze Studio.,"Aug 13, 2013",9.99
6eef1f90,2026-05-18,02:10:13,3892270,GAMBLE WITH YOUR FRIENDS,56,20752,Adventure,SkyBrave,"1 May, 2026",4.95
1cb05bd5,2026-05-18,02:10:13,4465480,COUNTER-STRIKE:GLOBAL OFFENSIVE,57,19553,Action,Valve,"Aug 21, 2012",0.0
363c8049,2026-05-18,02:10:13,252950,ROCKET LEAGUE®,58,18902,Action,Psyonix LLC,"Jul 7, 2015",0.0
97bdf6f7,2026-05-18,02:10:13,2399830,ARK: SURVIVAL ASCENDED,59,18662,Action,Studio Wildcard,"Oct 25, 2023",44.99
9181875c,2026-05-18,02:10:13,582660,BLACK DESERT,60,18376,Action,Pearl Abyss,"May 24, 2017",0.99
a3ec4812,2026-05-18,02:10:13,3124540,FAR FAR WEST,61,17907,Action,Evil Raptor,"Apr 28, 2026",17.99
22b9ae06,2026-05-18,02:10:13,1281930,TMODLOADER,62,17692,Action,TML Team,"May 16, 2020",0.0
4d20fc12,2026-05-18,02:10:13,739630,PHASMOPHOBIA,63,17487,Action,Kinetic Games,"Sep 18, 2020",19.99
e7ec9d00,2026-05-18,02:10:13,251570,7 DAYS TO DIE,64,17057,Action,The Fun Pimps,"Jul 25, 2024",44.99
0bf1713b,2026-05-18,02:10:13,813780,AGE OF EMPIRES II: DEFINITIVE EDITION,65,17113,Strategy,World's Edge,"Nov 14, 2019",12.24
f8e0355b,2026-05-18,02:10:13,4128580,BIDKING,66,16834,Casual,MindSurge Network & Games,"Apr 15, 2026",2.99
2f06d594,2026-05-18,02:10:13,1142710,TOTAL WAR: WARHAMMER III,67,16585,Action,CREATIVE ASSEMBLY,"Feb 17, 2022",59.99
9e2c85b7,2026-05-18,02:10:13,4000,GARRY'S MOD,68,16292,Casual,Facepunch Studios,"Nov 29, 2006",4.99
12b4c380,2026-05-18,02:10:13,284160,BEAMNG.DRIVE,69,15533,Racing,BeamNG,"May 29, 2015",24.99
562c1a3a,2026-05-18,02:10:13,892970,VALHEIM,70,15774,Action,Iron Gate AB,"Feb 2, 2021",9.99
1d476178,2026-05-18,02:10:13,250900,THE BINDING OF ISAAC: REBIRTH,71,15708,Action,"Nicalis, Inc.","Nov 4, 2014",14.99
50d1dfa7,2026-05-18,02:10:13,3527290,PEAK,72,15481,Action,Team PEAK,"16 Jun, 2025",7.49
862e1ac5,2026-05-18,02:10:13,3164500,SCHEDULE I,73,15544,Action,TVGS,"Mar 24, 2025",19.99
64b62a89,2026-05-18,02:10:13,3551340,FOOTBALL MANAGER 26,74,14689,Simulation,Sports Interactive,"Nov 4, 2025",59.99
e7a733d0,2026-05-18,02:10:13,2300320,FARMING SIMULATOR 25,75,14723,Simulation,GIANTS Software,"Nov 12, 2024",29.99
ac18788b,2026-05-18,02:10:13,1158310,CRUSADER KINGS III,76,14849,RPG,Paradox Development Studio,"Sep 1, 2020",14.99
2e9564d8,2026-05-18,02:10:13,3564740,WHERE WINDS MEET,77,14737,Action,Everstone Studio,"14 Nov, 2025",0.0
6616ea1a,2026-05-18,02:10:13,2073850,THE FINALS,78,13909,Action,Embark Studios,"Dec 7, 2023",0.0
5ee9e866,2026-05-18,02:10:13,227300,EURO TRUCK SIMULATOR 2,79,13907,Indie,SCS Software,"Oct 12, 2012",19.99
4a2a9f81,2026-05-18,02:10:13,261550,MOUNT & BLADE II: BANNERLORD,80,13803,Action,TaleWorlds Entertainment,"Oct 25, 2022",24.99
7be0288a,2026-05-18,02:10:13,427520,FACTORIO,81,13778,Casual,Wube Software LTD.,"Aug 14, 2020",35.0
ce881501,2026-05-18,02:10:13,281990,STELLARIS,82,13729,Simulation,Paradox Development Studio,"May 9, 2016",39.99
17faeed9,2026-05-18,02:10:13,322330,DON'T STARVE TOGETHER,83,13584,Action,Klei Entertainment,"Apr 21, 2016",14.99
e8e9c058,2026-05-18,02:10:13,526870,SATISFACTORY,84,13403,Adventure,Coffee Stain Studios,"Sep 10, 2024",27.99
c533eb1d,2026-05-18,02:10:13,2073620,ARENA BREAKOUT: INFINITE,85,13343,Action,Morefun Studios,"Sep 15, 2025",0.0
57acb45d,2026-05-18,02:10:13,1623730,PALWORLD,86,13247,Action,Pocketpair,"Jan 19, 2024",29.99
f0230474,2026-05-18,02:10:13,2119830,MISERY,87,13184,Action,Platypus Entertainment,"23 Oct, 2025",8.41
7a9c94d8,2026-05-18,02:10:13,346110,ARK: SURVIVAL EVOLVED,88,13058,Action,Studio Wildcard,"Aug 27, 2017",14.99
ceb9846f,2026-05-18,02:10:13,2622380,ELDEN RING NIGHTREIGN,89,12897,Action,"FromSoftware, Inc.","29 May, 2025",39.99
5b2b9866,2026-05-18,02:10:13,376210,THE ISLE,90,12727,Action,Afterthought LLC,"Dec 1, 2015",19.99
8df81220,2026-05-18,02:10:13,8930,SID MEIER'S CIVILIZATION® V,91,12482,Strategy,Firaxis Games,"Sep 21, 2010",29.99
73755c36,2026-05-18,02:10:13,2694490,PATH OF EXILE 2,92,12494,Action,Grinding Gear Games,"Dec 6, 2024",29.99
4cd40a35,2026-05-18,02:10:13,2707930,PALIA,93,12386,Adventure,Singularity 6 Corporation,"Mar 25, 2024",0.0
9c5a795a,2026-05-18,02:10:13,1604030,V RISING,94,12230,Action,Stunlock Studios,"May 8, 2024",15.74
63cc1c74,2026-05-18,02:10:13,1665460,EFOOTBALL™,95,12347,Simulation,KONAMI,"Sep 29, 2021",0.0
c708963c,2026-05-18,02:10:13,220200,KERBAL SPACE PROGRAM,96,11995,Indie,Squad,"Apr 27, 2015",39.99
b55d9710,2026-05-18,02:10:13,304930,UNTURNED,97,11993,Action,Smartly Dressed Games,"Jul 7, 2017",0.0
863dd103,2026-05-18,02:10:13,1874880,ARMA REFORGER,98,11750,Action,Bohemia Interactive,"Nov 16, 2023",39.99
6a1424a1,2026-05-18,02:10:13,270880,AMERICAN TRUCK SIMULATOR,99,11840,Indie,SCS Software,"Feb 2, 2016",4.99
421c25c7,2026-05-18,02:10:13,377160,FALLOUT 4,100,11893,RPG,Bethesda Game Studios,"Nov 9, 2015",19.99
37e5c0cb,2026-05-18,02:10:13,2479810,GRAY ZONE WARFARE,,6530,Action,"MADFINGER Games, a.s.","Apr 30, 2024",39.99
527727d3,2026-05-18,02:10:13,594650,HUNT: SHOWDOWN 1896,,8183,Action,Crytek,"Aug 27, 2019",13.49
f24925d4,2026-05-18,02:10:13,4025700,HEARTOPIA,,10497,Casual,XD,"16 Jan, 2026",0.0
1c937e5e,2026-05-18,02:10:13,3105440,HEROES OF MIGHT AND MAGIC: OLDEN ERA,,9334,RPG,Unfrozen,"Apr 30, 2026",29.99
86fff9dd,2026-05-18,02:10:13,1449850,YU-GI-OH! MASTER DUEL,,11678,Simulation,KONAMI,"18 Jan, 2022",0.0
1e7ba48a,2026-05-18,02:10:13,2923300,BANANA,,10221,Adventure,Sky,"Apr 23, 2024",0.0
87572e1f,2026-05-18,02:10:13,3679080,THE SEVEN DEADLY SINS: ORIGIN,,3833,Action,Netmarble F&C,"Mar 16, 2026",0.0
346aa6ea,2026-05-18,02:10:13,275850,NO MAN'S SKY,,7582,Action,Hello Games,"Aug 12, 2016",59.99
76e3864e,2026-05-18,02:10:13,291550,BRAWLHALLA,,11312,Action,Blue Mammoth Games,"Oct 17, 2017",0.0
0f5db4bb,2026-05-18,02:10:13,1716740,STARFIELD,,7634,RPG,Bethesda Game Studios,"Sep 5, 2023",49.99
53bf667e,2026-05-18,02:10:13,1623660,MIR4,,11565,Action,Wemade Next,"Aug 25, 2021",0.0
87c6bf8c,2026-05-18,02:10:13,3065800,MARATHON,,10332,Action,Bungie,"Mar 5, 2026",31.99
d74dd359,2026-05-18,02:10:13,1203620,ENSHROUDED,,10794,Action,Keen Games GmbH,"Jan 24, 2024",23.99
65ef83c7,2026-05-18,02:10:13,1364780,STREET FIGHTER™ 6,,9178,Action,"CAPCOM Co., Ltd.","Jun 1, 2023",19.99
7eb1d400,2026-05-18,02:10:13,3357650,PRAGMATA,,4972,Action,"CAPCOM Co., Ltd.","Apr 17, 2026",59.99
ecf0eb5e,2026-05-18,02:10:13,1144200,READY OR NOT,,6918,Action,VOID Interactive,"Dec 13, 2023",24.99
6eda7cc1,2026-05-18,02:10:13,1974050,TORCHLIGHT: INFINITE,,2558,Action,XD,"May 9, 2023",0.0
8a292a57,2026-05-18,02:10:13,629520,SOUNDPAD,,9924,Audio Production,Leppsoft,"Sep 30, 2017",4.99
238bb96a,2026-05-18,02:10:13,2646460,SOULMASK,,5065,Adventure,CampFire Studio,"Apr 9, 2026",29.99
383738a5,2026-05-18,02:10:13,960090,BLOONS TD 6,,9102,Strategy,Ninja Kiwi,"Dec 17, 2018",13.99
c8cc3082,2026-05-18,02:10:13,238960,PATH OF EXILE,,5906,Action,Grinding Gear Games,"23 Oct, 2013",0.0
a40b7a33,2026-05-18,02:10:13,1476970,IDLEON,,9524,Casual,Lavaflame2,"Nov 6, 2025",0.0
3b1122f7,2026-05-18,02:10:13,2252570,FOOTBALL MANAGER 2024,,9474,Simulation,Sports Interactive,"Nov 6, 2023",0.0
b3a8217e,2026-05-18,02:10:13,1203220,NARAKA: BLADEPOINT,,8820,Action,24 Entertainment,"11 Aug, 2021",0.0
5accbe13,2026-05-18,02:10:13,3764200,RESIDENT EVIL REQUIEM,,7363,Action,"CAPCOM Co., Ltd.","Feb 26, 2026",69.99
38faa246,2026-05-18,02:10:13,1085660,DESTINY 2,,10148,Action,Bungie,"Oct 1, 2019",0.0
7f742ac0,2026-05-18,02:10:13,3224770,UMAMUSUME: PRETTY DERBY,,7489,Simulation,"Cygames, Inc.","24 Jun, 2025",0.0
ab0f5b52,2026-05-18,02:10:13,3265700,VAMPIRE CRAWLERS: THE TURBO WILDCARD FROM VAMPIRE SURVIVORS,,4698,Action,poncle,"Apr 21, 2026",9.99
1f7f5415,2026-05-18,02:10:13,2584990,SHADOWVERSE: WORLDS BEYOND,,4247,Casual,"Cygames, Inc.","Jun 14, 2025",0.0
b6cd2729,2026-05-18,02:10:13,306130,THE ELDER SCROLLS® ONLINE,,8966,Action,ZeniMax Online Studios,"May 22, 2017",19.99
8c603b67,2026-05-18,02:10:13,1905180,OBS STUDIO,,11763,Utilities,OBS Project,"Mar 21, 2022",0.0
204a111f,2026-05-18,02:10:13,3513350,WUTHERING WAVES,,11335,Action,KURO GAMES,"Apr 28, 2025",0.0
6ae3f603,2026-05-19,02:09:27,730,COUNTER-STRIKE 2,1,597409,Action,Valve,"21 Aug, 2012",0.0
67c906cc,2026-05-19,02:09:27,570,DOTA 2,2,278326,Action,Valve,"Jul 9, 2013",0.0
42805ba1,2026-05-19,02:09:27,1962700,SUBNAUTICA 2,3,162480,Action,Unknown Worlds Entertainment,"May 14, 2026",29.99
1f9fc21c,2026-05-19,02:09:27,578080,PUBG: BATTLEGROUNDS,4,120094,Action,PUBG Corporation,"21 Dec, 2017",0.0
546ccfcb,2026-05-19,02:09:27,2676230,FIVEM,5,122330,Other,,,0.0
6fd115f8,2026-05-19,02:09:27,3419430,BONGO CAT,6,112517,Casual,Marcel Zurawka,"Mar 5, 2025",0.0
83f59a8f,2026-05-19,02:09:27,2767030,MARVEL RIVALS,7,104639,Action,NetEase Games,"5 Dec, 2024",0.0
7cdc55b0,2026-05-19,02:09:27,2868840,SLAY THE SPIRE 2,8,95530,Indie,Mega Crit,"Mar 5, 2026",24.99
7ccf999a,2026-05-19,02:09:27,1172470,APEX LEGENDS™,9,78007,Action,Respawn,"4 Nov, 2020",0.0
120857cd,2026-05-19,02:09:27,359550,TOM CLANCY'S RAINBOW SIX SIEGE,10,76606,Action,Ubisoft Montreal,"Dec 1, 2015",0.0
099f9ff1,2026-05-19,02:09:27,252490,RUST,11,67646,Action,Facepunch Studios,"Feb 8, 2018",39.99
47ae0f79,2026-05-19,02:09:27,1422450,DEADLOCK,12,0,Action,Valve,To be announced,0.0
d647203e,2026-05-19,02:09:27,1808500,ARC RAIDERS,13,62544,Action,Embark Studios,"30 Oct, 2025",39.99
8e93709d,2026-05-19,02:09:27,2357570,OVERWATCH®,14,58938,Action,"Blizzard Entertainment, Inc.","Aug 10, 2023",0.0
800a98ff,2026-05-19,02:09:27,431960,WALLPAPER ENGINE,15,52079,Casual,Wallpaper Engine Team,"Nov 16, 2018",4.99
ea6ffa3d,2026-05-19,02:09:27,413150,STARDEW VALLEY,16,51330,Indie,ConcernedApe,"Feb 26, 2016",14.99
9f186a05,2026-05-19,02:09:27,230410,WARFRAME,17,49343,Action,Digital Extremes,"25 Mar, 2013",0.0
965f3c20,2026-05-19,02:09:27,2507950,DELTA FORCE,18,46292,Action,Team Jade,"4 Dec, 2024",0.0
84afc0a2,2026-05-19,02:09:27,322170,GEOMETRY DASH,19,45547,Action,RobTop Games,"Dec 22, 2014",4.99
d45d60f9,2026-05-19,02:09:27,3241660,R.E.P.O.,20,46170,Action,semiwork,"Feb 26, 2025",9.99
85f5ce6a,2026-05-19,02:09:27,1086940,BALDUR'S GATE 3,21,46057,Adventure,Larian Studios,"Aug 3, 2023",59.99
26530959,2026-05-19,02:09:27,381210,DEAD BY DAYLIGHT,22,45128,Action,Behaviour Interactive Inc.,"Jun 14, 2016",7.99
c48da005,2026-05-19,02:09:27,440,TEAM FORTRESS 2,23,44840,Action,Valve,"Oct 10, 2007",0.0
b6492b68,2026-05-19,02:09:27,2807960,BATTLEFIELD™ 6,24,42599,Action,Battlefield Studios,"10 Oct, 2025",41.99
028bc7eb,2026-05-19,02:09:27,438100,VRCHAT,25,41298,Adventure,VRChat Inc.,"1 Feb, 2017",0.0
151439a5,2026-05-19,02:09:27,3405690,EA SPORTS FC™ 26,26,36744,Simulation,EA Canada,"25 Sep, 2025",20.99
9a54ba2f,2026-05-19,02:09:27,1938090,CALL OF DUTY®,27,34810,Action,Treyarch,"Oct 27, 2022",0.0
465fdb0c,2026-05-19,02:09:27,3041230,WINDROSE,28,32779,Action,Kraken Express,"Apr 14, 2026",29.99
b4a69a7a,2026-05-19,02:09:27,3321460,CRIMSON DESERT,29,32517,Action,Pearl Abyss,"Mar 19, 2026",69.99
bc1b058f,2026-05-19,02:09:27,1366800,CROSSHAIR X,30,32057,Action,CenterPoint Gaming,"Aug 17, 2020",9.99
48b9fd4d,2026-05-19,02:09:27,236390,WAR THUNDER,31,31030,Action,Gaijin Entertainment,"Aug 15, 2013",0.0
a070cfff,2026-05-19,02:09:27,271590,GRAND THEFT AUTO V LEGACY,32,30747,Action,Rockstar North,"Apr 13, 2015",0.0
ed19f165,2026-05-19,02:09:27,221100,DAYZ,33,30585,Action,Bohemia Interactive,"Dec 13, 2018",49.99
e589042a,2026-05-19,02:09:27,39210,FINAL FANTASY XIV ONLINE,34,29730,Massively Multiplayer,Square Enix,"Feb 18, 2014",19.99
cd3e2bb7,2026-05-19,02:09:27,550,LEFT 4 DEAD 2,35,29209,Action,Valve,"Nov 16, 2009",9.99
24ec8062,2026-05-19,02:09:27,553850,HELLDIVERS™ 2,36,28170,Action,Arrowhead Game Studios,"8 Feb, 2024",39.99
fe74978a,2026-05-19,02:09:27,3240220,GRAND THEFT AUTO V ENHANCED,37,28093,Action,Rockstar North,"Mar 4, 2025",19.79
893009a5,2026-05-19,02:09:27,2344520,DIABLO® IV,38,27748,Action,"Blizzard Entertainment, Inc.","Oct 17, 2023",49.99
c4e2007c,2026-05-19,02:09:27,264710,SUBNAUTICA,39,27524,Adventure,Unknown Worlds Entertainment,"Jan 23, 2018",7.49
f6fa3ead,2026-05-19,02:09:27,1245620,ELDEN RING,40,27188,Action,"FromSoftware, Inc.","Feb 24, 2022",59.99
c593ff6f,2026-05-19,02:09:27,240,COUNTER-STRIKE: SOURCE,41,24156,Action,Valve,"1 Nov, 2004",5.79
302a2e69,2026-05-19,02:09:27,108600,PROJECT ZOMBOID,42,23446,Indie,The Indie Stone,"Nov 8, 2013",19.99
c34d7744,2026-05-19,02:09:27,440900,CONAN EXILES ENHANCED,43,23474,Action,Funcom,"May 8, 2018",29.99
adfd675b,2026-05-19,02:09:27,1973530,LIMBUS COMPANY,44,22963,Other,ProjectMoon,"26 Feb, 2023",0.0
dbfd1ce7,2026-05-19,02:09:27,289070,SID MEIER’S CIVILIZATION® VI,45,22846,Strategy,Firaxis Games,"Oct 21, 2016",59.99
4a1288ee,2026-05-19,02:09:27,489830,THE ELDER SCROLLS V: SKYRIM SPECIAL EDITION,46,22755,RPG,Bethesda Game Studios,"Oct 27, 2016",39.99
688f4897,2026-05-19,02:09:27,1222670,THE SIMS™ 4,47,22518,Adventure,Maxis,"Jun 18, 2020",0.0
59cefd31,2026-05-19,02:09:27,3472040,NBA 2K26,48,22247,Sports,Visual Concepts,"Sep 4, 2025",19.99
2b94c635,2026-05-19,02:09:27,294100,RIMWORLD,49,22231,Indie,Ludeon Studios,"Oct 17, 2018",34.99
e58fdff8,2026-05-19,02:09:27,1174180,RED DEAD REDEMPTION 2,50,21872,Action,Rockstar Games,"Dec 5, 2019",59.99
5999f79a,2026-05-19,02:09:27,218620,PAYDAY 2,51,21603,Action,OVERKILL - a Starbreeze Studio.,"Aug 13, 2013",9.99
ff0d49a1,2026-05-19,02:09:27,394360,HEARTS OF IRON IV,52,21571,Simulation,Paradox Development Studio,"Jun 6, 2016",49.99
e6c005c7,2026-05-19,02:09:27,1091500,CYBERPUNK 2077,53,20656,RPG,CD PROJEKT RED,"Dec 9, 2020",20.99
d261f255,2026-05-19,02:09:27,4465480,COUNTER-STRIKE:GLOBAL OFFENSIVE,54,20475,Action,Valve,"Aug 21, 2012",0.0
719ddf2c,2026-05-19,02:09:27,252950,ROCKET LEAGUE®,55,19936,Action,Psyonix LLC,"Jul 7, 2015",0.0
cac67fc1,2026-05-19,02:09:27,105600,TERRARIA,56,19746,Action,Re-Logic,"May 16, 2011",9.99
87aaeda9,2026-05-19,02:09:27,582660,BLACK DESERT,57,18494,Action,Pearl Abyss,"May 24, 2017",0.99
f609383c,2026-05-19,02:09:27,2399830,ARK: SURVIVAL ASCENDED,58,18244,Action,Studio Wildcard,"Oct 25, 2023",44.99
f1157f90,2026-05-19,02:09:27,1281930,TMODLOADER,59,17027,Action,TML Team,"May 16, 2020",0.0
1d94b54d,2026-05-19,02:09:27,4128580,BIDKING,60,16356,Casual,MindSurge Network & Games,"Apr 15, 2026",2.99
7d37c782,2026-05-19,02:09:27,3892270,GAMBLE WITH YOUR FRIENDS,61,16229,Adventure,SkyBrave,"1 May, 2026",4.95
bdeda68c,2026-05-19,02:09:27,251570,7 DAYS TO DIE,62,15855,Action,The Fun Pimps,"Jul 25, 2024",44.99
970fe34e,2026-05-19,02:09:27,1142710,TOTAL WAR: WARHAMMER III,63,15746,Action,CREATIVE ASSEMBLY,"Feb 17, 2022",59.99
905cb4b8,2026-05-19,02:09:27,250900,THE BINDING OF ISAAC: REBIRTH,64,15672,Action,"Nicalis, Inc.","Nov 4, 2014",14.99
0382c55f,2026-05-19,02:09:27,813780,AGE OF EMPIRES II: DEFINITIVE EDITION,65,15627,Strategy,World's Edge,"Nov 14, 2019",12.24
5737cd87,2026-05-19,02:09:27,4000,GARRY'S MOD,66,15154,Casual,Facepunch Studios,"Nov 29, 2006",4.99
efa58a5e,2026-05-19,02:09:27,3551340,FOOTBALL MANAGER 26,67,15428,Simulation,Sports Interactive,"Nov 4, 2025",59.99
f2a8a452,2026-05-19,02:09:27,3124540,FAR FAR WEST,68,15072,Action,Evil Raptor,"Apr 28, 2026",17.99
4e392d36,2026-05-19,02:09:27,284160,BEAMNG.DRIVE,69,14627,Racing,BeamNG,"May 29, 2015",24.99
e55962d1,2026-05-19,02:09:27,739630,PHASMOPHOBIA,70,14671,Action,Kinetic Games,"Sep 18, 2020",19.99
31348692,2026-05-19,02:09:27,892970,VALHEIM,71,14792,Action,Iron Gate AB,"Feb 2, 2021",9.99
12e8cbd3,2026-05-19,02:09:27,2300320,FARMING SIMULATOR 25,72,14373,Simulation,GIANTS Software,"Nov 12, 2024",29.99
3ea68bcf,2026-05-19,02:09:27,1158310,CRUSADER KINGS III,73,14129,RPG,Paradox Development Studio,"Sep 1, 2020",14.99
6bb1c6af,2026-05-19,02:09:27,3164500,SCHEDULE I,74,13885,Action,TVGS,"Mar 24, 2025",19.99
e218873d,2026-05-19,02:09:27,2073850,THE FINALS,75,13791,Action,Embark Studios,"Dec 7, 2023",0.0
c034a614,2026-05-19,02:09:27,227300,EURO TRUCK SIMULATOR 2,76,13662,Indie,SCS Software,"Oct 12, 2012",19.99
be1ac6ba,2026-05-19,02:09:27,261550,MOUNT & BLADE II: BANNERLORD,77,13301,Action,TaleWorlds Entertainment,"Oct 25, 2022",24.99
311b56c7,2026-05-19,02:09:27,3527290,PEAK,78,13144,Action,Team PEAK,"16 Jun, 2025",7.49
cb3aabe9,2026-05-19,02:09:27,427520,FACTORIO,79,13157,Casual,Wube Software LTD.,"Aug 14, 2020",35.0
c6779a35,2026-05-19,02:09:27,2073620,ARENA BREAKOUT: INFINITE,80,13182,Action,Morefun Studios,"Sep 15, 2025",0.0
d83a2de1,2026-05-19,02:09:27,2622380,ELDEN RING NIGHTREIGN,81,12532,Action,"FromSoftware, Inc.","29 May, 2025",39.99
2f2b97d0,2026-05-19,02:09:27,281990,STELLARIS,82,12728,Simulation,Paradox Development Studio,"May 9, 2016",39.99
80209c92,2026-05-19,02:09:27,322330,DON'T STARVE TOGETHER,83,12659,Action,Klei Entertainment,"Apr 21, 2016",14.99
842896c2,2026-05-19,02:09:27,526870,SATISFACTORY,84,12574,Adventure,Coffee Stain Studios,"Sep 10, 2024",27.99
0d6db15e,2026-05-19,02:09:27,2694490,PATH OF EXILE 2,85,12449,Action,Grinding Gear Games,"Dec 6, 2024",29.99
6c267129,2026-05-19,02:09:27,376210,THE ISLE,86,12494,Action,Afterthought LLC,"Dec 1, 2015",19.99
5f03d65c,2026-05-19,02:09:27,346110,ARK: SURVIVAL EVOLVED,87,12359,Action,Studio Wildcard,"Aug 27, 2017",14.99
06b7bf8c,2026-05-19,02:09:27,1623730,PALWORLD,88,12261,Action,Pocketpair,"Jan 19, 2024",29.99
b8b2a3fe,2026-05-19,02:09:27,1665460,EFOOTBALL™,89,12100,Simulation,KONAMI,"Sep 29, 2021",0.0
07cd15a2,2026-05-19,02:09:27,8930,SID MEIER'S CIVILIZATION® V,90,12046,Strategy,Firaxis Games,"Sep 21, 2010",29.99
9785d85f,2026-05-19,02:09:27,1905180,OBS STUDIO,91,11964,Utilities,OBS Project,"Mar 21, 2022",0.0
9760ebe8,2026-05-19,02:09:27,2707930,PALIA,92,11912,Adventure,Singularity 6 Corporation,"Mar 25, 2024",0.0
bd21f16f,2026-05-19,02:09:27,1623660,MIR4,93,11745,Action,Wemade Next,"Aug 25, 2021",0.0
b274c736,2026-05-19,02:09:27,1449850,YU-GI-OH! MASTER DUEL,94,11220,Simulation,KONAMI,"18 Jan, 2022",0.0
85495ade,2026-05-19,02:09:27,3513350,WUTHERING WAVES,95,11257,Action,KURO GAMES,"Apr 28, 2025",0.0
173002bd,2026-05-19,02:09:27,3564740,WHERE WINDS MEET,96,11316,Action,Everstone Studio,"14 Nov, 2025",0.0
6e9f92e7,2026-05-19,02:09:27,1874880,ARMA REFORGER,97,11329,Action,Bohemia Interactive,"Nov 16, 2023",39.99
6c67e998,2026-05-19,02:09:27,291550,BRAWLHALLA,98,10986,Action,Blue Mammoth Games,"Oct 17, 2017",0.0
b5481a49,2026-05-19,02:09:27,220200,KERBAL SPACE PROGRAM,99,11105,Indie,Squad,"Apr 27, 2015",39.99
8dc74580,2026-05-19,02:09:27,1203220,NARAKA: BLADEPOINT,100,10124,Action,24 Entertainment,"11 Aug, 2021",0.0
32675ae9,2026-05-19,02:09:27,275850,NO MAN'S SKY,,7001,Action,Hello Games,"Aug 12, 2016",59.99
63bb93a5,2026-05-19,02:09:27,3357650,PRAGMATA,,4083,Action,"CAPCOM Co., Ltd.","Apr 17, 2026",59.99
5dde8dad,2026-05-19,02:09:27,377160,FALLOUT 4,,10866,RPG,Bethesda Game Studios,"Nov 9, 2015",19.99
bd4431fb,2026-05-19,02:09:27,2252570,FOOTBALL MANAGER 2024,,9603,Simulation,Sports Interactive,"Nov 6, 2023",0.0
9bdf2c70,2026-05-19,02:09:27,4025700,HEARTOPIA,,10354,Casual,XD,"16 Jan, 2026",0.0
48810267,2026-05-19,02:09:27,629520,SOUNDPAD,,9402,Audio Production,Leppsoft,"Sep 30, 2017",4.99
9fe60828,2026-05-19,02:09:27,3105440,HEROES OF MIGHT AND MAGIC: OLDEN ERA,,8517,RPG,Unfrozen,"Apr 30, 2026",29.99
9dff80fb,2026-05-19,02:09:27,238960,PATH OF EXILE,,5478,Action,Grinding Gear Games,"23 Oct, 2013",0.0
72512a1e,2026-05-19,02:09:27,1144200,READY OR NOT,,6463,Action,VOID Interactive,"Dec 13, 2023",24.99
bf7264a3,2026-05-19,02:09:27,3065800,MARATHON,,10248,Action,Bungie,"Mar 5, 2026",31.99
957d3f14,2026-05-19,02:09:27,2584990,SHADOWVERSE: WORLDS BEYOND,,4000,Casual,"Cygames, Inc.","Jun 14, 2025",0.0
f9bc37fe,2026-05-19,02:09:27,1476970,IDLEON,,9444,Casual,Lavaflame2,"Nov 6, 2025",0.0
b99baf0a,2026-05-19,02:09:27,1085660,DESTINY 2,,9721,Action,Bungie,"Oct 1, 2019",0.0
8a2b3a7f,2026-05-19,02:09:27,1604030,V RISING,,9463,Action,Stunlock Studios,"May 8, 2024",15.74
aca3c10d,2026-05-19,02:09:27,3224770,UMAMUSUME: PRETTY DERBY,,9683,Simulation,"Cygames, Inc.","24 Jun, 2025",0.0
2713d18b,2026-05-19,02:09:27,3265700,VAMPIRE CRAWLERS: THE TURBO WILDCARD FROM VAMPIRE SURVIVORS,,4265,Action,poncle,"Apr 21, 2026",9.99
5e5727e4,2026-05-19,02:09:27,1364780,STREET FIGHTER™ 6,,9506,Action,"CAPCOM Co., Ltd.","Jun 1, 2023",19.99
22e7bf2a,2026-05-19,02:09:27,1716740,STARFIELD,,6786,RPG,Bethesda Game Studios,"Sep 5, 2023",49.99
42e85bf4,2026-05-19,02:09:27,3679080,THE SEVEN DEADLY SINS: ORIGIN,,3760,Action,Netmarble F&C,"Mar 16, 2026",0.0
cdb62d64,2026-05-19,02:09:27,2646460,SOULMASK,,4523,Adventure,CampFire Studio,"Apr 9, 2026",29.99
9d0c3d87,2026-05-19,02:09:27,270880,AMERICAN TRUCK SIMULATOR,,10851,Indie,SCS Software,"Feb 2, 2016",4.99
1a682b40,2026-05-19,02:09:27,3764200,RESIDENT EVIL REQUIEM,,6517,Action,"CAPCOM Co., Ltd.","Feb 26, 2026",69.99
4fd81864,2026-05-19,02:09:27,2479810,GRAY ZONE WARFARE,,6154,Action,"MADFINGER Games, a.s.","Apr 30, 2024",39.99
7f0fdcea,2026-05-19,02:09:27,2119830,MISERY,,4144,Action,Platypus Entertainment,"23 Oct, 2025",8.41
0bb69885,2026-05-19,02:09:27,1974050,TORCHLIGHT: INFINITE,,2373,Action,XD,"May 9, 2023",0.0
1f93ce1a,2026-05-19,02:09:27,306130,THE ELDER SCROLLS® ONLINE,,8828,Action,ZeniMax Online Studios,"May 22, 2017",19.99
59acbb28,2026-05-19,02:09:27,2923300,BANANA,,10021,Adventure,Sky,"Apr 23, 2024",0.0
aa67a3a8,2026-05-19,02:09:27,960090,BLOONS TD 6,,9112,Strategy,Ninja Kiwi,"Dec 17, 2018",13.99
481b9d6c,2026-05-19,02:09:27,594650,HUNT: SHOWDOWN 1896,,7852,Action,Crytek,"Aug 27, 2019",13.49
85b9af47,2026-05-19,02:09:27,304930,UNTURNED,,10480,Action,Smartly Dressed Games,"Jul 7, 2017",0.0
3b818152,2026-05-19,02:09:27,552990,WORLD OF WARSHIPS,,6872,Action,Wargaming Group Limited,"Nov 15, 2017",0.0
4a6986f1,2026-05-19,02:09:27,1203620,ENSHROUDED,,10028,Action,Keen Games GmbH,"Jan 24, 2024",23.99
cbf97d89,2026-05-20,02:07:59,730,COUNTER-STRIKE 2,1,583973,Action,Valve,"21 Aug, 2012",0.0
8381ff78,2026-05-20,02:07:59,570,DOTA 2,2,276655,Action,Valve,"Jul 9, 2013",0.0
a812ab10,2026-05-20,02:07:59,2483190,FORZA HORIZON 6,3,181153,Racing,Playground Games,"18 May, 2026",69.99
9c0a5bd9,2026-05-20,02:07:59,1962700,SUBNAUTICA 2,4,131785,Action,Unknown Worlds Entertainment,"May 14, 2026",29.99
48288391,2026-05-20,02:07:59,2676230,FIVEM,5,120884,Other,,,0.0
b07c91e3,2026-05-20,02:07:59,578080,PUBG: BATTLEGROUNDS,6,113680,Action,PUBG Corporation,"21 Dec, 2017",0.0
934ad8b2,2026-05-20,02:07:59,2767030,MARVEL RIVALS,7,101215,Action,NetEase Games,"5 Dec, 2024",0.0
4e258134,2026-05-20,02:07:59,3419430,BONGO CAT,8,99386,Casual,Marcel Zurawka,"Mar 5, 2025",0.0
2cc5ab73,2026-05-20,02:07:59,2868840,SLAY THE SPIRE 2,9,91261,Indie,Mega Crit,"Mar 5, 2026",24.99
03ac8614,2026-05-20,02:07:59,1172470,APEX LEGENDS™,10,77233,Action,Respawn,"4 Nov, 2020",0.0
9bcee4ed,2026-05-20,02:07:59,359550,TOM CLANCY'S RAINBOW SIX SIEGE,11,74643,Action,Ubisoft Montreal,"Dec 1, 2015",0.0
232d5ce1,2026-05-20,02:07:59,1808500,ARC RAIDERS,12,69247,Action,Embark Studios,"30 Oct, 2025",39.99
31b9c7ac,2026-05-20,02:07:59,252490,RUST,13,64065,Action,Facepunch Studios,"Feb 8, 2018",39.99
5ba7f002,2026-05-20,02:07:59,1422450,DEADLOCK,14,0,Action,Valve,To be announced,0.0
ff019771,2026-05-20,02:07:59,2357570,OVERWATCH®,15,61902,Action,"Blizzard Entertainment, Inc.","Aug 10, 2023",0.0
731934de,2026-05-20,02:07:59,431960,WALLPAPER ENGINE,16,52273,Casual,Wallpaper Engine Team,"Nov 16, 2018",4.99
0804e70a,2026-05-20,02:07:59,413150,STARDEW VALLEY,17,50608,Indie,ConcernedApe,"Feb 26, 2016",14.99
d65f941d,2026-05-20,02:07:59,322170,GEOMETRY DASH,18,47138,Action,RobTop Games,"Dec 22, 2014",4.99
f71d1ccb,2026-05-20,02:07:59,230410,WARFRAME,19,47424,Action,Digital Extremes,"25 Mar, 2013",0.0
7fe90f25,2026-05-20,02:07:59,440,TEAM FORTRESS 2,20,47013,Action,Valve,"Oct 10, 2007",0.0
3cf9af0a,2026-05-20,02:07:59,2507950,DELTA FORCE,21,45796,Action,Team Jade,"4 Dec, 2024",0.0
2cc2000b,2026-05-20,02:07:59,1086940,BALDUR'S GATE 3,22,44388,Adventure,Larian Studios,"Aug 3, 2023",59.99
56befdab,2026-05-20,02:07:59,552990,WORLD OF WARSHIPS,23,42771,Action,Wargaming Group Limited,"Nov 15, 2017",0.0
2e443378,2026-05-20,02:07:59,3241660,R.E.P.O.,24,43991,Action,semiwork,"Feb 26, 2025",9.99
696682b0,2026-05-20,02:07:59,2807960,BATTLEFIELD™ 6,25,41475,Action,Battlefield Studios,"10 Oct, 2025",41.99
cdf0cc11,2026-05-20,02:07:59,381210,DEAD BY DAYLIGHT,26,39106,Action,Behaviour Interactive Inc.,"Jun 14, 2016",7.99
f90129ec,2026-05-20,02:07:59,438100,VRCHAT,27,37404,Adventure,VRChat Inc.,"1 Feb, 2017",0.0
93024beb,2026-05-20,02:07:59,3405690,EA SPORTS FC™ 26,28,33887,Simulation,EA Canada,"25 Sep, 2025",20.99
e0e9cb3e,2026-05-20,02:07:59,1938090,CALL OF DUTY®,29,33218,Action,Treyarch,"Oct 27, 2022",0.0
9aaff2e7,2026-05-20,02:07:59,1366800,CROSSHAIR X,30,32860,Action,CenterPoint Gaming,"Aug 17, 2020",9.99
9ec1de4f,2026-05-20,02:07:59,39210,FINAL FANTASY XIV ONLINE,31,30294,Massively Multiplayer,Square Enix,"Feb 18, 2014",19.99
601009ab,2026-05-20,02:07:59,236390,WAR THUNDER,32,30379,Action,Gaijin Entertainment,"Aug 15, 2013",0.0
e295a35e,2026-05-20,02:07:59,3321460,CRIMSON DESERT,33,30003,Action,Pearl Abyss,"Mar 19, 2026",69.99
7197a506,2026-05-20,02:07:59,3041230,WINDROSE,34,29973,Action,Kraken Express,"Apr 14, 2026",29.99
f115cb3f,2026-05-20,02:07:59,271590,GRAND THEFT AUTO V LEGACY,35,29759,Action,Rockstar North,"Apr 13, 2015",0.0
2f43040d,2026-05-20,02:07:59,221100,DAYZ,36,29332,Action,Bohemia Interactive,"Dec 13, 2018",49.99
53f934e7,2026-05-20,02:07:59,550,LEFT 4 DEAD 2,37,28814,Action,Valve,"Nov 16, 2009",9.99
8ff634ae,2026-05-20,02:07:59,264710,SUBNAUTICA,38,27589,Adventure,Unknown Worlds Entertainment,"Jan 23, 2018",7.49
5cbcfaf4,2026-05-20,02:07:59,3240220,GRAND THEFT AUTO V ENHANCED,39,26943,Action,Rockstar North,"Mar 4, 2025",19.79
f4c98a69,2026-05-20,02:07:59,553850,HELLDIVERS™ 2,40,26735,Action,Arrowhead Game Studios,"8 Feb, 2024",39.99
3d8e4ab3,2026-05-20,02:07:59,2344520,DIABLO® IV,41,26499,Action,"Blizzard Entertainment, Inc.","Oct 17, 2023",49.99
f7733713,2026-05-20,02:07:59,1245620,ELDEN RING,42,26301,Action,"FromSoftware, Inc.","Feb 24, 2022",59.99
9f8d4bd2,2026-05-20,02:07:59,3472040,NBA 2K26,43,23322,Sports,Visual Concepts,"Sep 4, 2025",19.99
2eb6cb1e,2026-05-20,02:07:59,1973530,LIMBUS COMPANY,44,22817,Other,ProjectMoon,"26 Feb, 2023",0.0
542690e4,2026-05-20,02:07:59,108600,PROJECT ZOMBOID,45,22554,Indie,The Indie Stone,"Nov 8, 2013",19.99
e6712166,2026-05-20,02:07:59,289070,SID MEIER’S CIVILIZATION® VI,46,22436,Strategy,Firaxis Games,"Oct 21, 2016",59.99
1eb89f3a,2026-05-20,02:07:59,489830,THE ELDER SCROLLS V: SKYRIM SPECIAL EDITION,47,22358,RPG,Bethesda Game Studios,"Oct 27, 2016",39.99
0bd76a20,2026-05-20,02:07:59,1222670,THE SIMS™ 4,48,22153,Adventure,Maxis,"Jun 18, 2020",0.0
92a644d9,2026-05-20,02:07:59,1174180,RED DEAD REDEMPTION 2,49,21769,Action,Rockstar Games,"Dec 5, 2019",59.99
47bf60dd,2026-05-20,02:07:59,294100,RIMWORLD,50,21761,Indie,Ludeon Studios,"Oct 17, 2018",34.99
972065bf,2026-05-20,02:07:59,105600,TERRARIA,51,20996,Action,Re-Logic,"May 16, 2011",9.99
1ed23fb5,2026-05-20,02:07:59,440900,CONAN EXILES ENHANCED,52,20814,Action,Funcom,"May 8, 2018",29.99
a0b47659,2026-05-20,02:07:59,394360,HEARTS OF IRON IV,53,20841,Simulation,Paradox Development Studio,"Jun 6, 2016",49.99
d22002e9,2026-05-20,02:07:59,2215200,LEGO® BATMAN™: LEGACY OF THE DARK KNIGHT,54,0,Action,TT Games,"22 May, 2026",28999.0
da7d7200,2026-05-20,02:07:59,1091500,CYBERPUNK 2077,55,19943,RPG,CD PROJEKT RED,"Dec 9, 2020",20.99
0f37fb4b,2026-05-20,02:07:59,252950,ROCKET LEAGUE®,56,19224,Action,Psyonix LLC,"Jul 7, 2015",0.0
633d9dd9,2026-05-20,02:07:59,218620,PAYDAY 2,57,18786,Action,OVERKILL - a Starbreeze Studio.,"Aug 13, 2013",9.99
020a96c0,2026-05-20,02:07:59,2399830,ARK: SURVIVAL ASCENDED,58,18166,Action,Studio Wildcard,"Oct 25, 2023",44.99
2df9c2dd,2026-05-20,02:07:59,582660,BLACK DESERT,59,17944,Action,Pearl Abyss,"May 24, 2017",0.99
70f3634e,2026-05-20,02:07:59,250900,THE BINDING OF ISAAC: REBIRTH,60,15521,Action,"Nicalis, Inc.","Nov 4, 2014",14.99
0c862adb,2026-05-20,02:07:59,1281930,TMODLOADER,61,15333,Action,TML Team,"May 16, 2020",0.0
56bb5bd4,2026-05-20,02:07:59,4128580,BIDKING,62,14690,Casual,MindSurge Network & Games,"Apr 15, 2026",2.99
61503f97,2026-05-20,02:07:59,1142710,TOTAL WAR: WARHAMMER III,63,15117,Action,CREATIVE ASSEMBLY,"Feb 17, 2022",59.99
93472e66,2026-05-20,02:07:59,251570,7 DAYS TO DIE,64,15146,Action,The Fun Pimps,"Jul 25, 2024",44.99
3b291a0a,2026-05-20,02:07:59,3551340,FOOTBALL MANAGER 26,65,15052,Simulation,Sports Interactive,"Nov 4, 2025",59.99
813f5828,2026-05-20,02:07:59,813780,AGE OF EMPIRES II: DEFINITIVE EDITION,66,14981,Strategy,World's Edge,"Nov 14, 2019",12.24
0dd3426c,2026-05-20,02:07:59,4000,GARRY'S MOD,67,14953,Casual,Facepunch Studios,"Nov 29, 2006",4.99
1232b2a2,2026-05-20,02:07:59,3892270,GAMBLE WITH YOUR FRIENDS,68,14506,Adventure,SkyBrave,"1 May, 2026",4.95
4720a465,2026-05-20,02:07:59,240,COUNTER-STRIKE: SOURCE,69,10787,Action,Valve,"1 Nov, 2004",5.79
5278ef9e,2026-05-20,02:07:59,284160,BEAMNG.DRIVE,70,13948,Racing,BeamNG,"May 29, 2015",24.99
ea936f54,2026-05-20,02:07:59,739630,PHASMOPHOBIA,71,14241,Action,Kinetic Games,"Sep 18, 2020",19.99
a9ba7fb1,2026-05-20,02:07:59,892970,VALHEIM,72,14025,Action,Iron Gate AB,"Feb 2, 2021",9.99
ae07df2a,2026-05-20,02:07:59,1158310,CRUSADER KINGS III,73,14020,RPG,Paradox Development Studio,"Sep 1, 2020",14.99
d17e99de,2026-05-20,02:07:59,2073620,ARENA BREAKOUT: INFINITE,74,13625,Action,Morefun Studios,"Sep 15, 2025",0.0
1ee02d62,2026-05-20,02:07:59,2300320,FARMING SIMULATOR 25,75,13431,Simulation,GIANTS Software,"Nov 12, 2024",29.99
2498b274,2026-05-20,02:07:59,3164500,SCHEDULE I,76,13306,Action,TVGS,"Mar 24, 2025",19.99
81ea45c5,2026-05-20,02:07:59,3124540,FAR FAR WEST,77,13194,Action,Evil Raptor,"Apr 28, 2026",17.99
769aaaf5,2026-05-20,02:07:59,2073850,THE FINALS,78,13133,Action,Embark Studios,"Dec 7, 2023",0.0
3761c726,2026-05-20,02:07:59,227300,EURO TRUCK SIMULATOR 2,79,12750,Indie,SCS Software,"Oct 12, 2012",19.99
fe51a59c,2026-05-20,02:07:59,261550,MOUNT & BLADE II: BANNERLORD,80,12917,Action,TaleWorlds Entertainment,"Oct 25, 2022",24.99
3fd5128b,2026-05-20,02:07:59,3527290,PEAK,81,12858,Action,Team PEAK,"16 Jun, 2025",7.49
9259e3ca,2026-05-20,02:07:59,1295660,SID MEIER'S CIVILIZATION VII,82,12668,Simulation,Firaxis Games,"Feb 10, 2025",41.99
67a5d19a,2026-05-20,02:07:59,427520,FACTORIO,83,12545,Casual,Wube Software LTD.,"Aug 14, 2020",35.0
80b0c450,2026-05-20,02:07:59,2622380,ELDEN RING NIGHTREIGN,84,12285,Action,"FromSoftware, Inc.","29 May, 2025",39.99
8eec9520,2026-05-20,02:07:59,322330,DON'T STARVE TOGETHER,85,11870,Action,Klei Entertainment,"Apr 21, 2016",14.99
d12ee14d,2026-05-20,02:07:59,376210,THE ISLE,86,12291,Action,Afterthought LLC,"Dec 1, 2015",19.99
9ab13554,2026-05-20,02:07:59,346110,ARK: SURVIVAL EVOLVED,87,12081,Action,Studio Wildcard,"Aug 27, 2017",14.99
1fddf812,2026-05-20,02:07:59,526870,SATISFACTORY,88,11882,Adventure,Coffee Stain Studios,"Sep 10, 2024",27.99
19ea0d77,2026-05-20,02:07:59,1905180,OBS STUDIO,89,12017,Utilities,OBS Project,"Mar 21, 2022",0.0
5b5f8be8,2026-05-20,02:07:59,281990,STELLARIS,90,12001,Simulation,Paradox Development Studio,"May 9, 2016",39.99
a1a4878c,2026-05-20,02:07:59,3065800,MARATHON,91,11939,Action,Bungie,"Mar 5, 2026",31.99
28797781,2026-05-20,02:07:59,8930,SID MEIER'S CIVILIZATION® V,92,11929,Strategy,Firaxis Games,"Sep 21, 2010",29.99
5b8fcf10,2026-05-20,02:07:59,3513350,WUTHERING WAVES,93,11859,Action,KURO GAMES,"Apr 28, 2025",0.0
e5a1a73d,2026-05-20,02:07:59,1623730,PALWORLD,94,11881,Action,Pocketpair,"Jan 19, 2024",29.99
1b395b29,2026-05-20,02:07:59,1623660,MIR4,95,11800,Action,Wemade Next,"Aug 25, 2021",0.0
03540f10,2026-05-20,02:07:59,2694490,PATH OF EXILE 2,96,11780,Action,Grinding Gear Games,"Dec 6, 2024",29.99
0cb5158b,2026-05-20,02:07:59,1449850,YU-GI-OH! MASTER DUEL,97,11653,Simulation,KONAMI,"18 Jan, 2022",0.0
fefaf365,2026-05-20,02:07:59,1665460,EFOOTBALL™,98,11110,Simulation,KONAMI,"Sep 29, 2021",0.0
354eea72,2026-05-20,02:07:59,3564740,WHERE WINDS MEET,99,11126,Action,Everstone Studio,"14 Nov, 2025",0.0
f3f5d892,2026-05-20,02:07:59,2707930,PALIA,100,11157,Adventure,Singularity 6 Corporation,"Mar 25, 2024",0.0
ae6f11df,2026-05-20,02:07:59,3764200,RESIDENT EVIL REQUIEM,,5962,Action,"CAPCOM Co., Ltd.","Feb 26, 2026",69.99
1b16c73a,2026-05-20,02:07:59,2923300,BANANA,,9363,Adventure,Sky,"Apr 23, 2024",0.0
a1a11039,2026-05-20,02:07:59,1144200,READY OR NOT,,6004,Action,VOID Interactive,"Dec 13, 2023",24.99
9af058b3,2026-05-20,02:07:59,1364780,STREET FIGHTER™ 6,,9473,Action,"CAPCOM Co., Ltd.","Jun 1, 2023",19.99
a38baae6,2026-05-20,02:07:59,629520,SOUNDPAD,,9511,Audio Production,Leppsoft,"Sep 30, 2017",4.99
df3431c1,2026-05-20,02:07:59,1716740,STARFIELD,,6256,RPG,Bethesda Game Studios,"Sep 5, 2023",49.99
18b98725,2026-05-20,02:07:59,1476970,IDLEON,,9450,Casual,Lavaflame2,"Nov 6, 2025",0.0
3cceba80,2026-05-20,02:07:59,4465480,COUNTER-STRIKE:GLOBAL OFFENSIVE,,9309,Action,Valve,"Aug 21, 2012",0.0
d9cba381,2026-05-20,02:07:59,3357650,PRAGMATA,,3682,Action,"CAPCOM Co., Ltd.","Apr 17, 2026",59.99
ef24e979,2026-05-20,02:07:59,1604030,V RISING,,9174,Action,Stunlock Studios,"May 8, 2024",15.74
4842fac6,2026-05-20,02:07:59,304930,UNTURNED,,10168,Action,Smartly Dressed Games,"Jul 7, 2017",0.0
5f475c1d,2026-05-20,02:07:59,3105440,HEROES OF MIGHT AND MAGIC: OLDEN ERA,,7888,RPG,Unfrozen,"Apr 30, 2026",29.99
c8dc0a80,2026-05-20,02:07:59,2584990,SHADOWVERSE: WORLDS BEYOND,,4050,Casual,"Cygames, Inc.","Jun 14, 2025",0.0
c1077a3e,2026-05-20,02:07:59,238960,PATH OF EXILE,,5312,Action,Grinding Gear Games,"23 Oct, 2013",0.0
42d1d4f7,2026-05-20,02:07:59,3265700,VAMPIRE CRAWLERS: THE TURBO WILDCARD FROM VAMPIRE SURVIVORS,,3837,Action,poncle,"Apr 21, 2026",9.99
a9017ab0,2026-05-20,02:07:59,2646460,SOULMASK,,4332,Adventure,CampFire Studio,"Apr 9, 2026",29.99
ff4dbc61,2026-05-20,02:07:59,270880,AMERICAN TRUCK SIMULATOR,,9793,Indie,SCS Software,"Feb 2, 2016",4.99
2a55e57b,2026-05-20,02:07:59,275850,NO MAN'S SKY,,6711,Action,Hello Games,"Aug 12, 2016",59.99
0dbde9ce,2026-05-20,02:07:59,3679080,THE SEVEN DEADLY SINS: ORIGIN,,3316,Action,Netmarble F&C,"Mar 16, 2026",0.0
51d25dc7,2026-05-20,02:07:59,1085660,DESTINY 2,,9661,Action,Bungie,"Oct 1, 2019",0.0
be78bb83,2026-05-20,02:07:59,220200,KERBAL SPACE PROGRAM,,9988,Indie,Squad,"Apr 27, 2015",39.99
67ae3767,2026-05-20,02:07:59,1974050,TORCHLIGHT: INFINITE,,2191,Action,XD,"May 9, 2023",0.0
338bf10b,2026-05-20,02:07:59,4025700,HEARTOPIA,,10640,Casual,XD,"16 Jan, 2026",0.0
0e076175,2026-05-20,02:07:59,306130,THE ELDER SCROLLS® ONLINE,,8600,Action,ZeniMax Online Studios,"May 22, 2017",19.99
173abc8c,2026-05-20,02:07:59,960090,BLOONS TD 6,,8407,Strategy,Ninja Kiwi,"Dec 17, 2018",13.99
552e5460,2026-05-20,02:07:59,1203620,ENSHROUDED,,9279,Action,Keen Games GmbH,"Jan 24, 2024",23.99
1eea6a9c,2026-05-20,02:07:59,377160,FALLOUT 4,,10636,RPG,Bethesda Game Studios,"Nov 9, 2015",19.99
041513a7,2026-05-20,02:07:59,1203220,NARAKA: BLADEPOINT,,1154,Action,24 Entertainment,"11 Aug, 2021",0.0
7d060d13,2026-05-20,02:07:59,1874880,ARMA REFORGER,,11021,Action,Bohemia Interactive,"Nov 16, 2023",39.99
8aa61005,2026-05-20,02:07:59,2479810,GRAY ZONE WARFARE,,5771,Action,"MADFINGER Games, a.s.","Apr 30, 2024",39.99
2153f52e,2026-05-20,02:07:59,594650,HUNT: SHOWDOWN 1896,,7586,Action,Crytek,"Aug 27, 2019",13.49
a14f8cc8,2026-05-20,02:07:59,291550,BRAWLHALLA,,10749,Action,Blue Mammoth Games,"Oct 17, 2017",0.0
27782716,2026-05-20,02:07:59,3224770,UMAMUSUME: PRETTY DERBY,,9410,Simulation,"Cygames, Inc.","24 Jun, 2025",0.0
0d9529ac,2026-05-20,02:07:59,2119830,MISERY,,3688,Action,Platypus Entertainment,"23 Oct, 2025",8.41
0df5670c,2026-05-20,02:07:59,2252570,FOOTBALL MANAGER 2024,,9609,Simulation,Sports Interactive,"Nov 6, 2023",0.0
6cf906ba,2026-05-21,02:07:11,730,COUNTER-STRIKE 2,1,587642,Action,Valve,"21 Aug, 2012",0.0
549a836e,2026-05-21,02:07:11,570,DOTA 2,2,265509,Action,Valve,"Jul 9, 2013",0.0
d1d2fb08,2026-05-21,02:07:11,2483190,FORZA HORIZON 6,3,186797,Racing,Playground Games,"18 May, 2026",69.99
59386550,2026-05-21,02:07:11,2676230,FIVEM,4,123148,Other,,,0.0
8675d4e7,2026-05-21,02:07:11,578080,PUBG: BATTLEGROUNDS,5,115991,Action,PUBG Corporation,"21 Dec, 2017",0.0
85f18b7b,2026-05-21,02:07:11,3419430,BONGO CAT,6,115201,Casual,Marcel Zurawka,"Mar 5, 2025",0.0
11f66b73,2026-05-21,02:07:11,1962700,SUBNAUTICA 2,7,115053,Action,Unknown Worlds Entertainment,"May 14, 2026",29.99
be1889ee,2026-05-21,02:07:11,2767030,MARVEL RIVALS,8,98749,Action,NetEase Games,"5 Dec, 2024",0.0
50e48a1e,2026-05-21,02:07:11,2868840,SLAY THE SPIRE 2,9,90243,Indie,Mega Crit,"Mar 5, 2026",24.99
c54f10f2,2026-05-21,02:07:11,1172470,APEX LEGENDS™,10,75399,Action,Respawn,"4 Nov, 2020",0.0
686abdd6,2026-05-21,02:07:11,359550,TOM CLANCY'S RAINBOW SIX SIEGE,11,72534,Action,Ubisoft Montreal,"Dec 1, 2015",0.0
6746be2f,2026-05-21,02:07:11,1808500,ARC RAIDERS,12,65345,Action,Embark Studios,"30 Oct, 2025",39.99
8b7df4e1,2026-05-21,02:07:11,1422450,DEADLOCK,13,0,Action,Valve,To be announced,0.0
4f2807b0,2026-05-21,02:07:11,252490,RUST,14,60304,Action,Facepunch Studios,"Feb 8, 2018",39.99
7e541c9e,2026-05-21,02:07:11,2357570,OVERWATCH®,15,58591,Action,"Blizzard Entertainment, Inc.","Aug 10, 2023",0.0
31c57e9a,2026-05-21,02:07:11,431960,WALLPAPER ENGINE,16,51735,Casual,Wallpaper Engine Team,"Nov 16, 2018",4.99
00239a31,2026-05-21,02:07:11,413150,STARDEW VALLEY,17,50274,Indie,ConcernedApe,"Feb 26, 2016",14.99
c1e0e99b,2026-05-21,02:07:11,322170,GEOMETRY DASH,18,47517,Action,RobTop Games,"Dec 22, 2014",4.99
862e7aad,2026-05-21,02:07:11,230410,WARFRAME,19,46297,Action,Digital Extremes,"25 Mar, 2013",0.0
43fef44b,2026-05-21,02:07:11,1086940,BALDUR'S GATE 3,20,43526,Adventure,Larian Studios,"Aug 3, 2023",59.99
e95e0073,2026-05-21,02:07:11,3241660,R.E.P.O.,21,43186,Action,semiwork,"Feb 26, 2025",9.99
61d01672,2026-05-21,02:07:11,2507950,DELTA FORCE,22,41413,Action,Team Jade,"4 Dec, 2024",0.0
21282c9d,2026-05-21,02:07:11,438100,VRCHAT,23,39566,Adventure,VRChat Inc.,"1 Feb, 2017",0.0
b6994c0a,2026-05-21,02:07:11,2807960,BATTLEFIELD™ 6,24,38696,Action,Battlefield Studios,"10 Oct, 2025",41.99
c2c60e7f,2026-05-21,02:07:11,381210,DEAD BY DAYLIGHT,25,38175,Action,Behaviour Interactive Inc.,"Jun 14, 2016",7.99
3a0300f5,2026-05-21,02:07:11,440,TEAM FORTRESS 2,26,34008,Action,Valve,"Oct 10, 2007",0.0
797702c3,2026-05-21,02:07:11,3405690,EA SPORTS FC™ 26,27,33695,Simulation,EA Canada,"25 Sep, 2025",20.99
44269eea,2026-05-21,02:07:11,1938090,CALL OF DUTY®,28,32792,Action,Treyarch,"Oct 27, 2022",0.0
73d3a33f,2026-05-21,02:07:11,1366800,CROSSHAIR X,29,31787,Action,CenterPoint Gaming,"Aug 17, 2020",9.99
ecaddcb8,2026-05-21,02:07:11,271590,GRAND THEFT AUTO V LEGACY,30,30316,Action,Rockstar North,"Apr 13, 2015",0.0
14af12b8,2026-05-21,02:07:11,236390,WAR THUNDER,31,30206,Action,Gaijin Entertainment,"Aug 15, 2013",0.0
916e64fd,2026-05-21,02:07:11,550,LEFT 4 DEAD 2,32,29410,Action,Valve,"Nov 16, 2009",9.99
a3f1131a,2026-05-21,02:07:11,39210,FINAL FANTASY XIV ONLINE,33,29385,Massively Multiplayer,Square Enix,"Feb 18, 2014",19.99
2ec719d4,2026-05-21,02:07:11,221100,DAYZ,34,28655,Action,Bohemia Interactive,"Dec 13, 2018",49.99
078af27f,2026-05-21,02:07:11,553850,HELLDIVERS™ 2,35,28472,Action,Arrowhead Game Studios,"8 Feb, 2024",39.99
5542a8e0,2026-05-21,02:07:11,3321460,CRIMSON DESERT,36,28354,Action,Pearl Abyss,"Mar 19, 2026",69.99
8684b6aa,2026-05-21,02:07:11,3041230,WINDROSE,37,28026,Action,Kraken Express,"Apr 14, 2026",29.99
a06aeace,2026-05-21,02:07:11,264710,SUBNAUTICA,38,27719,Adventure,Unknown Worlds Entertainment,"Jan 23, 2018",7.49
ac754c53,2026-05-21,02:07:11,3240220,GRAND THEFT AUTO V ENHANCED,39,26865,Action,Rockstar North,"Mar 4, 2025",19.79
acc762c9,2026-05-21,02:07:11,1245620,ELDEN RING,40,26350,Action,"FromSoftware, Inc.","Feb 24, 2022",59.99
c6551604,2026-05-21,02:07:11,2344520,DIABLO® IV,41,24623,Action,"Blizzard Entertainment, Inc.","Oct 17, 2023",49.99
3a65126c,2026-05-21,02:07:11,240,COUNTER-STRIKE: SOURCE,42,21387,Action,Valve,"1 Nov, 2004",5.79
c581acaa,2026-05-21,02:07:11,3472040,NBA 2K26,43,22934,Sports,Visual Concepts,"Sep 4, 2025",19.99
905e5b16,2026-05-21,02:07:11,108600,PROJECT ZOMBOID,44,22409,Indie,The Indie Stone,"Nov 8, 2013",19.99
531575ab,2026-05-21,02:07:11,1222670,THE SIMS™ 4,45,21751,Adventure,Maxis,"Jun 18, 2020",0.0
81278a7a,2026-05-21,02:07:11,489830,THE ELDER SCROLLS V: SKYRIM SPECIAL EDITION,46,21696,RPG,Bethesda Game Studios,"Oct 27, 2016",39.99
1f012bdf,2026-05-21,02:07:11,289070,SID MEIER’S CIVILIZATION® VI,47,21568,Strategy,Firaxis Games,"Oct 21, 2016",59.99
2f5e9950,2026-05-21,02:07:11,294100,RIMWORLD,48,21498,Indie,Ludeon Studios,"Oct 17, 2018",34.99
c046930f,2026-05-21,02:07:11,394360,HEARTS OF IRON IV,49,21470,Simulation,Paradox Development Studio,"Jun 6, 2016",49.99
8b434228,2026-05-21,02:07:11,1174180,RED DEAD REDEMPTION 2,50,21193,Action,Rockstar Games,"Dec 5, 2019",59.99
898e9663,2026-05-21,02:07:11,440900,CONAN EXILES ENHANCED,51,21195,Action,Funcom,"May 8, 2018",29.99
b7c46e0d,2026-05-21,02:07:11,2605790,DEEP ROCK GALACTIC: ROGUE CORE,52,21074,Action,Ghost Ship Games,"20 May, 2026",29.99
393914c8,2026-05-21,02:07:11,4465480,COUNTER-STRIKE:GLOBAL OFFENSIVE,53,21032,Action,Valve,"Aug 21, 2012",0.0
cb975d0f,2026-05-21,02:07:11,218620,PAYDAY 2,54,19619,Action,OVERKILL - a Starbreeze Studio.,"Aug 13, 2013",9.99
c337f342,2026-05-21,02:07:11,105600,TERRARIA,55,19806,Action,Re-Logic,"May 16, 2011",9.99
a01307e5,2026-05-21,02:07:11,252950,ROCKET LEAGUE®,56,19866,Action,Psyonix LLC,"Jul 7, 2015",0.0
e7ccaa93,2026-05-21,02:07:11,1091500,CYBERPUNK 2077,57,19294,RPG,CD PROJEKT RED,"Dec 9, 2020",20.99
b0384dc8,2026-05-21,02:07:11,2399830,ARK: SURVIVAL ASCENDED,58,18018,Action,Studio Wildcard,"Oct 25, 2023",44.99
d4ba2ac8,2026-05-21,02:07:11,2215200,LEGO® BATMAN™: LEGACY OF THE DARK KNIGHT,59,0,Action,TT Games,"22 May, 2026",28999.0
f6b52217,2026-05-21,02:07:11,582660,BLACK DESERT,60,16377,Action,Pearl Abyss,"May 24, 2017",0.99
e66d3740,2026-05-21,02:07:11,1281930,TMODLOADER,61,16168,Action,TML Team,"May 16, 2020",0.0
d4200362,2026-05-21,02:07:11,250900,THE BINDING OF ISAAC: REBIRTH,62,15434,Action,"Nicalis, Inc.","Nov 4, 2014",14.99
3a65b3b4,2026-05-21,02:07:11,3551340,FOOTBALL MANAGER 26,63,15343,Simulation,Sports Interactive,"Nov 4, 2025",59.99
0a54eff3,2026-05-21,02:07:11,4000,GARRY'S MOD,64,15266,Casual,Facepunch Studios,"Nov 29, 2006",4.99
19f089d6,2026-05-21,02:07:11,251570,7 DAYS TO DIE,65,15029,Action,The Fun Pimps,"Jul 25, 2024",44.99
8f1a7288,2026-05-21,02:07:11,813780,AGE OF EMPIRES II: DEFINITIVE EDITION,66,14642,Strategy,World's Edge,"Nov 14, 2019",12.24
4525f2aa,2026-05-21,02:07:11,1142710,TOTAL WAR: WARHAMMER III,67,14636,Action,CREATIVE ASSEMBLY,"Feb 17, 2022",59.99
114df3c5,2026-05-21,02:07:11,3513350,WUTHERING WAVES,68,13047,Action,KURO GAMES,"Apr 28, 2025",0.0
d95094e7,2026-05-21,02:07:11,284160,BEAMNG.DRIVE,69,14358,Racing,BeamNG,"May 29, 2015",24.99
c666c466,2026-05-21,02:07:11,1158310,CRUSADER KINGS III,70,13854,RPG,Paradox Development Studio,"Sep 1, 2020",14.99
5936e50b,2026-05-21,02:07:11,892970,VALHEIM,71,13455,Action,Iron Gate AB,"Feb 2, 2021",9.99
25820ed0,2026-05-21,02:07:11,2300320,FARMING SIMULATOR 25,72,13433,Simulation,GIANTS Software,"Nov 12, 2024",29.99
eb165009,2026-05-21,02:07:11,739630,PHASMOPHOBIA,73,13400,Action,Kinetic Games,"Sep 18, 2020",19.99
3064447a,2026-05-21,02:07:11,3892270,GAMBLE WITH YOUR FRIENDS,74,13173,Adventure,SkyBrave,"1 May, 2026",4.95
d691a022,2026-05-21,02:07:11,3527290,PEAK,75,13067,Action,Team PEAK,"16 Jun, 2025",7.49
575ebbbd,2026-05-21,02:07:11,2073620,ARENA BREAKOUT: INFINITE,76,12892,Action,Morefun Studios,"Sep 15, 2025",0.0
f441778b,2026-05-21,02:07:11,291550,BRAWLHALLA,77,12991,Action,Blue Mammoth Games,"Oct 17, 2017",0.0
750d8cf0,2026-05-21,02:07:11,2073850,THE FINALS,78,12903,Action,Embark Studios,"Dec 7, 2023",0.0
5fbaae05,2026-05-21,02:07:11,227300,EURO TRUCK SIMULATOR 2,79,12534,Indie,SCS Software,"Oct 12, 2012",19.99
340bdae0,2026-05-21,02:07:11,3164500,SCHEDULE I,80,12722,Action,TVGS,"Mar 24, 2025",19.99
42ac47cc,2026-05-21,02:07:11,261550,MOUNT & BLADE II: BANNERLORD,81,12583,Action,TaleWorlds Entertainment,"Oct 25, 2022",24.99
5e28f51d,2026-05-21,02:07:11,4128580,BIDKING,82,12583,Casual,MindSurge Network & Games,"Apr 15, 2026",2.99
a5f493f9,2026-05-21,02:07:11,427520,FACTORIO,83,12525,Casual,Wube Software LTD.,"Aug 14, 2020",35.0
49fa185b,2026-05-21,02:07:11,2622380,ELDEN RING NIGHTREIGN,84,12262,Action,"FromSoftware, Inc.","29 May, 2025",39.99
c4877158,2026-05-21,02:07:11,1295660,SID MEIER'S CIVILIZATION VII,85,12425,Simulation,Firaxis Games,"Feb 10, 2025",41.99
624cf326,2026-05-21,02:07:11,322330,DON'T STARVE TOGETHER,86,11879,Action,Klei Entertainment,"Apr 21, 2016",14.99
0d6af9a7,2026-05-21,02:07:11,346110,ARK: SURVIVAL EVOLVED,87,12336,Action,Studio Wildcard,"Aug 27, 2017",14.99
5d2c9494,2026-05-21,02:07:11,1203220,NARAKA: BLADEPOINT,88,12282,Action,24 Entertainment,"11 Aug, 2021",0.0
5ceab0ca,2026-05-21,02:07:11,3124540,FAR FAR WEST,89,12029,Action,Evil Raptor,"Apr 28, 2026",17.99
07ca9f76,2026-05-21,02:07:11,376210,THE ISLE,90,12067,Action,Afterthought LLC,"Dec 1, 2015",19.99
81cb9529,2026-05-21,02:07:11,1905180,OBS STUDIO,91,11925,Utilities,OBS Project,"Mar 21, 2022",0.0
70608d7b,2026-05-21,02:07:11,526870,SATISFACTORY,92,11712,Adventure,Coffee Stain Studios,"Sep 10, 2024",27.99
e15f0a00,2026-05-21,02:07:11,281990,STELLARIS,93,11760,Simulation,Paradox Development Studio,"May 9, 2016",39.99
e59ce11c,2026-05-21,02:07:11,1623730,PALWORLD,94,11783,Action,Pocketpair,"Jan 19, 2024",29.99
836bec0d,2026-05-21,02:07:11,1623660,MIR4,95,11694,Action,Wemade Next,"Aug 25, 2021",0.0
4446fb83,2026-05-21,02:07:11,8930,SID MEIER'S CIVILIZATION® V,96,11666,Strategy,Firaxis Games,"Sep 21, 2010",29.99
d0f6b6e1,2026-05-21,02:07:11,2694490,PATH OF EXILE 2,97,11404,Action,Grinding Gear Games,"Dec 6, 2024",29.99
ea8c8090,2026-05-21,02:07:11,1449850,YU-GI-OH! MASTER DUEL,98,11384,Simulation,KONAMI,"18 Jan, 2022",0.0
4d0d269d,2026-05-21,02:07:11,216150,MAPLESTORY,99,10940,Action,NEXON Korea Corporation,"Aug 9, 2012",0.0
4f150bf8,2026-05-21,02:07:11,1874880,ARMA REFORGER,100,10833,Action,Bohemia Interactive,"Nov 16, 2023",39.99
f13111f7,2026-05-21,02:07:11,552990,WORLD OF WARSHIPS,,5807,Action,Wargaming Group Limited,"Nov 15, 2017",0.0
04ed4ab0,2026-05-21,02:07:11,3065800,MARATHON,,10749,Action,Bungie,"Mar 5, 2026",31.99
2325cede,2026-05-21,02:07:11,2479810,GRAY ZONE WARFARE,,5453,Action,"MADFINGER Games, a.s.","Apr 30, 2024",39.99
b772f311,2026-05-21,02:07:11,3764200,RESIDENT EVIL REQUIEM,,5591,Action,"CAPCOM Co., Ltd.","Feb 26, 2026",69.99
11d0ef2a,2026-05-21,02:07:11,2923300,BANANA,,8959,Adventure,Sky,"Apr 23, 2024",0.0
1a6221ee,2026-05-21,02:07:11,3265700,VAMPIRE CRAWLERS: THE TURBO WILDCARD FROM VAMPIRE SURVIVORS,,3533,Action,poncle,"Apr 21, 2026",9.99
af962ab7,2026-05-21,02:07:11,1604030,V RISING,,8900,Action,Stunlock Studios,"May 8, 2024",15.74
05d91a80,2026-05-21,02:07:11,3679080,THE SEVEN DEADLY SINS: ORIGIN,,1327,Action,Netmarble F&C,"Mar 16, 2026",0.0
5fbd0039,2026-05-21,02:07:11,238960,PATH OF EXILE,,5080,Action,Grinding Gear Games,"23 Oct, 2013",0.0
b322a34c,2026-05-21,02:07:11,275850,NO MAN'S SKY,,6516,Action,Hello Games,"Aug 12, 2016",59.99
2e032d77,2026-05-21,02:07:11,1716740,STARFIELD,,6102,RPG,Bethesda Game Studios,"Sep 5, 2023",49.99
bbe8db96,2026-05-21,02:07:11,2119830,MISERY,,4188,Action,Platypus Entertainment,"23 Oct, 2025",8.41
5db7c9ac,2026-05-21,02:07:11,960090,BLOONS TD 6,,8054,Strategy,Ninja Kiwi,"Dec 17, 2018",13.99
ca244313,2026-05-21,02:07:11,304930,UNTURNED,,10773,Action,Smartly Dressed Games,"Jul 7, 2017",0.0
3e38bd6b,2026-05-21,02:07:11,1974050,TORCHLIGHT: INFINITE,,2068,Action,XD,"May 9, 2023",0.0
bf731758,2026-05-21,02:07:11,2584990,SHADOWVERSE: WORLDS BEYOND,,4412,Casual,"Cygames, Inc.","Jun 14, 2025",0.0
296ede1f,2026-05-21,02:07:11,1144200,READY OR NOT,,5921,Action,VOID Interactive,"Dec 13, 2023",24.99
6bda2f49,2026-05-21,02:07:11,629520,SOUNDPAD,,9329,Audio Production,Leppsoft,"Sep 30, 2017",4.99
9e44e55a,2026-05-21,02:07:11,1085660,DESTINY 2,,9268,Action,Bungie,"Oct 1, 2019",0.0
07041ccd,2026-05-21,02:07:11,220200,KERBAL SPACE PROGRAM,,9539,Indie,Squad,"Apr 27, 2015",39.99
e916d343,2026-05-21,02:07:11,1665460,EFOOTBALL™,,6782,Simulation,KONAMI,"Sep 29, 2021",0.0
0b8db92e,2026-05-21,02:07:11,1973530,LIMBUS COMPANY,,4032,Other,ProjectMoon,"26 Feb, 2023",0.0
d3bc662e,2026-05-21,02:07:11,2252570,FOOTBALL MANAGER 2024,,9611,Simulation,Sports Interactive,"Nov 6, 2023",0.0
cc2e54aa,2026-05-21,02:07:11,3357650,PRAGMATA,,3220,Action,"CAPCOM Co., Ltd.","Apr 17, 2026",59.99
ac0dc415,2026-05-21,02:07:11,3564740,WHERE WINDS MEET,,10503,Action,Everstone Studio,"14 Nov, 2025",0.0
7b4f5a53,2026-05-21,02:07:11,1364780,STREET FIGHTER™ 6,,9425,Action,"CAPCOM Co., Ltd.","Jun 1, 2023",19.99
7fdcd630,2026-05-21,02:07:11,377160,FALLOUT 4,,10493,RPG,Bethesda Game Studios,"Nov 9, 2015",19.99
1671061c,2026-05-21,02:07:11,1476970,IDLEON,,9144,Casual,Lavaflame2,"Nov 6, 2025",0.0
bacf1987,2026-05-21,02:07:11,4025700,HEARTOPIA,,10022,Casual,XD,"16 Jan, 2026",0.0
35ff526c,2026-05-21,02:07:11,270880,AMERICAN TRUCK SIMULATOR,,9557,Indie,SCS Software,"Feb 2, 2016",4.99
006a5f82,2026-05-21,02:07:11,306130,THE ELDER SCROLLS® ONLINE,,8579,Action,ZeniMax Online Studios,"May 22, 2017",19.99
6cede2e9,2026-05-21,02:07:11,3224770,UMAMUSUME: PRETTY DERBY,,7976,Simulation,"Cygames, Inc.","24 Jun, 2025",0.0
0974454e,2026-05-21,02:07:11,3105440,HEROES OF MIGHT AND MAGIC: OLDEN ERA,,7287,RPG,Unfrozen,"Apr 30, 2026",29.99
cc402550,2026-05-21,02:07:11,2707930,PALIA,,10605,Adventure,Singularity 6 Corporation,"Mar 25, 2024",0.0
23f6dc05,2026-05-21,02:07:11,2646460,SOULMASK,,4260,Adventure,CampFire Studio,"Apr 9, 2026",29.99
5c9e6370,2026-05-21,02:07:11,1203620,ENSHROUDED,,8952,Action,Keen Games GmbH,"Jan 24, 2024",23.99
637c2c03,2026-05-21,02:07:11,594650,HUNT: SHOWDOWN 1896,,7849,Action,Crytek,"Aug 27, 2019",13.49
1bd85773,2026-05-22,02:09:36,730,COUNTER-STRIKE 2,1,618289,Action,Valve,"21 Aug, 2012",0.0
6ce08294,2026-05-22,02:09:36,570,DOTA 2,2,279780,Action,Valve,"Jul 9, 2013",0.0
fcabf911,2026-05-22,02:09:36,2483190,FORZA HORIZON 6,3,194603,Racing,Playground Games,"18 May, 2026",69.99
1bf203e4,2026-05-22,02:09:36,3419430,BONGO CAT,4,142866,Casual,Marcel Zurawka,"Mar 5, 2025",0.0
328ca469,2026-05-22,02:09:36,578080,PUBG: BATTLEGROUNDS,5,125624,Action,PUBG Corporation,"21 Dec, 2017",0.0
9f5d2c0a,2026-05-22,02:09:36,2676230,FIVEM,6,123443,Other,,,0.0
4165ac6e,2026-05-22,02:09:36,2767030,MARVEL RIVALS,7,104178,Action,NetEase Games,"5 Dec, 2024",0.0
c3167e0f,2026-05-22,02:09:36,1962700,SUBNAUTICA 2,8,99831,Action,Unknown Worlds Entertainment,"May 14, 2026",29.99
7e8d9bd6,2026-05-22,02:09:36,2868840,SLAY THE SPIRE 2,9,90058,Indie,Mega Crit,"Mar 5, 2026",24.99
0d7d1e7e,2026-05-22,02:09:36,1172470,APEX LEGENDS™,10,76947,Action,Respawn,"4 Nov, 2020",0.0
7db40fb4,2026-05-22,02:09:36,252490,RUST,11,75005,Action,Facepunch Studios,"Feb 8, 2018",39.99
5993a8c6,2026-05-22,02:09:36,359550,TOM CLANCY'S RAINBOW SIX SIEGE,12,74432,Action,Ubisoft Montreal,"Dec 1, 2015",0.0
b1f280ee,2026-05-22,02:09:36,1808500,ARC RAIDERS,13,63846,Action,Embark Studios,"30 Oct, 2025",39.99
b18c1564,2026-05-22,02:09:36,1422450,DEADLOCK,14,0,Action,Valve,To be announced,0.0
eb7a630a,2026-05-22,02:09:36,2357570,OVERWATCH®,15,57870,Action,"Blizzard Entertainment, Inc.","Aug 10, 2023",0.0
06428e5f,2026-05-22,02:09:36,431960,WALLPAPER ENGINE,16,52061,Casual,Wallpaper Engine Team,"Nov 16, 2018",4.99
5dc78bae,2026-05-22,02:09:36,413150,STARDEW VALLEY,17,50511,Indie,ConcernedApe,"Feb 26, 2016",14.99
4c8b54ee,2026-05-22,02:09:36,322170,GEOMETRY DASH,18,49632,Action,RobTop Games,"Dec 22, 2014",4.99
c5e47ee9,2026-05-22,02:09:36,440,TEAM FORTRESS 2,19,47500,Action,Valve,"Oct 10, 2007",0.0
4e35a832,2026-05-22,02:09:36,230410,WARFRAME,20,45359,Action,Digital Extremes,"25 Mar, 2013",0.0
2ba2d4bb,2026-05-22,02:09:36,552990,WORLD OF WARSHIPS,21,44832,Action,Wargaming Group Limited,"Nov 15, 2017",0.0
5b55587b,2026-05-22,02:09:36,2507950,DELTA FORCE,22,42595,Action,Team Jade,"4 Dec, 2024",0.0
7685154a,2026-05-22,02:09:36,1086940,BALDUR'S GATE 3,23,42938,Adventure,Larian Studios,"Aug 3, 2023",59.99
42cd18b4,2026-05-22,02:09:36,3241660,R.E.P.O.,24,42885,Action,semiwork,"Feb 26, 2025",9.99
090ddd22,2026-05-22,02:09:36,438100,VRCHAT,25,40425,Adventure,VRChat Inc.,"1 Feb, 2017",0.0
3c46e9fa,2026-05-22,02:09:36,381210,DEAD BY DAYLIGHT,26,38450,Action,Behaviour Interactive Inc.,"Jun 14, 2016",7.99
55590233,2026-05-22,02:09:36,2807960,BATTLEFIELD™ 6,27,38149,Action,Battlefield Studios,"10 Oct, 2025",41.99
935a0ae3,2026-05-22,02:09:36,3405690,EA SPORTS FC™ 26,28,34642,Simulation,EA Canada,"25 Sep, 2025",20.99
944b82ae,2026-05-22,02:09:36,1938090,CALL OF DUTY®,29,33542,Action,Treyarch,"Oct 27, 2022",0.0
539fd6e9,2026-05-22,02:09:36,1366800,CROSSHAIR X,30,31460,Action,CenterPoint Gaming,"Aug 17, 2020",9.99
ccd1a0f2,2026-05-22,02:09:36,550,LEFT 4 DEAD 2,31,30580,Action,Valve,"Nov 16, 2009",9.99
ee9ff1a1,2026-05-22,02:09:36,236390,WAR THUNDER,32,30287,Action,Gaijin Entertainment,"Aug 15, 2013",0.0
37f37bd0,2026-05-22,02:09:36,271590,GRAND THEFT AUTO V LEGACY,33,30026,Action,Rockstar North,"Apr 13, 2015",0.0
884229ca,2026-05-22,02:09:36,553850,HELLDIVERS™ 2,34,29801,Action,Arrowhead Game Studios,"8 Feb, 2024",39.99
a6ad497b,2026-05-22,02:09:36,1973530,LIMBUS COMPANY,35,29604,Other,ProjectMoon,"26 Feb, 2023",0.0
4182987b,2026-05-22,02:09:36,39210,FINAL FANTASY XIV ONLINE,36,28610,Massively Multiplayer,Square Enix,"Feb 18, 2014",19.99
8872cec6,2026-05-22,02:09:36,3240220,GRAND THEFT AUTO V ENHANCED,37,28536,Action,Rockstar North,"Mar 4, 2025",19.79
1c91d3f0,2026-05-22,02:09:36,221100,DAYZ,38,28295,Action,Bohemia Interactive,"Dec 13, 2018",49.99
5ba7f08c,2026-05-22,02:09:36,3321460,CRIMSON DESERT,39,27586,Action,Pearl Abyss,"Mar 19, 2026",69.99
fa05ae27,2026-05-22,02:09:36,264710,SUBNAUTICA,40,27204,Adventure,Unknown Worlds Entertainment,"Jan 23, 2018",7.49
f9ecf6f5,2026-05-22,02:09:36,3041230,WINDROSE,41,26925,Action,Kraken Express,"Apr 14, 2026",29.99
11ae7e17,2026-05-22,02:09:36,1245620,ELDEN RING,42,26343,Action,"FromSoftware, Inc.","Feb 24, 2022",59.99
e0a1383b,2026-05-22,02:09:36,218620,PAYDAY 2,43,25963,Action,OVERKILL - a Starbreeze Studio.,"Aug 13, 2013",9.99
b719d7a6,2026-05-22,02:09:36,2344520,DIABLO® IV,44,23940,Action,"Blizzard Entertainment, Inc.","Oct 17, 2023",49.99
1a52a3d8,2026-05-22,02:09:36,3472040,NBA 2K26,45,22989,Sports,Visual Concepts,"Sep 4, 2025",19.99
6d3790ce,2026-05-22,02:09:36,108600,PROJECT ZOMBOID,46,22027,Indie,The Indie Stone,"Nov 8, 2013",19.99
8cf7429d,2026-05-22,02:09:36,289070,SID MEIER’S CIVILIZATION® VI,47,22190,Strategy,Firaxis Games,"Oct 21, 2016",59.99
6ce05402,2026-05-22,02:09:36,240,COUNTER-STRIKE: SOURCE,48,22112,Action,Valve,"1 Nov, 2004",5.79
18eb5a1e,2026-05-22,02:09:36,4128580,BIDKING,49,22467,Casual,MindSurge Network & Games,"Apr 15, 2026",2.99
917c47b7,2026-05-22,02:09:36,4465480,COUNTER-STRIKE:GLOBAL OFFENSIVE,50,21840,Action,Valve,"Aug 21, 2012",0.0
d5e4c10d,2026-05-22,02:09:36,489830,THE ELDER SCROLLS V: SKYRIM SPECIAL EDITION,51,21568,RPG,Bethesda Game Studios,"Oct 27, 2016",39.99
1a2f673e,2026-05-22,02:09:36,394360,HEARTS OF IRON IV,52,21569,Simulation,Paradox Development Studio,"Jun 6, 2016",49.99
8daa1c83,2026-05-22,02:09:36,1174180,RED DEAD REDEMPTION 2,53,21530,Action,Rockstar Games,"Dec 5, 2019",59.99
ec7a24b7,2026-05-22,02:09:36,294100,RIMWORLD,54,21441,Indie,Ludeon Studios,"Oct 17, 2018",34.99
b677aeb6,2026-05-22,02:09:36,1222670,THE SIMS™ 4,55,21369,Adventure,Maxis,"Jun 18, 2020",0.0
3dc71090,2026-05-22,02:09:36,440900,CONAN EXILES ENHANCED,56,20539,Action,Funcom,"May 8, 2018",29.99
cad628c6,2026-05-22,02:09:36,1142710,TOTAL WAR: WARHAMMER III,57,20494,Action,CREATIVE ASSEMBLY,"Feb 17, 2022",59.99
96143f15,2026-05-22,02:09:36,105600,TERRARIA,58,19597,Action,Re-Logic,"May 16, 2011",9.99
16f3d64e,2026-05-22,02:09:36,252950,ROCKET LEAGUE®,59,19351,Action,Psyonix LLC,"Jul 7, 2015",0.0
a031281f,2026-05-22,02:09:36,2399830,ARK: SURVIVAL ASCENDED,60,19218,Action,Studio Wildcard,"Oct 25, 2023",44.99
46d7f48f,2026-05-22,02:09:36,1091500,CYBERPUNK 2077,61,18909,RPG,CD PROJEKT RED,"Dec 9, 2020",20.99
d897d8a3,2026-05-22,02:09:36,582660,BLACK DESERT,62,18090,Action,Pearl Abyss,"May 24, 2017",0.99
c7babcee,2026-05-22,02:09:36,2183900,"WARHAMMER 40,000: SPACE MARINE 2",63,16962,Action,Saber Interactive,"9 Sep, 2024",17.99
0b44c519,2026-05-22,02:09:36,1281930,TMODLOADER,64,16842,Action,TML Team,"May 16, 2020",0.0
a8c3b073,2026-05-22,02:09:36,2605790,DEEP ROCK GALACTIC: ROGUE CORE,65,16113,Action,Ghost Ship Games,"20 May, 2026",29.99
c4782b90,2026-05-22,02:09:36,3513350,WUTHERING WAVES,66,15643,Action,KURO GAMES,"Apr 28, 2025",0.0
e856be38,2026-05-22,02:09:36,250900,THE BINDING OF ISAAC: REBIRTH,67,15440,Action,"Nicalis, Inc.","Nov 4, 2014",14.99
02b0e5b6,2026-05-22,02:09:36,4000,GARRY'S MOD,68,15181,Casual,Facepunch Studios,"Nov 29, 2006",4.99
b9666ccc,2026-05-22,02:09:36,2215200,LEGO® BATMAN™: LEGACY OF THE DARK KNIGHT,69,0,Action,TT Games,"22 May, 2026",28999.0
dc9de357,2026-05-22,02:09:36,251570,7 DAYS TO DIE,70,15311,Action,The Fun Pimps,"Jul 25, 2024",44.99
c605ab35,2026-05-22,02:09:36,813780,AGE OF EMPIRES II: DEFINITIVE EDITION,71,15226,Strategy,World's Edge,"Nov 14, 2019",12.24
2af45872,2026-05-22,02:09:36,3551340,FOOTBALL MANAGER 26,72,15165,Simulation,Sports Interactive,"Nov 4, 2025",59.99
902ce3aa,2026-05-22,02:09:36,284160,BEAMNG.DRIVE,73,14243,Racing,BeamNG,"May 29, 2015",24.99
6c34f5da,2026-05-22,02:09:36,1665460,EFOOTBALL™,74,14349,Simulation,KONAMI,"Sep 29, 2021",0.0
78ecb074,2026-05-22,02:09:36,1158310,CRUSADER KINGS III,75,13808,RPG,Paradox Development Studio,"Sep 1, 2020",14.99
f769bd52,2026-05-22,02:09:36,3527290,PEAK,76,13780,Action,Team PEAK,"16 Jun, 2025",7.49
d67ecb45,2026-05-22,02:09:36,739630,PHASMOPHOBIA,77,13811,Action,Kinetic Games,"Sep 18, 2020",19.99
09ac3386,2026-05-22,02:09:36,892970,VALHEIM,78,13439,Action,Iron Gate AB,"Feb 2, 2021",9.99
825df9d9,2026-05-22,02:09:36,322330,DON'T STARVE TOGETHER,79,13126,Action,Klei Entertainment,"Apr 21, 2016",14.99
89d46902,2026-05-22,02:09:36,2300320,FARMING SIMULATOR 25,80,12909,Simulation,GIANTS Software,"Nov 12, 2024",29.99
ca0cb2d3,2026-05-22,02:09:36,227300,EURO TRUCK SIMULATOR 2,81,12994,Indie,SCS Software,"Oct 12, 2012",19.99
65c53254,2026-05-22,02:09:36,2073620,ARENA BREAKOUT: INFINITE,82,12980,Action,Morefun Studios,"Sep 15, 2025",0.0
fd5366e0,2026-05-22,02:09:36,3892270,GAMBLE WITH YOUR FRIENDS,83,13158,Adventure,SkyBrave,"1 May, 2026",4.95
1cbf3630,2026-05-22,02:09:36,2073850,THE FINALS,84,12615,Action,Embark Studios,"Dec 7, 2023",0.0
652974b7,2026-05-22,02:09:36,2622380,ELDEN RING NIGHTREIGN,85,12449,Action,"FromSoftware, Inc.","29 May, 2025",39.99
a5e06006,2026-05-22,02:09:36,291550,BRAWLHALLA,86,11845,Action,Blue Mammoth Games,"Oct 17, 2017",0.0
4f5e65ff,2026-05-22,02:09:36,427520,FACTORIO,87,12433,Casual,Wube Software LTD.,"Aug 14, 2020",35.0
0ca28568,2026-05-22,02:09:36,346110,ARK: SURVIVAL EVOLVED,88,12354,Action,Studio Wildcard,"Aug 27, 2017",14.99
0ba9e7fa,2026-05-22,02:09:36,3164500,SCHEDULE I,89,12240,Action,TVGS,"Mar 24, 2025",19.99
0213770b,2026-05-22,02:09:36,1295660,SID MEIER'S CIVILIZATION VII,90,12139,Simulation,Firaxis Games,"Feb 10, 2025",41.99
0af2672f,2026-05-22,02:09:36,526870,SATISFACTORY,91,11913,Adventure,Coffee Stain Studios,"Sep 10, 2024",27.99
6f5d92c0,2026-05-22,02:09:36,3065800,MARATHON,92,11822,Action,Bungie,"Mar 5, 2026",31.99
94fab5fb,2026-05-22,02:09:36,1905180,OBS STUDIO,93,11897,Utilities,OBS Project,"Mar 21, 2022",0.0
42995cbe,2026-05-22,02:09:36,376210,THE ISLE,94,11773,Action,Afterthought LLC,"Dec 1, 2015",19.99
da0630f9,2026-05-22,02:09:36,261550,MOUNT & BLADE II: BANNERLORD,95,11798,Action,TaleWorlds Entertainment,"Oct 25, 2022",24.99
e3db0d61,2026-05-22,02:09:36,1623730,PALWORLD,96,11701,Action,Pocketpair,"Jan 19, 2024",29.99
254e53f8,2026-05-22,02:09:36,1085660,DESTINY 2,97,11685,Action,Bungie,"Oct 1, 2019",0.0
5c19a840,2026-05-22,02:09:36,281990,STELLARIS,98,11686,Simulation,Paradox Development Studio,"May 9, 2016",39.99
e9b9f744,2026-05-22,02:09:36,1623660,MIR4,99,11653,Action,Wemade Next,"Aug 25, 2021",0.0
f822c27e,2026-05-22,02:09:36,8930,SID MEIER'S CIVILIZATION® V,100,11560,Strategy,Firaxis Games,"Sep 21, 2010",29.99
dc967e5c,2026-05-22,02:09:36,3764200,RESIDENT EVIL REQUIEM,,5546,Action,"CAPCOM Co., Ltd.","Feb 26, 2026",69.99
ea7b90f5,2026-05-22,02:09:36,594650,HUNT: SHOWDOWN 1896,,7704,Action,Crytek,"Aug 27, 2019",13.49
8c40762e,2026-05-22,02:09:36,3679080,THE SEVEN DEADLY SINS: ORIGIN,,5162,Action,Netmarble F&C,"Mar 16, 2026",0.0
ca0e3414,2026-05-22,02:09:36,2252570,FOOTBALL MANAGER 2024,,9842,Simulation,Sports Interactive,"Nov 6, 2023",0.0
5d404cb9,2026-05-22,02:09:36,3265700,VAMPIRE CRAWLERS: THE TURBO WILDCARD FROM VAMPIRE SURVIVORS,,3214,Action,poncle,"Apr 21, 2026",9.99
63a08972,2026-05-22,02:09:36,2479810,GRAY ZONE WARFARE,,5979,Action,"MADFINGER Games, a.s.","Apr 30, 2024",39.99
04dc4543,2026-05-22,02:09:36,1364780,STREET FIGHTER™ 6,,9595,Action,"CAPCOM Co., Ltd.","Jun 1, 2023",19.99
c2028d49,2026-05-22,02:09:36,960090,BLOONS TD 6,,7839,Strategy,Ninja Kiwi,"Dec 17, 2018",13.99
87e178c8,2026-05-22,02:09:36,238960,PATH OF EXILE,,4937,Action,Grinding Gear Games,"23 Oct, 2013",0.0
d41d0ea2,2026-05-22,02:09:36,1476970,IDLEON,,9172,Casual,Lavaflame2,"Nov 6, 2025",0.0
9fb12d35,2026-05-22,02:09:36,1203220,NARAKA: BLADEPOINT,,10284,Action,24 Entertainment,"11 Aug, 2021",0.0
669c2f78,2026-05-22,02:09:36,1874880,ARMA REFORGER,,10754,Action,Bohemia Interactive,"Nov 16, 2023",39.99
e28b60ef,2026-05-22,02:09:36,1449850,YU-GI-OH! MASTER DUEL,,10968,Simulation,KONAMI,"18 Jan, 2022",0.0
cd55de84,2026-05-22,02:09:36,2646460,SOULMASK,,4048,Adventure,CampFire Studio,"Apr 9, 2026",29.99
098b3f89,2026-05-22,02:09:36,1144200,READY OR NOT,,5781,Action,VOID Interactive,"Dec 13, 2023",24.99
25c8e7e5,2026-05-22,02:09:36,1974050,TORCHLIGHT: INFINITE,,1910,Action,XD,"May 9, 2023",0.0
68bd1670,2026-05-22,02:09:36,2119830,MISERY,,3799,Action,Platypus Entertainment,"23 Oct, 2025",8.41
988ac78b,2026-05-22,02:09:36,275850,NO MAN'S SKY,,6504,Action,Hello Games,"Aug 12, 2016",59.99
be077c21,2026-05-22,02:09:36,2694490,PATH OF EXILE 2,,11523,Action,Grinding Gear Games,"Dec 6, 2024",29.99
a7b7e6b9,2026-05-22,02:09:36,3224770,UMAMUSUME: PRETTY DERBY,,7647,Simulation,"Cygames, Inc.","24 Jun, 2025",0.0
94398145,2026-05-22,02:09:36,2584990,SHADOWVERSE: WORLDS BEYOND,,4170,Casual,"Cygames, Inc.","Jun 14, 2025",0.0
c1f17abb,2026-05-22,02:09:36,4025700,HEARTOPIA,,10244,Casual,XD,"16 Jan, 2026",0.0
3dccfc3b,2026-05-22,02:09:36,1203620,ENSHROUDED,,8845,Action,Keen Games GmbH,"Jan 24, 2024",23.99
913c03ea,2026-05-22,02:09:36,1716740,STARFIELD,,6052,RPG,Bethesda Game Studios,"Sep 5, 2023",49.99
ebe6bd82,2026-05-22,02:09:36,216150,MAPLESTORY,,10143,Action,NEXON Korea Corporation,"Aug 9, 2012",0.0
6d1ca046,2026-05-22,02:09:36,3357650,PRAGMATA,,3327,Action,"CAPCOM Co., Ltd.","Apr 17, 2026",59.99
b35fadd5,2026-05-22,02:09:36,377160,FALLOUT 4,,10365,RPG,Bethesda Game Studios,"Nov 9, 2015",19.99
1b23e67a,2026-05-22,02:09:36,306130,THE ELDER SCROLLS® ONLINE,,8443,Action,ZeniMax Online Studios,"May 22, 2017",19.99
724d4cdd,2026-05-22,02:09:36,304930,UNTURNED,,10091,Action,Smartly Dressed Games,"Jul 7, 2017",0.0
9ac2bef3,2026-05-22,02:09:36,3105440,HEROES OF MIGHT AND MAGIC: OLDEN ERA,,6970,RPG,Unfrozen,"Apr 30, 2026",29.99
d0408b23,2026-05-22,02:09:36,220200,KERBAL SPACE PROGRAM,,9203,Indie,Squad,"Apr 27, 2015",39.99
d4d96cac,2026-05-22,02:09:36,3124540,FAR FAR WEST,,10862,Action,Evil Raptor,"Apr 28, 2026",17.99
57c4566b,2026-05-22,02:09:36,629520,SOUNDPAD,,9488,Audio Production,Leppsoft,"Sep 30, 2017",4.99
ac087f1b,2026-05-22,02:09:36,2923300,BANANA,,9130,Adventure,Sky,"Apr 23, 2024",0.0
41c0ce65,2026-05-22,02:09:36,270880,AMERICAN TRUCK SIMULATOR,,9596,Indie,SCS Software,"Feb 2, 2016",4.99
f1f01c63,2026-05-22,02:09:36,2707930,PALIA,,10175,Adventure,Singularity 6 Corporation,"Mar 25, 2024",0.0
00a8cb53,2026-05-22,02:09:36,1604030,V RISING,,8540,Action,Stunlock Studios,"May 8, 2024",15.74
92ac3b78,2026-05-22,02:09:36,3564740,WHERE WINDS MEET,,10627,Action,Everstone Studio,"14 Nov, 2025",0.0
77290c5e,2026-05-23,01:57:49,730,COUNTER-STRIKE 2,1,650063,Action,Valve,"21 Aug, 2012",0.0
3f8d6562,2026-05-23,01:57:49,570,DOTA 2,2,292543,Action,Valve,"Jul 9, 2013",0.0
7e361693,2026-05-23,01:57:49,2483190,FORZA HORIZON 6,3,208822,Racing,Playground Games,"18 May, 2026",69.99
1ee79652,2026-05-23,01:57:49,2676230,FIVEM,4,135986,Other,,,0.0
9365476a,2026-05-23,01:57:49,578080,PUBG: BATTLEGROUNDS,5,136752,Action,PUBG Corporation,"21 Dec, 2017",0.0
cb276484,2026-05-23,01:57:49,3419430,BONGO CAT,6,131196,Casual,Marcel Zurawka,"Mar 5, 2025",0.0
ba8b3900,2026-05-23,01:57:49,2767030,MARVEL RIVALS,7,102798,Action,NetEase Games,"5 Dec, 2024",0.0
8825af8c,2026-05-23,01:57:49,1962700,SUBNAUTICA 2,8,101348,Action,Unknown Worlds Entertainment,"May 14, 2026",29.99
f5d695db,2026-05-23,01:57:49,2868840,SLAY THE SPIRE 2,9,95830,Indie,Mega Crit,"Mar 5, 2026",24.99
d343f26f,2026-05-23,01:57:49,1172470,APEX LEGENDS™,10,90202,Action,Respawn,"4 Nov, 2020",0.0
9b755997,2026-05-23,01:57:49,252490,RUST,11,84490,Action,Facepunch Studios,"Feb 8, 2018",39.99
21d86255,2026-05-23,01:57:49,359550,TOM CLANCY'S RAINBOW SIX SIEGE,12,73592,Action,Ubisoft Montreal,"Dec 1, 2015",0.0
6425fa72,2026-05-23,01:57:49,1422450,DEADLOCK,13,0,Action,Valve,To be announced,0.0
8de0c556,2026-05-23,01:57:49,1808500,ARC RAIDERS,14,65451,Action,Embark Studios,"30 Oct, 2025",39.99
2fd57477,2026-05-23,01:57:49,431960,WALLPAPER ENGINE,15,60693,Casual,Wallpaper Engine Team,"Nov 16, 2018",4.99
bbbf01c9,2026-05-23,01:57:49,2357570,OVERWATCH®,16,60797,Action,"Blizzard Entertainment, Inc.","Aug 10, 2023",0.0
c308a425,2026-05-23,01:57:49,322170,GEOMETRY DASH,17,56923,Action,RobTop Games,"Dec 22, 2014",4.99
7caefd35,2026-05-23,01:57:49,413150,STARDEW VALLEY,18,54609,Indie,ConcernedApe,"Feb 26, 2016",14.99
1fca5f37,2026-05-23,01:57:49,438100,VRCHAT,19,50743,Adventure,VRChat Inc.,"1 Feb, 2017",0.0
26011bc5,2026-05-23,01:57:49,2507950,DELTA FORCE,20,51317,Action,Team Jade,"4 Dec, 2024",0.0
53009241,2026-05-23,01:57:49,230410,WARFRAME,21,50262,Action,Digital Extremes,"25 Mar, 2013",0.0
eca141e7,2026-05-23,01:57:49,3241660,R.E.P.O.,22,50137,Action,semiwork,"Feb 26, 2025",9.99
0fe88d31,2026-05-23,01:57:49,1086940,BALDUR'S GATE 3,23,45749,Adventure,Larian Studios,"Aug 3, 2023",59.99
2d7f2d2e,2026-05-23,01:57:49,440,TEAM FORTRESS 2,24,45557,Action,Valve,"Oct 10, 2007",0.0
d99fb144,2026-05-23,01:57:49,552990,WORLD OF WARSHIPS,25,44778,Action,Wargaming Group Limited,"Nov 15, 2017",0.0
f7da0f41,2026-05-23,01:57:49,2807960,BATTLEFIELD™ 6,26,43801,Action,Battlefield Studios,"10 Oct, 2025",41.99
f63754b0,2026-05-23,01:57:49,3405690,EA SPORTS FC™ 26,27,41312,Simulation,EA Canada,"25 Sep, 2025",20.99
967e6fba,2026-05-23,01:57:49,381210,DEAD BY DAYLIGHT,28,39553,Action,Behaviour Interactive Inc.,"Jun 14, 2016",7.99
6eb58ae8,2026-05-23,01:57:49,236390,WAR THUNDER,29,37721,Action,Gaijin Entertainment,"Aug 15, 2013",0.0
790109b5,2026-05-23,01:57:49,1973530,LIMBUS COMPANY,30,37722,Other,ProjectMoon,"26 Feb, 2023",0.0
80ca738d,2026-05-23,01:57:49,1938090,CALL OF DUTY®,31,36872,Action,Treyarch,"Oct 27, 2022",0.0
3a955f7d,2026-05-23,01:57:49,3321460,CRIMSON DESERT,32,35193,Action,Pearl Abyss,"Mar 19, 2026",69.99
22fdf634,2026-05-23,01:57:49,271590,GRAND THEFT AUTO V LEGACY,33,34695,Action,Rockstar North,"Apr 13, 2015",0.0
6cf6348e,2026-05-23,01:57:49,221100,DAYZ,34,34103,Action,Bohemia Interactive,"Dec 13, 2018",49.99
580432e8,2026-05-23,01:57:49,550,LEFT 4 DEAD 2,35,34129,Action,Valve,"Nov 16, 2009",9.99
6d0d67a8,2026-05-23,01:57:49,553850,HELLDIVERS™ 2,36,33762,Action,Arrowhead Game Studios,"8 Feb, 2024",39.99
810c489b,2026-05-23,01:57:49,1366800,CROSSHAIR X,37,33252,Action,CenterPoint Gaming,"Aug 17, 2020",9.99
8ea8693d,2026-05-23,01:57:49,3240220,GRAND THEFT AUTO V ENHANCED,38,32104,Action,Rockstar North,"Mar 4, 2025",19.79
018bb44d,2026-05-23,01:57:49,264710,SUBNAUTICA,39,30476,Adventure,Unknown Worlds Entertainment,"Jan 23, 2018",7.49
d32dac1c,2026-05-23,01:57:49,3041230,WINDROSE,40,29768,Action,Kraken Express,"Apr 14, 2026",29.99
5555de97,2026-05-23,01:57:49,1245620,ELDEN RING,41,29951,Action,"FromSoftware, Inc.","Feb 24, 2022",59.99
d02148a3,2026-05-23,01:57:49,39210,FINAL FANTASY XIV ONLINE,42,29406,Massively Multiplayer,Square Enix,"Feb 18, 2014",19.99
35d5686e,2026-05-23,01:57:49,394360,HEARTS OF IRON IV,43,27758,Simulation,Paradox Development Studio,"Jun 6, 2016",49.99
6d2b28e6,2026-05-23,01:57:49,2215200,LEGO® BATMAN™: LEGACY OF THE DARK KNIGHT,44,27786,Action,TT Games,"22 May, 2026",28999.0
371721fe,2026-05-23,01:57:49,3472040,NBA 2K26,45,27796,Sports,Visual Concepts,"Sep 4, 2025",19.99
58b71ed4,2026-05-23,01:57:49,2344520,DIABLO® IV,46,26596,Action,"Blizzard Entertainment, Inc.","Oct 17, 2023",49.99
ca4d4268,2026-05-23,01:57:49,289070,SID MEIER’S CIVILIZATION® VI,47,26131,Strategy,Firaxis Games,"Oct 21, 2016",59.99
ecf96770,2026-05-23,01:57:49,1174180,RED DEAD REDEMPTION 2,48,25556,Action,Rockstar Games,"Dec 5, 2019",59.99
9d4463c4,2026-05-23,01:57:49,218620,PAYDAY 2,49,25516,Action,OVERKILL - a Starbreeze Studio.,"Aug 13, 2013",9.99
d163b049,2026-05-23,01:57:49,294100,RIMWORLD,50,24606,Indie,Ludeon Studios,"Oct 17, 2018",34.99
3bff7c48,2026-05-23,01:57:49,1142710,TOTAL WAR: WARHAMMER III,51,24627,Action,CREATIVE ASSEMBLY,"Feb 17, 2022",59.99
824aedb7,2026-05-23,01:57:49,240,COUNTER-STRIKE: SOURCE,52,24222,Action,Valve,"1 Nov, 2004",5.79
2a9838e1,2026-05-23,01:57:49,108600,PROJECT ZOMBOID,53,24502,Indie,The Indie Stone,"Nov 8, 2013",19.99
56cfdf8d,2026-05-23,01:57:49,489830,THE ELDER SCROLLS V: SKYRIM SPECIAL EDITION,54,22623,RPG,Bethesda Game Studios,"Oct 27, 2016",39.99
ccb8d761,2026-05-23,01:57:49,1222670,THE SIMS™ 4,55,22974,Adventure,Maxis,"Jun 18, 2020",0.0
fc5d03e4,2026-05-23,01:57:49,105600,TERRARIA,56,22498,Action,Re-Logic,"May 16, 2011",9.99
59e7eaa0,2026-05-23,01:57:49,2399830,ARK: SURVIVAL ASCENDED,57,22404,Action,Studio Wildcard,"Oct 25, 2023",44.99
447c9d7a,2026-05-23,01:57:49,440900,CONAN EXILES ENHANCED,58,22123,Action,Funcom,"May 8, 2018",29.99
16f8690b,2026-05-23,01:57:49,1091500,CYBERPUNK 2077,59,21899,RPG,CD PROJEKT RED,"Dec 9, 2020",20.99
e74a0fbc,2026-05-23,01:57:49,4465480,COUNTER-STRIKE:GLOBAL OFFENSIVE,60,20435,Action,Valve,"Aug 21, 2012",0.0
117cc2c3,2026-05-23,01:57:49,1281930,TMODLOADER,61,20195,Action,TML Team,"May 16, 2020",0.0
755c642f,2026-05-23,01:57:49,252950,ROCKET LEAGUE®,62,19894,Action,Psyonix LLC,"Jul 7, 2015",0.0
4ed9a8d4,2026-05-23,01:57:49,4128580,BIDKING,63,18246,Casual,MindSurge Network & Games,"Apr 15, 2026",2.99
66229927,2026-05-23,01:57:49,4000,GARRY'S MOD,64,18891,Casual,Facepunch Studios,"Nov 29, 2006",4.99
c67be538,2026-05-23,01:57:49,2183900,"WARHAMMER 40,000: SPACE MARINE 2",65,18909,Action,Saber Interactive,"9 Sep, 2024",17.99
33d860bc,2026-05-23,01:57:49,582660,BLACK DESERT,66,18596,Action,Pearl Abyss,"May 24, 2017",0.99
6c6e3e4c,2026-05-23,01:57:49,251570,7 DAYS TO DIE,67,17702,Action,The Fun Pimps,"Jul 25, 2024",44.99
2d6ba292,2026-05-23,01:57:49,3551340,FOOTBALL MANAGER 26,68,17469,Simulation,Sports Interactive,"Nov 4, 2025",59.99
63facf10,2026-05-23,01:57:49,813780,AGE OF EMPIRES II: DEFINITIVE EDITION,69,17222,Strategy,World's Edge,"Nov 14, 2019",12.24
230c7550,2026-05-23,01:57:49,3527290,PEAK,70,16756,Action,Team PEAK,"16 Jun, 2025",7.49
b0e9f1de,2026-05-23,01:57:49,250900,THE BINDING OF ISAAC: REBIRTH,71,16656,Action,"Nicalis, Inc.","Nov 4, 2014",14.99
8bf11aba,2026-05-23,01:57:49,227300,EURO TRUCK SIMULATOR 2,72,16397,Indie,SCS Software,"Oct 12, 2012",19.99
b249c81c,2026-05-23,01:57:49,284160,BEAMNG.DRIVE,73,16469,Racing,BeamNG,"May 29, 2015",24.99
4bb9f60d,2026-05-23,01:57:49,3513350,WUTHERING WAVES,74,16491,Action,KURO GAMES,"Apr 28, 2025",0.0
c87daa38,2026-05-23,01:57:49,2622380,ELDEN RING NIGHTREIGN,75,15388,Action,"FromSoftware, Inc.","29 May, 2025",39.99
08c54112,2026-05-23,01:57:49,739630,PHASMOPHOBIA,76,15647,Action,Kinetic Games,"Sep 18, 2020",19.99
0f478968,2026-05-23,01:57:49,346110,ARK: SURVIVAL EVOLVED,77,15627,Action,Studio Wildcard,"Aug 27, 2017",14.99
2b7510b7,2026-05-23,01:57:49,322330,DON'T STARVE TOGETHER,78,15393,Action,Klei Entertainment,"Apr 21, 2016",14.99
cc527f41,2026-05-23,01:57:49,1158310,CRUSADER KINGS III,79,15369,RPG,Paradox Development Studio,"Sep 1, 2020",14.99
b7fdd8cc,2026-05-23,01:57:49,2605790,DEEP ROCK GALACTIC: ROGUE CORE,80,15386,Action,Ghost Ship Games,"20 May, 2026",29.99
b2fcc629,2026-05-23,01:57:49,2073620,ARENA BREAKOUT: INFINITE,81,15203,Action,Morefun Studios,"Sep 15, 2025",0.0
5a8f13e2,2026-05-23,01:57:49,261550,MOUNT & BLADE II: BANNERLORD,82,15094,Action,TaleWorlds Entertainment,"Oct 25, 2022",24.99
d76f816a,2026-05-23,01:57:49,892970,VALHEIM,83,14931,Action,Iron Gate AB,"Feb 2, 2021",9.99
71c99fda,2026-05-23,01:57:49,2300320,FARMING SIMULATOR 25,84,14540,Simulation,GIANTS Software,"Nov 12, 2024",29.99
49eb8ac5,2026-05-23,01:57:49,3892270,GAMBLE WITH YOUR FRIENDS,85,14918,Adventure,SkyBrave,"1 May, 2026",4.95
2cbe37d2,2026-05-23,01:57:49,1665460,EFOOTBALL™,86,14542,Simulation,KONAMI,"Sep 29, 2021",0.0
b4af8f75,2026-05-23,01:57:49,2694490,PATH OF EXILE 2,87,14456,Action,Grinding Gear Games,"Dec 6, 2024",29.99
6addd2ea,2026-05-23,01:57:49,427520,FACTORIO,88,14077,Casual,Wube Software LTD.,"Aug 14, 2020",35.0
d34580a8,2026-05-23,01:57:49,1295660,SID MEIER'S CIVILIZATION VII,89,13994,Simulation,Firaxis Games,"Feb 10, 2025",41.99
b396f261,2026-05-23,01:57:49,1085660,DESTINY 2,90,13865,Action,Bungie,"Oct 1, 2019",0.0
6bf4de68,2026-05-23,01:57:49,1364780,STREET FIGHTER™ 6,91,13288,Action,"CAPCOM Co., Ltd.","Jun 1, 2023",19.99
266da673,2026-05-23,01:57:49,1623730,PALWORLD,92,13674,Action,Pocketpair,"Jan 19, 2024",29.99
e065213d,2026-05-23,01:57:49,291550,BRAWLHALLA,93,12910,Action,Blue Mammoth Games,"Oct 17, 2017",0.0
960efca1,2026-05-23,01:57:49,526870,SATISFACTORY,94,13371,Adventure,Coffee Stain Studios,"Sep 10, 2024",27.99
d99a6b15,2026-05-23,01:57:49,281990,STELLARIS,95,13308,Simulation,Paradox Development Studio,"May 9, 2016",39.99
7127400a,2026-05-23,01:57:49,1905180,OBS STUDIO,96,13372,Utilities,OBS Project,"Mar 21, 2022",0.0
44df2177,2026-05-23,01:57:49,1449850,YU-GI-OH! MASTER DUEL,97,13377,Simulation,KONAMI,"18 Jan, 2022",0.0
affd9e0f,2026-05-23,01:57:49,376210,THE ISLE,98,12955,Action,Afterthought LLC,"Dec 1, 2015",19.99
09a859c5,2026-05-23,01:57:49,8930,SID MEIER'S CIVILIZATION® V,99,12881,Strategy,Firaxis Games,"Sep 21, 2010",29.99
96a63553,2026-05-23,01:57:49,1874880,ARMA REFORGER,100,12647,Action,Bohemia Interactive,"Nov 16, 2023",39.99
6d2bcd34,2026-05-23,01:57:49,3065800,MARATHON,,11046,Action,Bungie,"Mar 5, 2026",31.99
0de2accd,2026-05-23,01:57:49,1716740,STARFIELD,,6554,RPG,Bethesda Game Studios,"Sep 5, 2023",49.99
d7af21d6,2026-05-23,01:57:49,3764200,RESIDENT EVIL REQUIEM,,6508,Action,"CAPCOM Co., Ltd.","Feb 26, 2026",69.99
e08247fe,2026-05-23,01:57:49,1604030,V RISING,,9101,Action,Stunlock Studios,"May 8, 2024",15.74
6db0c78d,2026-05-23,01:57:49,960090,BLOONS TD 6,,8235,Strategy,Ninja Kiwi,"Dec 17, 2018",13.99
b2133e65,2026-05-23,01:57:49,270880,AMERICAN TRUCK SIMULATOR,,10458,Indie,SCS Software,"Feb 2, 2016",4.99
df9dc93d,2026-05-23,01:57:49,2707930,PALIA,,10220,Adventure,Singularity 6 Corporation,"Mar 25, 2024",0.0
f1f6e7b7,2026-05-23,01:57:49,1203620,ENSHROUDED,,10180,Action,Keen Games GmbH,"Jan 24, 2024",23.99
9f58fbf1,2026-05-23,01:57:49,3224770,UMAMUSUME: PRETTY DERBY,,7473,Simulation,"Cygames, Inc.","24 Jun, 2025",0.0
abeb4488,2026-05-23,01:57:49,3564740,WHERE WINDS MEET,,11908,Action,Everstone Studio,"14 Nov, 2025",0.0
3c8ca6e9,2026-05-23,01:57:49,3124540,FAR FAR WEST,,11050,Action,Evil Raptor,"Apr 28, 2026",17.99
1425e2de,2026-05-23,01:57:49,3679080,THE SEVEN DEADLY SINS: ORIGIN,,4920,Action,Netmarble F&C,"Mar 16, 2026",0.0
7de3c8bc,2026-05-23,01:57:49,275850,NO MAN'S SKY,,7232,Action,Hello Games,"Aug 12, 2016",59.99
746ba7af,2026-05-23,01:57:49,216150,MAPLESTORY,,10814,Action,NEXON Korea Corporation,"Aug 9, 2012",0.0
dba0a497,2026-05-23,01:57:49,3164500,SCHEDULE I,,12539,Action,TVGS,"Mar 24, 2025",19.99
9a43bbf2,2026-05-23,01:57:49,1203220,NARAKA: BLADEPOINT,,11510,Action,24 Entertainment,"11 Aug, 2021",0.0
5d3ac594,2026-05-23,01:57:49,304930,UNTURNED,,10574,Action,Smartly Dressed Games,"Jul 7, 2017",0.0
a34d648d,2026-05-23,01:57:49,2119830,MISERY,,3603,Action,Platypus Entertainment,"23 Oct, 2025",8.41
9cb03e91,2026-05-23,01:57:49,2073850,THE FINALS,,12547,Action,Embark Studios,"Dec 7, 2023",0.0
3ee37ad6,2026-05-23,01:57:49,1623660,MIR4,,11642,Action,Wemade Next,"Aug 25, 2021",0.0
f905858f,2026-05-23,01:57:49,3357650,PRAGMATA,,3977,Action,"CAPCOM Co., Ltd.","Apr 17, 2026",59.99
63640346,2026-05-23,01:57:49,1974050,TORCHLIGHT: INFINITE,,2007,Action,XD,"May 9, 2023",0.0
e84e1c4b,2026-05-23,01:57:49,306130,THE ELDER SCROLLS® ONLINE,,9251,Action,ZeniMax Online Studios,"May 22, 2017",19.99
9884ae73,2026-05-23,01:57:49,3105440,HEROES OF MIGHT AND MAGIC: OLDEN ERA,,9150,RPG,Unfrozen,"Apr 30, 2026",29.99
21d9e948,2026-05-23,01:57:49,2479810,GRAY ZONE WARFARE,,6946,Action,"MADFINGER Games, a.s.","Apr 30, 2024",39.99
cb2bb47b,2026-05-23,01:57:49,238960,PATH OF EXILE,,5414,Action,Grinding Gear Games,"23 Oct, 2013",0.0
b85df26c,2026-05-23,01:57:49,2252570,FOOTBALL MANAGER 2024,,11183,Simulation,Sports Interactive,"Nov 6, 2023",0.0
6fcec9fe,2026-05-23,01:57:49,220200,KERBAL SPACE PROGRAM,,9743,Indie,Squad,"Apr 27, 2015",39.99
b5a8f821,2026-05-23,01:57:49,2584990,SHADOWVERSE: WORLDS BEYOND,,5982,Casual,"Cygames, Inc.","Jun 14, 2025",0.0
3aea1ebd,2026-05-23,01:57:49,594650,HUNT: SHOWDOWN 1896,,9272,Action,Crytek,"Aug 27, 2019",13.49
1b1502f4,2026-05-23,01:57:49,3265700,VAMPIRE CRAWLERS: THE TURBO WILDCARD FROM VAMPIRE SURVIVORS,,3525,Action,poncle,"Apr 21, 2026",9.99
c978b86e,2026-05-23,01:57:49,4025700,HEARTOPIA,,10782,Casual,XD,"16 Jan, 2026",0.0
4f0dd914,2026-05-23,01:57:49,1144200,READY OR NOT,,6903,Action,VOID Interactive,"Dec 13, 2023",24.99
79ea9a1f,2026-05-23,01:57:49,1476970,IDLEON,,9230,Casual,Lavaflame2,"Nov 6, 2025",0.0
aa19af6d,2026-05-23,01:57:49,2646460,SOULMASK,,4749,Adventure,CampFire Studio,"Apr 9, 2026",29.99
52d1693b,2026-05-23,01:57:49,629520,SOUNDPAD,,11004,Audio Production,Leppsoft,"Sep 30, 2017",4.99
f5f0eeaa,2026-05-23,01:57:49,2923300,BANANA,,8605,Adventure,Sky,"Apr 23, 2024",0.0
45aeb40b,2026-05-23,01:57:49,377160,FALLOUT 4,,11085,RPG,Bethesda Game Studios,"Nov 9, 2015",19.99
26c19e58,2026-05-24,02:05:58,730,COUNTER-STRIKE 2,1,682955,Action,Valve,"21 Aug, 2012",0.0
5b6ae9a5,2026-05-24,02:05:58,570,DOTA 2,2,313459,Action,Valve,"Jul 9, 2013",0.0
f4a07e10,2026-05-24,02:05:58,2483190,FORZA HORIZON 6,3,216148,Racing,Playground Games,"18 May, 2026",69.99
a3ec8749,2026-05-24,02:05:58,578080,PUBG: BATTLEGROUNDS,4,149064,Action,PUBG Corporation,"21 Dec, 2017",0.0
841435d3,2026-05-24,02:05:58,2676230,FIVEM,5,134640,Other,,,0.0
c5b83c7e,2026-05-24,02:05:58,3419430,BONGO CAT,6,132061,Casual,Marcel Zurawka,"Mar 5, 2025",0.0
4422c936,2026-05-24,02:05:58,2767030,MARVEL RIVALS,7,98961,Action,NetEase Games,"5 Dec, 2024",0.0
45bdbf35,2026-05-24,02:05:58,1962700,SUBNAUTICA 2,8,98920,Action,Unknown Worlds Entertainment,"May 14, 2026",29.99
dba72a3e,2026-05-24,02:05:58,2868840,SLAY THE SPIRE 2,9,98088,Indie,Mega Crit,"Mar 5, 2026",24.99
a8a3dec5,2026-05-24,02:05:58,1172470,APEX LEGENDS™,10,95694,Action,Respawn,"4 Nov, 2020",0.0
ba9ef5fc,2026-05-24,02:05:58,252490,RUST,11,82250,Action,Facepunch Studios,"Feb 8, 2018",39.99
167b35a6,2026-05-24,02:05:58,359550,TOM CLANCY'S RAINBOW SIX SIEGE,12,74332,Action,Ubisoft Montreal,"Dec 1, 2015",0.0
83b8c427,2026-05-24,02:05:58,1808500,ARC RAIDERS,13,65665,Action,Embark Studios,"30 Oct, 2025",39.99
ef88b885,2026-05-24,02:05:58,431960,WALLPAPER ENGINE,14,65669,Casual,Wallpaper Engine Team,"Nov 16, 2018",4.99
9ca1bc86,2026-05-24,02:05:58,1422450,DEADLOCK,15,0,Action,Valve,To be announced,0.0
ae85a276,2026-05-24,02:05:58,2357570,OVERWATCH®,16,61964,Action,"Blizzard Entertainment, Inc.","Aug 10, 2023",0.0
64d3443d,2026-05-24,02:05:58,413150,STARDEW VALLEY,17,60692,Indie,ConcernedApe,"Feb 26, 2016",14.99
532b29c4,2026-05-24,02:05:58,322170,GEOMETRY DASH,18,56658,Action,RobTop Games,"Dec 22, 2014",4.99
8b15fe8b,2026-05-24,02:05:58,2507950,DELTA FORCE,19,53692,Action,Team Jade,"4 Dec, 2024",0.0
b7e1a581,2026-05-24,02:05:58,3241660,R.E.P.O.,20,52933,Action,semiwork,"Feb 26, 2025",9.99
557b6fbd,2026-05-24,02:05:58,230410,WARFRAME,21,52866,Action,Digital Extremes,"25 Mar, 2013",0.0
5480d808,2026-05-24,02:05:58,1086940,BALDUR'S GATE 3,22,51241,Adventure,Larian Studios,"Aug 3, 2023",59.99
2fada8f0,2026-05-24,02:05:58,381210,DEAD BY DAYLIGHT,23,49266,Action,Behaviour Interactive Inc.,"Jun 14, 2016",7.99
55e3002d,2026-05-24,02:05:58,440,TEAM FORTRESS 2,24,48437,Action,Valve,"Oct 10, 2007",0.0
68c2298d,2026-05-24,02:05:58,2807960,BATTLEFIELD™ 6,25,42426,Action,Battlefield Studios,"10 Oct, 2025",41.99
8173bf10,2026-05-24,02:05:58,552990,WORLD OF WARSHIPS,26,41214,Action,Wargaming Group Limited,"Nov 15, 2017",0.0
95b79be0,2026-05-24,02:05:58,3321460,CRIMSON DESERT,27,40348,Action,Pearl Abyss,"Mar 19, 2026",69.99
0632fcd3,2026-05-24,02:05:58,3405690,EA SPORTS FC™ 26,28,39959,Simulation,EA Canada,"25 Sep, 2025",20.99
d855f7be,2026-05-24,02:05:58,236390,WAR THUNDER,29,40040,Action,Gaijin Entertainment,"Aug 15, 2013",0.0
053bcca4,2026-05-24,02:05:58,1938090,CALL OF DUTY®,30,37298,Action,Treyarch,"Oct 27, 2022",0.0
fbb22461,2026-05-24,02:05:58,550,LEFT 4 DEAD 2,31,37192,Action,Valve,"Nov 16, 2009",9.99
acb858ac,2026-05-24,02:05:58,438100,VRCHAT,32,33140,Adventure,VRChat Inc.,"1 Feb, 2017",0.0
6344582a,2026-05-24,02:05:58,271590,GRAND THEFT AUTO V LEGACY,33,36488,Action,Rockstar North,"Apr 13, 2015",0.0
7900b015,2026-05-24,02:05:58,221100,DAYZ,34,35341,Action,Bohemia Interactive,"Dec 13, 2018",49.99
fd68ec0a,2026-05-24,02:05:58,3240220,GRAND THEFT AUTO V ENHANCED,35,35186,Action,Rockstar North,"Mar 4, 2025",19.79
dfe99436,2026-05-24,02:05:58,1973530,LIMBUS COMPANY,36,35001,Other,ProjectMoon,"26 Feb, 2023",0.0
e114dc60,2026-05-24,02:05:58,1366800,CROSSHAIR X,37,33731,Action,CenterPoint Gaming,"Aug 17, 2020",9.99
18ff12f7,2026-05-24,02:05:58,553850,HELLDIVERS™ 2,38,33138,Action,Arrowhead Game Studios,"8 Feb, 2024",39.99
368e7451,2026-05-24,02:05:58,264710,SUBNAUTICA,39,33126,Adventure,Unknown Worlds Entertainment,"Jan 23, 2018",7.49
3fcd85b2,2026-05-24,02:05:58,1245620,ELDEN RING,40,32961,Action,"FromSoftware, Inc.","Feb 24, 2022",59.99
4ea5f407,2026-05-24,02:05:58,3041230,WINDROSE,41,32010,Action,Kraken Express,"Apr 14, 2026",29.99
97409401,2026-05-24,02:05:58,39210,FINAL FANTASY XIV ONLINE,42,30851,Massively Multiplayer,Square Enix,"Feb 18, 2014",19.99
8d206c6f,2026-05-24,02:05:58,394360,HEARTS OF IRON IV,43,29936,Simulation,Paradox Development Studio,"Jun 6, 2016",49.99
72d8a566,2026-05-24,02:05:58,3472040,NBA 2K26,44,29549,Sports,Visual Concepts,"Sep 4, 2025",19.99
e2c1c9e1,2026-05-24,02:05:58,1174180,RED DEAD REDEMPTION 2,45,29122,Action,Rockstar Games,"Dec 5, 2019",59.99
417973f3,2026-05-24,02:05:58,289070,SID MEIER’S CIVILIZATION® VI,46,29102,Strategy,Firaxis Games,"Oct 21, 2016",59.99
6db266ce,2026-05-24,02:05:58,2399830,ARK: SURVIVAL ASCENDED,47,27983,Action,Studio Wildcard,"Oct 25, 2023",44.99
64602f66,2026-05-24,02:05:58,294100,RIMWORLD,48,27631,Indie,Ludeon Studios,"Oct 17, 2018",34.99
52b38dd3,2026-05-24,02:05:58,2215200,LEGO® BATMAN™: LEGACY OF THE DARK KNIGHT,49,27519,Action,TT Games,"22 May, 2026",28999.0
5d85ae8b,2026-05-24,02:05:58,1142710,TOTAL WAR: WARHAMMER III,50,27495,Action,CREATIVE ASSEMBLY,"Feb 17, 2022",59.99
27427358,2026-05-24,02:05:58,2344520,DIABLO® IV,51,27241,Action,"Blizzard Entertainment, Inc.","Oct 17, 2023",49.99
63e0abd6,2026-05-24,02:05:58,108600,PROJECT ZOMBOID,52,27145,Indie,The Indie Stone,"Nov 8, 2013",19.99
5de0527e,2026-05-24,02:05:58,218620,PAYDAY 2,53,26788,Action,OVERKILL - a Starbreeze Studio.,"Aug 13, 2013",9.99
b40b49f8,2026-05-24,02:05:58,1222670,THE SIMS™ 4,54,25923,Adventure,Maxis,"Jun 18, 2020",0.0
439559b7,2026-05-24,02:05:58,489830,THE ELDER SCROLLS V: SKYRIM SPECIAL EDITION,55,25386,RPG,Bethesda Game Studios,"Oct 27, 2016",39.99
e8b0183e,2026-05-24,02:05:58,105600,TERRARIA,56,24607,Action,Re-Logic,"May 16, 2011",9.99
797e85d3,2026-05-24,02:05:58,1091500,CYBERPUNK 2077,57,24753,RPG,CD PROJEKT RED,"Dec 9, 2020",20.99
3d73e364,2026-05-24,02:05:58,440900,CONAN EXILES ENHANCED,58,23547,Action,Funcom,"May 8, 2018",29.99
4376cf4a,2026-05-24,02:05:58,240,COUNTER-STRIKE: SOURCE,59,23067,Action,Valve,"1 Nov, 2004",5.79
55bf75df,2026-05-24,02:05:58,1281930,TMODLOADER,60,22902,Action,TML Team,"May 16, 2020",0.0
3a00cdf2,2026-05-24,02:05:58,4000,GARRY'S MOD,61,20743,Casual,Facepunch Studios,"Nov 29, 2006",4.99
7c5b89b9,2026-05-24,02:05:58,2183900,"WARHAMMER 40,000: SPACE MARINE 2",62,20597,Action,Saber Interactive,"9 Sep, 2024",17.99
dbfb6760,2026-05-24,02:05:58,251570,7 DAYS TO DIE,63,20564,Action,The Fun Pimps,"Jul 25, 2024",44.99
48feda6c,2026-05-24,02:05:58,3527290,PEAK,64,19702,Action,Team PEAK,"16 Jun, 2025",7.49
087a7bde,2026-05-24,02:05:58,582660,BLACK DESERT,65,18776,Action,Pearl Abyss,"May 24, 2017",0.99
f287113f,2026-05-24,02:05:58,252950,ROCKET LEAGUE®,66,18810,Action,Psyonix LLC,"Jul 7, 2015",0.0
f9fdeec1,2026-05-24,02:05:58,3551340,FOOTBALL MANAGER 26,67,18162,Simulation,Sports Interactive,"Nov 4, 2025",59.99
4fe30a51,2026-05-24,02:05:58,322330,DON'T STARVE TOGETHER,68,17771,Action,Klei Entertainment,"Apr 21, 2016",14.99
f5859a35,2026-05-24,02:05:58,4128580,BIDKING,69,18197,Casual,MindSurge Network & Games,"Apr 15, 2026",2.99
f38771cb,2026-05-24,02:05:58,813780,AGE OF EMPIRES II: DEFINITIVE EDITION,70,18081,Strategy,World's Edge,"Nov 14, 2019",12.24
cb38ae01,2026-05-24,02:05:58,227300,EURO TRUCK SIMULATOR 2,71,17915,Indie,SCS Software,"Oct 12, 2012",19.99
84fd7170,2026-05-24,02:05:58,4465480,COUNTER-STRIKE:GLOBAL OFFENSIVE,72,18052,Action,Valve,"Aug 21, 2012",0.0
23e0569c,2026-05-24,02:05:58,346110,ARK: SURVIVAL EVOLVED,73,17401,Action,Studio Wildcard,"Aug 27, 2017",14.99
c4e4da87,2026-05-24,02:05:58,250900,THE BINDING OF ISAAC: REBIRTH,74,17394,Action,"Nicalis, Inc.","Nov 4, 2014",14.99
d4581f8c,2026-05-24,02:05:58,2622380,ELDEN RING NIGHTREIGN,75,17175,Action,"FromSoftware, Inc.","29 May, 2025",39.99
8392f09b,2026-05-24,02:05:58,261550,MOUNT & BLADE II: BANNERLORD,76,17168,Action,TaleWorlds Entertainment,"Oct 25, 2022",24.99
5e9f112c,2026-05-24,02:05:58,284160,BEAMNG.DRIVE,77,16853,Racing,BeamNG,"May 29, 2015",24.99
c1dacbe6,2026-05-24,02:05:58,739630,PHASMOPHOBIA,78,16697,Action,Kinetic Games,"Sep 18, 2020",19.99
6beeb9dd,2026-05-24,02:05:58,1158310,CRUSADER KINGS III,79,16489,RPG,Paradox Development Studio,"Sep 1, 2020",14.99
83621e8d,2026-05-24,02:05:58,892970,VALHEIM,80,16308,Action,Iron Gate AB,"Feb 2, 2021",9.99
86075d1a,2026-05-24,02:05:58,1623730,PALWORLD,81,16103,Action,Pocketpair,"Jan 19, 2024",29.99
c0487807,2026-05-24,02:05:58,2694490,PATH OF EXILE 2,82,16036,Action,Grinding Gear Games,"Dec 6, 2024",29.99
4a9c84c7,2026-05-24,02:05:58,2300320,FARMING SIMULATOR 25,83,15896,Simulation,GIANTS Software,"Nov 12, 2024",29.99
8aaa938d,2026-05-24,02:05:58,1085660,DESTINY 2,84,15907,Action,Bungie,"Oct 1, 2019",0.0
620c6a3e,2026-05-24,02:05:58,3513350,WUTHERING WAVES,85,15775,Action,KURO GAMES,"Apr 28, 2025",0.0
c0c7bcd3,2026-05-24,02:05:58,3892270,GAMBLE WITH YOUR FRIENDS,86,15419,Adventure,SkyBrave,"1 May, 2026",4.95
be1df457,2026-05-24,02:05:58,2073620,ARENA BREAKOUT: INFINITE,87,15351,Action,Morefun Studios,"Sep 15, 2025",0.0
05f64a2f,2026-05-24,02:05:58,427520,FACTORIO,88,15173,Casual,Wube Software LTD.,"Aug 14, 2020",35.0
199923dc,2026-05-24,02:05:58,1295660,SID MEIER'S CIVILIZATION VII,89,15204,Simulation,Firaxis Games,"Feb 10, 2025",41.99
72d0a676,2026-05-24,02:05:58,281990,STELLARIS,90,14946,Simulation,Paradox Development Studio,"May 9, 2016",39.99
87cff21d,2026-05-24,02:05:58,526870,SATISFACTORY,91,14439,Adventure,Coffee Stain Studios,"Sep 10, 2024",27.99
8ac40803,2026-05-24,02:05:58,1364780,STREET FIGHTER™ 6,92,14400,Action,"CAPCOM Co., Ltd.","Jun 1, 2023",19.99
b3092a0e,2026-05-24,02:05:58,2605790,DEEP ROCK GALACTIC: ROGUE CORE,93,14387,Action,Ghost Ship Games,"20 May, 2026",29.99
6983c083,2026-05-24,02:05:58,1203220,NARAKA: BLADEPOINT,94,14253,Action,24 Entertainment,"11 Aug, 2021",0.0
8f03e6f9,2026-05-24,02:05:58,1449850,YU-GI-OH! MASTER DUEL,95,14247,Simulation,KONAMI,"18 Jan, 2022",0.0
9df3a195,2026-05-24,02:05:58,3164500,SCHEDULE I,96,14095,Action,TVGS,"Mar 24, 2025",19.99
d6ba2ec7,2026-05-24,02:05:58,8930,SID MEIER'S CIVILIZATION® V,97,13911,Strategy,Firaxis Games,"Sep 21, 2010",29.99
90ae8973,2026-05-24,02:05:58,291550,BRAWLHALLA,98,13916,Action,Blue Mammoth Games,"Oct 17, 2017",0.0
de4dc34f,2026-05-24,02:05:58,3564740,WHERE WINDS MEET,99,13890,Action,Everstone Studio,"14 Nov, 2025",0.0
012bf8d7,2026-05-24,02:05:58,1665460,EFOOTBALL™,100,13631,Simulation,KONAMI,"Sep 29, 2021",0.0
ca373b3c,2026-05-24,02:05:58,1476970,IDLEON,,9110,Casual,Lavaflame2,"Nov 6, 2025",0.0
90d9958d,2026-05-24,02:05:58,306130,THE ELDER SCROLLS® ONLINE,,9586,Action,ZeniMax Online Studios,"May 22, 2017",19.99
9990d8ba,2026-05-24,02:05:58,2707930,PALIA,,10495,Adventure,Singularity 6 Corporation,"Mar 25, 2024",0.0
a9cca7bf,2026-05-24,02:05:58,1716740,STARFIELD,,7278,RPG,Bethesda Game Studios,"Sep 5, 2023",49.99
caffad2b,2026-05-24,02:05:58,629520,SOUNDPAD,,11201,Audio Production,Leppsoft,"Sep 30, 2017",4.99
aa5f262c,2026-05-24,02:05:58,2479810,GRAY ZONE WARFARE,,7302,Action,"MADFINGER Games, a.s.","Apr 30, 2024",39.99
8c6242ea,2026-05-24,02:05:58,216150,MAPLESTORY,,11057,Action,NEXON Korea Corporation,"Aug 9, 2012",0.0
6128778e,2026-05-24,02:05:58,3105440,HEROES OF MIGHT AND MAGIC: OLDEN ERA,,9911,RPG,Unfrozen,"Apr 30, 2026",29.99
adf2bab5,2026-05-24,02:05:58,3224770,UMAMUSUME: PRETTY DERBY,,7475,Simulation,"Cygames, Inc.","24 Jun, 2025",0.0
6b46b7d7,2026-05-24,02:05:58,2252570,FOOTBALL MANAGER 2024,,11602,Simulation,Sports Interactive,"Nov 6, 2023",0.0
7e0fee7c,2026-05-24,02:05:58,1905180,OBS STUDIO,,13569,Utilities,OBS Project,"Mar 21, 2022",0.0
7de87da7,2026-05-24,02:05:58,220200,KERBAL SPACE PROGRAM,,9745,Indie,Squad,"Apr 27, 2015",39.99
7888d374,2026-05-24,02:05:58,3764200,RESIDENT EVIL REQUIEM,,7428,Action,"CAPCOM Co., Ltd.","Feb 26, 2026",69.99
c66545fd,2026-05-24,02:05:58,238960,PATH OF EXILE,,5724,Action,Grinding Gear Games,"23 Oct, 2013",0.0
8d7e3454,2026-05-24,02:05:58,1144200,READY OR NOT,,7520,Action,VOID Interactive,"Dec 13, 2023",24.99
df75d537,2026-05-24,02:05:58,1203620,ENSHROUDED,,11232,Action,Keen Games GmbH,"Jan 24, 2024",23.99
3cbe35a5,2026-05-24,02:05:58,2119830,MISERY,,3242,Action,Platypus Entertainment,"23 Oct, 2025",8.41
68ff8d6c,2026-05-24,02:05:58,4025700,HEARTOPIA,,10915,Casual,XD,"16 Jan, 2026",0.0
6bffd70b,2026-05-24,02:05:58,1874880,ARMA REFORGER,,13173,Action,Bohemia Interactive,"Nov 16, 2023",39.99
18e63898,2026-05-24,02:05:58,594650,HUNT: SHOWDOWN 1896,,9589,Action,Crytek,"Aug 27, 2019",13.49
ab9a3345,2026-05-24,02:05:58,2073850,THE FINALS,,12670,Action,Embark Studios,"Dec 7, 2023",0.0
e62fbc4a,2026-05-24,02:05:58,2584990,SHADOWVERSE: WORLDS BEYOND,,6347,Casual,"Cygames, Inc.","Jun 14, 2025",0.0
606e2aaf,2026-05-24,02:05:58,376210,THE ISLE,,13625,Action,Afterthought LLC,"Dec 1, 2015",19.99
12930215,2026-05-24,02:05:58,377160,FALLOUT 4,,12351,RPG,Bethesda Game Studios,"Nov 9, 2015",19.99
5affc771,2026-05-24,02:05:58,3265700,VAMPIRE CRAWLERS: THE TURBO WILDCARD FROM VAMPIRE SURVIVORS,,3699,Action,poncle,"Apr 21, 2026",9.99
fa23b3c9,2026-05-24,02:05:58,304930,UNTURNED,,11605,Action,Smartly Dressed Games,"Jul 7, 2017",0.0
01102995,2026-05-24,02:05:58,3679080,THE SEVEN DEADLY SINS: ORIGIN,,4549,Action,Netmarble F&C,"Mar 16, 2026",0.0
dd158bab,2026-05-24,02:05:58,2923300,BANANA,,9529,Adventure,Sky,"Apr 23, 2024",0.0
aa3e3251,2026-05-24,02:05:58,3124540,FAR FAR WEST,,11608,Action,Evil Raptor,"Apr 28, 2026",17.99
2a749250,2026-05-24,02:05:58,270880,AMERICAN TRUCK SIMULATOR,,11420,Indie,SCS Software,"Feb 2, 2016",4.99
6f2acec7,2026-05-24,02:05:58,2646460,SOULMASK,,5180,Adventure,CampFire Studio,"Apr 9, 2026",29.99
591bb1bd,2026-05-24,02:05:58,275850,NO MAN'S SKY,,7834,Action,Hello Games,"Aug 12, 2016",59.99
8106cc85,2026-05-24,02:05:58,1623660,MIR4,,11674,Action,Wemade Next,"Aug 25, 2021",0.0
db21dca4,2026-05-24,02:05:58,3065800,MARATHON,,10880,Action,Bungie,"Mar 5, 2026",31.99
2907c052,2026-05-24,02:05:58,1604030,V RISING,,9366,Action,Stunlock Studios,"May 8, 2024",15.74
b04d5e04,2026-05-24,02:05:58,3357650,PRAGMATA,,4608,Action,"CAPCOM Co., Ltd.","Apr 17, 2026",59.99
beb41cf2,2026-05-24,02:05:58,960090,BLOONS TD 6,,8869,Strategy,Ninja Kiwi,"Dec 17, 2018",13.99
8f98ff59,2026-05-24,02:05:58,1974050,TORCHLIGHT: INFINITE,,2046,Action,XD,"May 9, 2023",0.0
207b074c,2026-05-25,02:14:01,730,COUNTER-STRIKE 2,1,635682,Action,Valve,"21 Aug, 2012",0.0
590e9c52,2026-05-25,02:14:01,570,DOTA 2,2,286372,Action,Valve,"Jul 9, 2013",0.0
af557b0c,2026-05-25,02:14:01,2483190,FORZA HORIZON 6,3,194025,Racing,Playground Games,"18 May, 2026",69.99
feb859b7,2026-05-25,02:14:01,3419430,BONGO CAT,4,143300,Casual,Marcel Zurawka,"Mar 5, 2025",0.0
c5dd2610,2026-05-25,02:14:01,578080,PUBG: BATTLEGROUNDS,5,132866,Action,PUBG Corporation,"21 Dec, 2017",0.0
3b5620c6,2026-05-25,02:14:01,2676230,FIVEM,6,126972,Other,,,0.0
8bba2d77,2026-05-25,02:14:01,2767030,MARVEL RIVALS,7,102324,Action,NetEase Games,"5 Dec, 2024",0.0
d5535e7e,2026-05-25,02:14:01,2868840,SLAY THE SPIRE 2,8,92202,Indie,Mega Crit,"Mar 5, 2026",24.99
c5fcf504,2026-05-25,02:14:01,1962700,SUBNAUTICA 2,9,85398,Action,Unknown Worlds Entertainment,"May 14, 2026",29.99
0fb0d7d6,2026-05-25,02:14:01,1172470,APEX LEGENDS™,10,82003,Action,Respawn,"4 Nov, 2020",0.0
6616de54,2026-05-25,02:14:01,359550,TOM CLANCY'S RAINBOW SIX SIEGE,11,77145,Action,Ubisoft Montreal,"Dec 1, 2015",0.0
795a8cb4,2026-05-25,02:14:01,252490,RUST,12,70198,Action,Facepunch Studios,"Feb 8, 2018",39.99
29dcc0ac,2026-05-25,02:14:01,1808500,ARC RAIDERS,13,67361,Action,Embark Studios,"30 Oct, 2025",39.99
109f2e6a,2026-05-25,02:14:01,1422450,DEADLOCK,14,0,Action,Valve,To be announced,0.0
0fd8509e,2026-05-25,02:14:01,2357570,OVERWATCH®,15,61872,Action,"Blizzard Entertainment, Inc.","Aug 10, 2023",0.0
13ce39b7,2026-05-25,02:14:01,413150,STARDEW VALLEY,16,57005,Indie,ConcernedApe,"Feb 26, 2016",14.99
38b3773a,2026-05-25,02:14:01,431960,WALLPAPER ENGINE,17,55172,Casual,Wallpaper Engine Team,"Nov 16, 2018",4.99
f1391eca,2026-05-25,02:14:01,230410,WARFRAME,18,55350,Action,Digital Extremes,"25 Mar, 2013",0.0
f6852066,2026-05-25,02:14:01,1086940,BALDUR'S GATE 3,19,53947,Adventure,Larian Studios,"Aug 3, 2023",59.99
4377bef3,2026-05-25,02:14:01,3241660,R.E.P.O.,20,53277,Action,semiwork,"Feb 26, 2025",9.99
f25d4360,2026-05-25,02:14:01,322170,GEOMETRY DASH,21,51142,Action,RobTop Games,"Dec 22, 2014",4.99
aab1efac,2026-05-25,02:14:01,440,TEAM FORTRESS 2,22,50735,Action,Valve,"Oct 10, 2007",0.0
35718c27,2026-05-25,02:14:01,381210,DEAD BY DAYLIGHT,23,48359,Action,Behaviour Interactive Inc.,"Jun 14, 2016",7.99
692605bd,2026-05-25,02:14:01,2507950,DELTA FORCE,24,43636,Action,Team Jade,"4 Dec, 2024",0.0
4f6cdbfd,2026-05-25,02:14:01,2807960,BATTLEFIELD™ 6,25,41371,Action,Battlefield Studios,"10 Oct, 2025",41.99
2abcef3a,2026-05-25,02:14:01,552990,WORLD OF WARSHIPS,26,37134,Action,Wargaming Group Limited,"Nov 15, 2017",0.0
59307979,2026-05-25,02:14:01,3321460,CRIMSON DESERT,27,37347,Action,Pearl Abyss,"Mar 19, 2026",69.99
b085b685,2026-05-25,02:14:01,1938090,CALL OF DUTY®,28,37133,Action,Treyarch,"Oct 27, 2022",0.0
4cbc3c04,2026-05-25,02:14:01,3405690,EA SPORTS FC™ 26,29,36069,Simulation,EA Canada,"25 Sep, 2025",20.99
74f571b6,2026-05-25,02:14:01,550,LEFT 4 DEAD 2,30,36496,Action,Valve,"Nov 16, 2009",9.99
c022ff6e,2026-05-25,02:14:01,221100,DAYZ,31,33411,Action,Bohemia Interactive,"Dec 13, 2018",49.99
a52422fc,2026-05-25,02:14:01,1366800,CROSSHAIR X,32,32791,Action,CenterPoint Gaming,"Aug 17, 2020",9.99
15029e5d,2026-05-25,02:14:01,236390,WAR THUNDER,33,32782,Action,Gaijin Entertainment,"Aug 15, 2013",0.0
fbe4d889,2026-05-25,02:14:01,271590,GRAND THEFT AUTO V LEGACY,34,32781,Action,Rockstar North,"Apr 13, 2015",0.0
610aeaa0,2026-05-25,02:14:01,553850,HELLDIVERS™ 2,35,31714,Action,Arrowhead Game Studios,"8 Feb, 2024",39.99
2f8b0a36,2026-05-25,02:14:01,1245620,ELDEN RING,36,31013,Action,"FromSoftware, Inc.","Feb 24, 2022",59.99
715a01e6,2026-05-25,02:14:01,3041230,WINDROSE,37,30682,Action,Kraken Express,"Apr 14, 2026",29.99
ab91e593,2026-05-25,02:14:01,3240220,GRAND THEFT AUTO V ENHANCED,38,30711,Action,Rockstar North,"Mar 4, 2025",19.79
cc8acc5e,2026-05-25,02:14:01,39210,FINAL FANTASY XIV ONLINE,39,30229,Massively Multiplayer,Square Enix,"Feb 18, 2014",19.99
622f3022,2026-05-25,02:14:01,264710,SUBNAUTICA,40,29891,Adventure,Unknown Worlds Entertainment,"Jan 23, 2018",7.49
b2804993,2026-05-25,02:14:01,438100,VRCHAT,41,28034,Adventure,VRChat Inc.,"1 Feb, 2017",0.0
42bb20dd,2026-05-25,02:14:01,108600,PROJECT ZOMBOID,42,26764,Indie,The Indie Stone,"Nov 8, 2013",19.99
384af6e9,2026-05-25,02:14:01,218620,PAYDAY 2,43,26550,Action,OVERKILL - a Starbreeze Studio.,"Aug 13, 2013",9.99
c2df0ada,2026-05-25,02:14:01,1174180,RED DEAD REDEMPTION 2,44,26250,Action,Rockstar Games,"Dec 5, 2019",59.99
2bbcba16,2026-05-25,02:14:01,1222670,THE SIMS™ 4,45,26053,Adventure,Maxis,"Jun 18, 2020",0.0
ab23d985,2026-05-25,02:14:01,2399830,ARK: SURVIVAL ASCENDED,46,25988,Action,Studio Wildcard,"Oct 25, 2023",44.99
4721c4e8,2026-05-25,02:14:01,2215200,LEGO® BATMAN™: LEGACY OF THE DARK KNIGHT,47,26020,Action,TT Games,"22 May, 2026",28999.0
1859b39c,2026-05-25,02:14:01,289070,SID MEIER’S CIVILIZATION® VI,48,25990,Strategy,Firaxis Games,"Oct 21, 2016",59.99
f2470a0a,2026-05-25,02:14:01,240,COUNTER-STRIKE: SOURCE,49,25967,Action,Valve,"1 Nov, 2004",5.79
501aeacd,2026-05-25,02:14:01,489830,THE ELDER SCROLLS V: SKYRIM SPECIAL EDITION,50,25662,RPG,Bethesda Game Studios,"Oct 27, 2016",39.99
58e483ff,2026-05-25,02:14:01,294100,RIMWORLD,51,25448,Indie,Ludeon Studios,"Oct 17, 2018",34.99
87edaae6,2026-05-25,02:14:01,1973530,LIMBUS COMPANY,52,24975,Other,ProjectMoon,"26 Feb, 2023",0.0
d5143297,2026-05-25,02:14:01,1142710,TOTAL WAR: WARHAMMER III,53,25047,Action,CREATIVE ASSEMBLY,"Feb 17, 2022",59.99
4b249ae6,2026-05-25,02:14:01,2344520,DIABLO® IV,54,24109,Action,"Blizzard Entertainment, Inc.","Oct 17, 2023",49.99
f0f2777c,2026-05-25,02:14:01,3472040,NBA 2K26,55,23880,Sports,Visual Concepts,"Sep 4, 2025",19.99
a9fa82af,2026-05-25,02:14:01,394360,HEARTS OF IRON IV,56,23827,Simulation,Paradox Development Studio,"Jun 6, 2016",49.99
df673d18,2026-05-25,02:14:01,105600,TERRARIA,57,22531,Action,Re-Logic,"May 16, 2011",9.99
35aa7b4a,2026-05-25,02:14:01,1091500,CYBERPUNK 2077,58,22505,RPG,CD PROJEKT RED,"Dec 9, 2020",20.99
58c8d5a4,2026-05-25,02:14:01,440900,CONAN EXILES ENHANCED,59,22074,Action,Funcom,"May 8, 2018",29.99
b1cadec7,2026-05-25,02:14:01,4197610,LIBRARIAN: TIDY UP THE ARCANE LIBRARY!,60,22038,Casual,ArtRising,"Apr 30, 2026",5.99
9129d48c,2026-05-25,02:14:01,3527290,PEAK,61,21056,Action,Team PEAK,"16 Jun, 2025",7.49
06e6de87,2026-05-25,02:14:01,4465480,COUNTER-STRIKE:GLOBAL OFFENSIVE,62,19966,Action,Valve,"Aug 21, 2012",0.0
30933e68,2026-05-25,02:14:01,252950,ROCKET LEAGUE®,63,20672,Action,Psyonix LLC,"Jul 7, 2015",0.0
4398b946,2026-05-25,02:14:01,2183900,"WARHAMMER 40,000: SPACE MARINE 2",64,20165,Action,Saber Interactive,"9 Sep, 2024",17.99
5cc4d275,2026-05-25,02:14:01,1281930,TMODLOADER,65,19980,Action,TML Team,"May 16, 2020",0.0
aeea9b1d,2026-05-25,02:14:01,251570,7 DAYS TO DIE,66,19211,Action,The Fun Pimps,"Jul 25, 2024",44.99
8b3cac61,2026-05-25,02:14:01,4000,GARRY'S MOD,67,18326,Casual,Facepunch Studios,"Nov 29, 2006",4.99
58cedba2,2026-05-25,02:14:01,582660,BLACK DESERT,68,18030,Action,Pearl Abyss,"May 24, 2017",0.99
4c1e53a6,2026-05-25,02:14:01,3892270,GAMBLE WITH YOUR FRIENDS,69,17772,Adventure,SkyBrave,"1 May, 2026",4.95
3188be48,2026-05-25,02:14:01,739630,PHASMOPHOBIA,70,17679,Action,Kinetic Games,"Sep 18, 2020",19.99
27dd8227,2026-05-25,02:14:01,813780,AGE OF EMPIRES II: DEFINITIVE EDITION,71,17573,Strategy,World's Edge,"Nov 14, 2019",12.24
496493a3,2026-05-25,02:14:01,1085660,DESTINY 2,72,17323,Action,Bungie,"Oct 1, 2019",0.0
89b6f72c,2026-05-25,02:14:01,250900,THE BINDING OF ISAAC: REBIRTH,73,16717,Action,"Nicalis, Inc.","Nov 4, 2014",14.99
5e710c92,2026-05-25,02:14:01,892970,VALHEIM,74,16729,Action,Iron Gate AB,"Feb 2, 2021",9.99
54d2d7e3,2026-05-25,02:14:01,3551340,FOOTBALL MANAGER 26,75,16348,Simulation,Sports Interactive,"Nov 4, 2025",59.99
b9a063c6,2026-05-25,02:14:01,2694490,PATH OF EXILE 2,76,15813,Action,Grinding Gear Games,"Dec 6, 2024",29.99
8f36bd06,2026-05-25,02:14:01,2300320,FARMING SIMULATOR 25,77,15515,Simulation,GIANTS Software,"Nov 12, 2024",29.99
16c29818,2026-05-25,02:14:01,284160,BEAMNG.DRIVE,78,15373,Racing,BeamNG,"May 29, 2015",24.99
ea14ddf0,2026-05-25,02:14:01,346110,ARK: SURVIVAL EVOLVED,79,15336,Action,Studio Wildcard,"Aug 27, 2017",14.99
2da3ef5c,2026-05-25,02:14:01,3164500,SCHEDULE I,80,15120,Action,TVGS,"Mar 24, 2025",19.99
81a0436f,2026-05-25,02:14:01,1158310,CRUSADER KINGS III,81,15162,RPG,Paradox Development Studio,"Sep 1, 2020",14.99
a6e0a1d7,2026-05-25,02:14:01,4128580,BIDKING,82,15324,Casual,MindSurge Network & Games,"Apr 15, 2026",2.99
6c7b4f22,2026-05-25,02:14:01,1623730,PALWORLD,83,14974,Action,Pocketpair,"Jan 19, 2024",29.99
839ab36a,2026-05-25,02:14:01,261550,MOUNT & BLADE II: BANNERLORD,84,14835,Action,TaleWorlds Entertainment,"Oct 25, 2022",24.99
48c3e91c,2026-05-25,02:14:01,427520,FACTORIO,85,14480,Casual,Wube Software LTD.,"Aug 14, 2020",35.0
784c3eec,2026-05-25,02:14:01,3564740,WHERE WINDS MEET,86,14564,Action,Everstone Studio,"14 Nov, 2025",0.0
d79577b3,2026-05-25,02:14:01,227300,EURO TRUCK SIMULATOR 2,87,14018,Indie,SCS Software,"Oct 12, 2012",19.99
697951db,2026-05-25,02:14:01,1295660,SID MEIER'S CIVILIZATION VII,88,14181,Simulation,Firaxis Games,"Feb 10, 2025",41.99
d3b2c51f,2026-05-25,02:14:01,2073620,ARENA BREAKOUT: INFINITE,89,14121,Action,Morefun Studios,"Sep 15, 2025",0.0
61cce00a,2026-05-25,02:14:01,2622380,ELDEN RING NIGHTREIGN,90,14023,Action,"FromSoftware, Inc.","29 May, 2025",39.99
fe8df9ae,2026-05-25,02:14:01,526870,SATISFACTORY,91,13922,Adventure,Coffee Stain Studios,"Sep 10, 2024",27.99
4b88f7da,2026-05-25,02:14:01,8930,SID MEIER'S CIVILIZATION® V,92,13428,Strategy,Firaxis Games,"Sep 21, 2010",29.99
fcd03374,2026-05-25,02:14:01,322330,DON'T STARVE TOGETHER,93,13607,Action,Klei Entertainment,"Apr 21, 2016",14.99
e4eff8ae,2026-05-25,02:14:01,281990,STELLARIS,94,13506,Simulation,Paradox Development Studio,"May 9, 2016",39.99
e0c119f9,2026-05-25,02:14:01,291550,BRAWLHALLA,95,13432,Action,Blue Mammoth Games,"Oct 17, 2017",0.0
eb410f27,2026-05-25,02:14:01,1665460,EFOOTBALL™,96,13327,Simulation,KONAMI,"Sep 29, 2021",0.0
b3e81701,2026-05-25,02:14:01,2605790,DEEP ROCK GALACTIC: ROGUE CORE,97,13331,Action,Ghost Ship Games,"20 May, 2026",29.99
7113a55c,2026-05-25,02:14:01,3513350,WUTHERING WAVES,98,13306,Action,KURO GAMES,"Apr 28, 2025",0.0
e2288b11,2026-05-25,02:14:01,376210,THE ISLE,99,12995,Action,Afterthought LLC,"Dec 1, 2015",19.99
a1fa8328,2026-05-25,02:14:01,1874880,ARMA REFORGER,100,12799,Action,Bohemia Interactive,"Nov 16, 2023",39.99
32137e8c,2026-05-25,02:14:01,1623660,MIR4,,11526,Action,Wemade Next,"Aug 25, 2021",0.0
4ed4ccaf,2026-05-25,02:14:01,1203220,NARAKA: BLADEPOINT,,10038,Action,24 Entertainment,"11 Aug, 2021",0.0
a1a4c8ab,2026-05-25,02:14:01,275850,NO MAN'S SKY,,7715,Action,Hello Games,"Aug 12, 2016",59.99
6488ac49,2026-05-25,02:14:01,960090,BLOONS TD 6,,8547,Strategy,Ninja Kiwi,"Dec 17, 2018",13.99
b73e90ba,2026-05-25,02:14:01,594650,HUNT: SHOWDOWN 1896,,8543,Action,Crytek,"Aug 27, 2019",13.49
a5df28d1,2026-05-25,02:14:01,1905180,OBS STUDIO,,12975,Utilities,OBS Project,"Mar 21, 2022",0.0
88aefc2a,2026-05-25,02:14:01,377160,FALLOUT 4,,12021,RPG,Bethesda Game Studios,"Nov 9, 2015",19.99
6626abad,2026-05-25,02:14:01,1716740,STARFIELD,,7026,RPG,Bethesda Game Studios,"Sep 5, 2023",49.99
f63374b8,2026-05-25,02:14:01,1449850,YU-GI-OH! MASTER DUEL,,11308,Simulation,KONAMI,"18 Jan, 2022",0.0
8b844468,2026-05-25,02:14:01,3065800,MARATHON,,10556,Action,Bungie,"Mar 5, 2026",31.99
faefe961,2026-05-25,02:14:01,2252570,FOOTBALL MANAGER 2024,,10740,Simulation,Sports Interactive,"Nov 6, 2023",0.0
0d11644d,2026-05-25,02:14:01,3764200,RESIDENT EVIL REQUIEM,,6246,Action,"CAPCOM Co., Ltd.","Feb 26, 2026",69.99
adde9bb5,2026-05-25,02:14:01,3224770,UMAMUSUME: PRETTY DERBY,,7239,Simulation,"Cygames, Inc.","24 Jun, 2025",0.0
b6a212ee,2026-05-25,02:14:01,2479810,GRAY ZONE WARFARE,,7112,Action,"MADFINGER Games, a.s.","Apr 30, 2024",39.99
b8aec62c,2026-05-25,02:14:01,3265700,VAMPIRE CRAWLERS: THE TURBO WILDCARD FROM VAMPIRE SURVIVORS,,3148,Action,poncle,"Apr 21, 2026",9.99
41b9bced,2026-05-25,02:14:01,220200,KERBAL SPACE PROGRAM,,8794,Indie,Squad,"Apr 27, 2015",39.99
7db6eee5,2026-05-25,02:14:01,1364780,STREET FIGHTER™ 6,,8966,Action,"CAPCOM Co., Ltd.","Jun 1, 2023",19.99
ee990831,2026-05-25,02:14:01,1203620,ENSHROUDED,,11264,Action,Keen Games GmbH,"Jan 24, 2024",23.99
df6926ec,2026-05-25,02:14:01,2923300,BANANA,,8173,Adventure,Sky,"Apr 23, 2024",0.0
d29a6db2,2026-05-25,02:14:01,3357650,PRAGMATA,,3851,Action,"CAPCOM Co., Ltd.","Apr 17, 2026",59.99
0fccca91,2026-05-25,02:14:01,2707930,PALIA,,10576,Adventure,Singularity 6 Corporation,"Mar 25, 2024",0.0
0b73132b,2026-05-25,02:14:01,3124540,FAR FAR WEST,,11715,Action,Evil Raptor,"Apr 28, 2026",17.99
f2e02bf0,2026-05-25,02:14:01,216150,MAPLESTORY,,10354,Action,NEXON Korea Corporation,"Aug 9, 2012",0.0
fc7de86e,2026-05-25,02:14:01,3679080,THE SEVEN DEADLY SINS: ORIGIN,,4000,Action,Netmarble F&C,"Mar 16, 2026",0.0
17a0e682,2026-05-25,02:14:01,304930,UNTURNED,,11105,Action,Smartly Dressed Games,"Jul 7, 2017",0.0
386b782b,2026-05-25,02:14:01,629520,SOUNDPAD,,10125,Audio Production,Leppsoft,"Sep 30, 2017",4.99
87d22b12,2026-05-25,02:14:01,270880,AMERICAN TRUCK SIMULATOR,,10905,Indie,SCS Software,"Feb 2, 2016",4.99
ebbc6bca,2026-05-25,02:14:01,238960,PATH OF EXILE,,5919,Action,Grinding Gear Games,"23 Oct, 2013",0.0
7a923b20,2026-05-25,02:14:01,1974050,TORCHLIGHT: INFINITE,,1738,Action,XD,"May 9, 2023",0.0
7e7a7bde,2026-05-25,02:14:01,2646460,SOULMASK,,4482,Adventure,CampFire Studio,"Apr 9, 2026",29.99
118b30c6,2026-05-25,02:14:01,2119830,MISERY,,2918,Action,Platypus Entertainment,"23 Oct, 2025",8.41
378f17f4,2026-05-25,02:14:01,4025700,HEARTOPIA,,9967,Casual,XD,"16 Jan, 2026",0.0
48165873,2026-05-25,02:14:01,1604030,V RISING,,8556,Action,Stunlock Studios,"May 8, 2024",15.74
525233c6,2026-05-25,02:14:01,1144200,READY OR NOT,,7692,Action,VOID Interactive,"Dec 13, 2023",24.99
d64b03c7,2026-05-25,02:14:01,1476970,IDLEON,,9138,Casual,Lavaflame2,"Nov 6, 2025",0.0
7b17d85c,2026-05-25,02:14:01,306130,THE ELDER SCROLLS® ONLINE,,9240,Action,ZeniMax Online Studios,"May 22, 2017",19.99
181de2a4,2026-05-25,02:14:01,3105440,HEROES OF MIGHT AND MAGIC: OLDEN ERA,,7527,RPG,Unfrozen,"Apr 30, 2026",29.99
a5b46912,2026-05-25,02:14:01,2584990,SHADOWVERSE: WORLDS BEYOND,,4258,Casual,"Cygames, Inc.","Jun 14, 2025",0.0
ad46bb96,2026-05-25,02:14:01,2073850,THE FINALS,,13036,Action,Embark Studios,"Dec 7, 2023",0.0
deaabf68,2026-05-26,02:04:56,730,COUNTER-STRIKE 2,1,614829,Action,Valve,"21 Aug, 2012",0.0
c8f3f5c5,2026-05-26,02:04:56,570,DOTA 2,2,281909,Action,Valve,"Jul 9, 2013",0.0
03e761fd,2026-05-26,02:04:56,2483190,FORZA HORIZON 6,3,182878,Racing,Playground Games,"18 May, 2026",69.99
7c8e3cda,2026-05-26,02:04:56,3419430,BONGO CAT,4,142170,Casual,Marcel Zurawka,"Mar 5, 2025",0.0
fa4dcf44,2026-05-26,02:04:56,2676230,FIVEM,5,128822,Other,,,0.0
5ef4f6fc,2026-05-26,02:04:56,578080,PUBG: BATTLEGROUNDS,6,119030,Action,PUBG Corporation,"21 Dec, 2017",0.0
88b8fdd7,2026-05-26,02:04:56,2767030,MARVEL RIVALS,7,100977,Action,NetEase Games,"5 Dec, 2024",0.0
b83537c6,2026-05-26,02:04:56,2868840,SLAY THE SPIRE 2,8,92566,Indie,Mega Crit,"Mar 5, 2026",24.99
8b51ac5e,2026-05-26,02:04:56,359550,TOM CLANCY'S RAINBOW SIX SIEGE,9,78323,Action,Ubisoft Montreal,"Dec 1, 2015",0.0
09ca508b,2026-05-26,02:04:56,1172470,APEX LEGENDS™,10,78355,Action,Respawn,"4 Nov, 2020",0.0
e2ebab36,2026-05-26,02:04:56,252490,RUST,11,72164,Action,Facepunch Studios,"Feb 8, 2018",39.99
c7830033,2026-05-26,02:04:56,1962700,SUBNAUTICA 2,12,72450,Action,Unknown Worlds Entertainment,"May 14, 2026",29.99
38b34fe0,2026-05-26,02:04:56,1422450,DEADLOCK,13,0,Action,Valve,To be announced,0.0
05cf87ae,2026-05-26,02:04:56,1808500,ARC RAIDERS,14,66913,Action,Embark Studios,"30 Oct, 2025",39.99
d7b0e922,2026-05-26,02:04:56,2357570,OVERWATCH®,15,60242,Action,"Blizzard Entertainment, Inc.","Aug 10, 2023",0.0
14d0659f,2026-05-26,02:04:56,413150,STARDEW VALLEY,16,54274,Indie,ConcernedApe,"Feb 26, 2016",14.99
1cb3230a,2026-05-26,02:04:56,431960,WALLPAPER ENGINE,17,52852,Casual,Wallpaper Engine Team,"Nov 16, 2018",4.99
649e1156,2026-05-26,02:04:56,1086940,BALDUR'S GATE 3,18,51473,Adventure,Larian Studios,"Aug 3, 2023",59.99
7df4e2cf,2026-05-26,02:04:56,381210,DEAD BY DAYLIGHT,19,50557,Action,Behaviour Interactive Inc.,"Jun 14, 2016",7.99
e07239b8,2026-05-26,02:04:56,230410,WARFRAME,20,49670,Action,Digital Extremes,"25 Mar, 2013",0.0
6b8ff285,2026-05-26,02:04:56,322170,GEOMETRY DASH,21,48752,Action,RobTop Games,"Dec 22, 2014",4.99
36ca76c1,2026-05-26,02:04:56,1118520,PARALIVES,22,48116,Simulation,Alex Massé and team,"25 May, 2026",44.99
356dd49c,2026-05-26,02:04:56,3241660,R.E.P.O.,23,47168,Action,semiwork,"Feb 26, 2025",9.99
04c2ad7f,2026-05-26,02:04:56,552990,WORLD OF WARSHIPS,24,46773,Action,Wargaming Group Limited,"Nov 15, 2017",0.0
849b4e6a,2026-05-26,02:04:56,440,TEAM FORTRESS 2,25,45223,Action,Valve,"Oct 10, 2007",0.0
d20428cb,2026-05-26,02:04:56,438100,VRCHAT,26,43580,Adventure,VRChat Inc.,"1 Feb, 2017",0.0
de1626f4,2026-05-26,02:04:56,2507950,DELTA FORCE,27,40800,Action,Team Jade,"4 Dec, 2024",0.0
6b5c7c04,2026-05-26,02:04:56,2807960,BATTLEFIELD™ 6,28,38861,Action,Battlefield Studios,"10 Oct, 2025",41.99
7a5ca8be,2026-05-26,02:04:56,3405690,EA SPORTS FC™ 26,29,38447,Simulation,EA Canada,"25 Sep, 2025",20.99
18f73bfb,2026-05-26,02:04:56,1938090,CALL OF DUTY®,30,36566,Action,Treyarch,"Oct 27, 2022",0.0
cb022e1a,2026-05-26,02:04:56,271590,GRAND THEFT AUTO V LEGACY,31,31302,Action,Rockstar North,"Apr 13, 2015",0.0
c9878f6b,2026-05-26,02:04:56,3321460,CRIMSON DESERT,32,32419,Action,Pearl Abyss,"Mar 19, 2026",69.99
cf6bbb46,2026-05-26,02:04:56,1366800,CROSSHAIR X,33,32252,Action,CenterPoint Gaming,"Aug 17, 2020",9.99
fed57326,2026-05-26,02:04:56,221100,DAYZ,34,31595,Action,Bohemia Interactive,"Dec 13, 2018",49.99
a41f6569,2026-05-26,02:04:56,550,LEFT 4 DEAD 2,35,30831,Action,Valve,"Nov 16, 2009",9.99
5a7be601,2026-05-26,02:04:56,236390,WAR THUNDER,36,30754,Action,Gaijin Entertainment,"Aug 15, 2013",0.0
be3c7179,2026-05-26,02:04:56,1245620,ELDEN RING,37,29772,Action,"FromSoftware, Inc.","Feb 24, 2022",59.99
d401f4ae,2026-05-26,02:04:56,553850,HELLDIVERS™ 2,38,29727,Action,Arrowhead Game Studios,"8 Feb, 2024",39.99
155800ca,2026-05-26,02:04:56,39210,FINAL FANTASY XIV ONLINE,39,29621,Massively Multiplayer,Square Enix,"Feb 18, 2014",19.99
c99e8c63,2026-05-26,02:04:56,3240220,GRAND THEFT AUTO V ENHANCED,40,29201,Action,Rockstar North,"Mar 4, 2025",19.79
c35f0c21,2026-05-26,02:04:56,3041230,WINDROSE,41,27727,Action,Kraken Express,"Apr 14, 2026",29.99
51e4eddc,2026-05-26,02:04:56,264710,SUBNAUTICA,42,26661,Adventure,Unknown Worlds Entertainment,"Jan 23, 2018",7.49
5a923e3d,2026-05-26,02:04:56,218620,PAYDAY 2,43,26207,Action,OVERKILL - a Starbreeze Studio.,"Aug 13, 2013",9.99
a1918604,2026-05-26,02:04:56,489830,THE ELDER SCROLLS V: SKYRIM SPECIAL EDITION,44,25039,RPG,Bethesda Game Studios,"Oct 27, 2016",39.99
951a0305,2026-05-26,02:04:56,2399830,ARK: SURVIVAL ASCENDED,45,24792,Action,Studio Wildcard,"Oct 25, 2023",44.99
0fbe00dd,2026-05-26,02:04:56,108600,PROJECT ZOMBOID,46,24938,Indie,The Indie Stone,"Nov 8, 2013",19.99
313394f7,2026-05-26,02:04:56,3472040,NBA 2K26,47,24821,Sports,Visual Concepts,"Sep 4, 2025",19.99
a86bd641,2026-05-26,02:04:56,1174180,RED DEAD REDEMPTION 2,48,24609,Action,Rockstar Games,"Dec 5, 2019",59.99
e80ab838,2026-05-26,02:04:56,1222670,THE SIMS™ 4,49,24491,Adventure,Maxis,"Jun 18, 2020",0.0
bdd8dffc,2026-05-26,02:04:56,2215200,LEGO® BATMAN™: LEGACY OF THE DARK KNIGHT,50,23876,Action,TT Games,"22 May, 2026",28999.0
71080371,2026-05-26,02:04:56,294100,RIMWORLD,51,24124,Indie,Ludeon Studios,"Oct 17, 2018",34.99
6e2146e3,2026-05-26,02:04:56,289070,SID MEIER’S CIVILIZATION® VI,52,24016,Strategy,Firaxis Games,"Oct 21, 2016",59.99
20bb7521,2026-05-26,02:04:56,240,COUNTER-STRIKE: SOURCE,53,20165,Action,Valve,"1 Nov, 2004",5.79
2ee92ce3,2026-05-26,02:04:56,4197610,LIBRARIAN: TIDY UP THE ARCANE LIBRARY!,54,23342,Casual,ArtRising,"Apr 30, 2026",5.99
0b4a63d4,2026-05-26,02:04:56,1142710,TOTAL WAR: WARHAMMER III,55,22759,Action,CREATIVE ASSEMBLY,"Feb 17, 2022",59.99
7f5e3cc8,2026-05-26,02:04:56,1973530,LIMBUS COMPANY,56,22588,Other,ProjectMoon,"26 Feb, 2023",0.0
a581efdd,2026-05-26,02:04:56,394360,HEARTS OF IRON IV,57,22466,Simulation,Paradox Development Studio,"Jun 6, 2016",49.99
6ecb01e3,2026-05-26,02:04:56,2344520,DIABLO® IV,58,21581,Action,"Blizzard Entertainment, Inc.","Oct 17, 2023",49.99
b93533d4,2026-05-26,02:04:56,105600,TERRARIA,59,21465,Action,Re-Logic,"May 16, 2011",9.99
9cdf5998,2026-05-26,02:04:56,1091500,CYBERPUNK 2077,60,21446,RPG,CD PROJEKT RED,"Dec 9, 2020",20.99
d4e941f4,2026-05-26,02:04:56,4465480,COUNTER-STRIKE:GLOBAL OFFENSIVE,61,21392,Action,Valve,"Aug 21, 2012",0.0
849e4037,2026-05-26,02:04:56,252950,ROCKET LEAGUE®,62,21081,Action,Psyonix LLC,"Jul 7, 2015",0.0
f73801d6,2026-05-26,02:04:56,440900,CONAN EXILES ENHANCED,63,20896,Action,Funcom,"May 8, 2018",29.99
46181966,2026-05-26,02:04:56,2183900,"WARHAMMER 40,000: SPACE MARINE 2",64,19007,Action,Saber Interactive,"9 Sep, 2024",17.99
adccac29,2026-05-26,02:04:56,1281930,TMODLOADER,65,18658,Action,TML Team,"May 16, 2020",0.0
e578cc1c,2026-05-26,02:04:56,1085660,DESTINY 2,66,18053,Action,Bungie,"Oct 1, 2019",0.0
f7a2e458,2026-05-26,02:04:56,3527290,PEAK,67,18042,Action,Team PEAK,"16 Jun, 2025",7.49
ddfeae20,2026-05-26,02:04:56,582660,BLACK DESERT,68,17791,Action,Pearl Abyss,"May 24, 2017",0.99
cd93cd43,2026-05-26,02:04:56,251570,7 DAYS TO DIE,69,17699,Action,The Fun Pimps,"Jul 25, 2024",44.99
feb3623e,2026-05-26,02:04:56,4000,GARRY'S MOD,70,16997,Casual,Facepunch Studios,"Nov 29, 2006",4.99
4021f38e,2026-05-26,02:04:56,813780,AGE OF EMPIRES II: DEFINITIVE EDITION,71,16365,Strategy,World's Edge,"Nov 14, 2019",12.24
af0351a0,2026-05-26,02:04:56,250900,THE BINDING OF ISAAC: REBIRTH,72,16277,Action,"Nicalis, Inc.","Nov 4, 2014",14.99
372efc00,2026-05-26,02:04:56,3892270,GAMBLE WITH YOUR FRIENDS,73,15983,Adventure,SkyBrave,"1 May, 2026",4.95
778a7485,2026-05-26,02:04:56,2694490,PATH OF EXILE 2,74,15958,Action,Grinding Gear Games,"Dec 6, 2024",29.99
725a8662,2026-05-26,02:04:56,284160,BEAMNG.DRIVE,75,15475,Racing,BeamNG,"May 29, 2015",24.99
0d2bfe29,2026-05-26,02:04:56,892970,VALHEIM,76,15696,Action,Iron Gate AB,"Feb 2, 2021",9.99
f4e6a581,2026-05-26,02:04:56,3551340,FOOTBALL MANAGER 26,77,15348,Simulation,Sports Interactive,"Nov 4, 2025",59.99
f1ba92c1,2026-05-26,02:04:56,2300320,FARMING SIMULATOR 25,78,14858,Simulation,GIANTS Software,"Nov 12, 2024",29.99
9d6bfc68,2026-05-26,02:04:56,3164500,SCHEDULE I,79,14683,Action,TVGS,"Mar 24, 2025",19.99
ffe0d8ed,2026-05-26,02:04:56,4128580,BIDKING,80,14290,Casual,MindSurge Network & Games,"Apr 15, 2026",2.99
0e070a2b,2026-05-26,02:04:56,2073620,ARENA BREAKOUT: INFINITE,81,14281,Action,Morefun Studios,"Sep 15, 2025",0.0
717aaac6,2026-05-26,02:04:56,1158310,CRUSADER KINGS III,82,14247,RPG,Paradox Development Studio,"Sep 1, 2020",14.99
fbc94dc6,2026-05-26,02:04:56,739630,PHASMOPHOBIA,83,14062,Action,Kinetic Games,"Sep 18, 2020",19.99
93b2318a,2026-05-26,02:04:56,427520,FACTORIO,84,14008,Casual,Wube Software LTD.,"Aug 14, 2020",35.0
d9675afb,2026-05-26,02:04:56,346110,ARK: SURVIVAL EVOLVED,85,14049,Action,Studio Wildcard,"Aug 27, 2017",14.99
3d49771e,2026-05-26,02:04:56,261550,MOUNT & BLADE II: BANNERLORD,86,13975,Action,TaleWorlds Entertainment,"Oct 25, 2022",24.99
72cc95be,2026-05-26,02:04:56,2622380,ELDEN RING NIGHTREIGN,87,13648,Action,"FromSoftware, Inc.","29 May, 2025",39.99
ef53104e,2026-05-26,02:04:56,1295660,SID MEIER'S CIVILIZATION VII,88,13551,Simulation,Firaxis Games,"Feb 10, 2025",41.99
943c704f,2026-05-26,02:04:56,1623730,PALWORLD,89,13605,Action,Pocketpair,"Jan 19, 2024",29.99
42b1ff72,2026-05-26,02:04:56,526870,SATISFACTORY,90,13436,Adventure,Coffee Stain Studios,"Sep 10, 2024",27.99
fa5b4fe8,2026-05-26,02:04:56,2073850,THE FINALS,91,13274,Action,Embark Studios,"Dec 7, 2023",0.0
ff07ea11,2026-05-26,02:04:56,1665460,EFOOTBALL™,92,13214,Simulation,KONAMI,"Sep 29, 2021",0.0
4ee6dd58,2026-05-26,02:04:56,227300,EURO TRUCK SIMULATOR 2,93,13030,Indie,SCS Software,"Oct 12, 2012",19.99
b1840525,2026-05-26,02:04:56,291550,BRAWLHALLA,94,12690,Action,Blue Mammoth Games,"Oct 17, 2017",0.0
204033db,2026-05-26,02:04:56,1905180,OBS STUDIO,95,12915,Utilities,OBS Project,"Mar 21, 2022",0.0
3ded125f,2026-05-26,02:04:56,281990,STELLARIS,96,12800,Simulation,Paradox Development Studio,"May 9, 2016",39.99
26108c06,2026-05-26,02:04:56,8930,SID MEIER'S CIVILIZATION® V,97,12728,Strategy,Firaxis Games,"Sep 21, 2010",29.99
6f65e771,2026-05-26,02:04:56,376210,THE ISLE,98,12463,Action,Afterthought LLC,"Dec 1, 2015",19.99
16f2b1d2,2026-05-26,02:04:56,3513350,WUTHERING WAVES,99,12147,Action,KURO GAMES,"Apr 28, 2025",0.0
2b289509,2026-05-26,02:04:56,322330,DON'T STARVE TOGETHER,100,12082,Action,Klei Entertainment,"Apr 21, 2016",14.99
478c1ac2,2026-05-26,02:04:56,275850,NO MAN'S SKY,,8424,Action,Hello Games,"Aug 12, 2016",59.99
d156998d,2026-05-26,02:04:56,1874880,ARMA REFORGER,,11980,Action,Bohemia Interactive,"Nov 16, 2023",39.99
4161e0ad,2026-05-26,02:04:56,3065800,MARATHON,,10837,Action,Bungie,"Mar 5, 2026",31.99
b98ee112,2026-05-26,02:04:56,3764200,RESIDENT EVIL REQUIEM,,5695,Action,"CAPCOM Co., Ltd.","Feb 26, 2026",69.99
a7212ef0,2026-05-26,02:04:56,2923300,BANANA,,9366,Adventure,Sky,"Apr 23, 2024",0.0
9fcdafbb,2026-05-26,02:04:56,2605790,DEEP ROCK GALACTIC: ROGUE CORE,,11549,Action,Ghost Ship Games,"20 May, 2026",29.99
6aec5331,2026-05-26,02:04:56,3564740,WHERE WINDS MEET,,11163,Action,Everstone Studio,"14 Nov, 2025",0.0
e5c7a236,2026-05-26,02:04:56,2119830,MISERY,,2454,Action,Platypus Entertainment,"23 Oct, 2025",8.41
840375f5,2026-05-26,02:04:56,1144200,READY OR NOT,,6804,Action,VOID Interactive,"Dec 13, 2023",24.99
4e4b0480,2026-05-26,02:04:56,2479810,GRAY ZONE WARFARE,,6082,Action,"MADFINGER Games, a.s.","Apr 30, 2024",39.99
8da7d713,2026-05-26,02:04:56,594650,HUNT: SHOWDOWN 1896,,8029,Action,Crytek,"Aug 27, 2019",13.49
be30cf75,2026-05-26,02:04:56,2707930,PALIA,,10213,Adventure,Singularity 6 Corporation,"Mar 25, 2024",0.0
91cf71aa,2026-05-26,02:04:56,2584990,SHADOWVERSE: WORLDS BEYOND,,3976,Casual,"Cygames, Inc.","Jun 14, 2025",0.0
6bbfbc2d,2026-05-26,02:04:56,1449850,YU-GI-OH! MASTER DUEL,,11863,Simulation,KONAMI,"18 Jan, 2022",0.0
b3a9dd79,2026-05-26,02:04:56,306130,THE ELDER SCROLLS® ONLINE,,9007,Action,ZeniMax Online Studios,"May 22, 2017",19.99
de9cd6e5,2026-05-26,02:04:56,3105440,HEROES OF MIGHT AND MAGIC: OLDEN ERA,,6721,RPG,Unfrozen,"Apr 30, 2026",29.99
b0d14ebf,2026-05-26,02:04:56,216150,MAPLESTORY,,10507,Action,NEXON Korea Corporation,"Aug 9, 2012",0.0
ae0b080c,2026-05-26,02:04:56,3679080,THE SEVEN DEADLY SINS: ORIGIN,,4010,Action,Netmarble F&C,"Mar 16, 2026",0.0
f6d6282b,2026-05-26,02:04:56,3265700,VAMPIRE CRAWLERS: THE TURBO WILDCARD FROM VAMPIRE SURVIVORS,,3096,Action,poncle,"Apr 21, 2026",9.99
e46ebf8b,2026-05-26,02:04:56,960090,BLOONS TD 6,,8201,Strategy,Ninja Kiwi,"Dec 17, 2018",13.99
f221c654,2026-05-26,02:04:56,304930,UNTURNED,,10478,Action,Smartly Dressed Games,"Jul 7, 2017",0.0
54f5db26,2026-05-26,02:04:56,1604030,V RISING,,8119,Action,Stunlock Studios,"May 8, 2024",15.74
51404214,2026-05-26,02:04:56,4025700,HEARTOPIA,,9206,Casual,XD,"16 Jan, 2026",0.0
1c851e9c,2026-05-26,02:04:56,1203620,ENSHROUDED,,10438,Action,Keen Games GmbH,"Jan 24, 2024",23.99
e4de39b4,2026-05-26,02:04:56,3124540,FAR FAR WEST,,10158,Action,Evil Raptor,"Apr 28, 2026",17.99
2e43e913,2026-05-26,02:04:56,220200,KERBAL SPACE PROGRAM,,8593,Indie,Squad,"Apr 27, 2015",39.99
fc55a2eb,2026-05-26,02:04:56,1476970,IDLEON,,8835,Casual,Lavaflame2,"Nov 6, 2025",0.0
e55efe08,2026-05-26,02:04:56,2252570,FOOTBALL MANAGER 2024,,9856,Simulation,Sports Interactive,"Nov 6, 2023",0.0
8f4e56fb,2026-05-26,02:04:56,377160,FALLOUT 4,,11809,RPG,Bethesda Game Studios,"Nov 9, 2015",19.99
06b465ee,2026-05-26,02:04:56,270880,AMERICAN TRUCK SIMULATOR,,9819,Indie,SCS Software,"Feb 2, 2016",4.99
ff941bd3,2026-05-26,02:04:56,629520,SOUNDPAD,,9870,Audio Production,Leppsoft,"Sep 30, 2017",4.99
16bf61cf,2026-05-26,02:04:56,1716740,STARFIELD,,6706,RPG,Bethesda Game Studios,"Sep 5, 2023",49.99
fba37034,2026-05-26,02:04:56,3357650,PRAGMATA,,3354,Action,"CAPCOM Co., Ltd.","Apr 17, 2026",59.99
1d3b8319,2026-05-26,02:04:56,1974050,TORCHLIGHT: INFINITE,,1439,Action,XD,"May 9, 2023",0.0
39837f57,2026-05-26,02:04:56,2646460,SOULMASK,,4014,Adventure,CampFire Studio,"Apr 9, 2026",29.99
4ac84c4b,2026-05-26,02:04:56,1203220,NARAKA: BLADEPOINT,,8603,Action,24 Entertainment,"11 Aug, 2021",0.0
a92b6d4d,2026-05-26,02:04:56,1364780,STREET FIGHTER™ 6,,9886,Action,"CAPCOM Co., Ltd.","Jun 1, 2023",19.99
1c6aedf6,2026-05-26,02:04:56,238960,PATH OF EXILE,,4929,Action,Grinding Gear Games,"23 Oct, 2013",0.0
95a70e1d,2026-05-26,02:04:56,3224770,UMAMUSUME: PRETTY DERBY,,7726,Simulation,"Cygames, Inc.","24 Jun, 2025",0.0
603b1146,2026-05-26,02:04:56,1623660,MIR4,,6858,Action,Wemade Next,"Aug 25, 2021",0.0
4437b720,2026-05-27,02:13:16,730,COUNTER-STRIKE 2,1,613619,Action,Valve,"21 Aug, 2012",0.0
08228f42,2026-05-27,02:13:16,570,DOTA 2,2,281403,Action,Valve,"Jul 9, 2013",0.0
bc67000b,2026-05-27,02:13:16,2483190,FORZA HORIZON 6,3,165594,Racing,Playground Games,"18 May, 2026",69.99
1aec4629,2026-05-27,02:13:16,3419430,BONGO CAT,4,127191,Casual,Marcel Zurawka,"Mar 5, 2025",0.0
c0649ef1,2026-05-27,02:13:16,2676230,FIVEM,5,121606,Other,,,0.0
86b03ef5,2026-05-27,02:13:16,2767030,MARVEL RIVALS,6,93784,Action,NetEase Games,"5 Dec, 2024",0.0
a5c88d75,2026-05-27,02:13:16,2868840,SLAY THE SPIRE 2,7,88528,Indie,Mega Crit,"Mar 5, 2026",24.99
51abba2f,2026-05-27,02:13:16,1172470,APEX LEGENDS™,8,75422,Action,Respawn,"4 Nov, 2020",0.0
7e1ccb4b,2026-05-27,02:13:16,359550,TOM CLANCY'S RAINBOW SIX SIEGE,9,73502,Action,Ubisoft Montreal,"Dec 1, 2015",0.0
bf8bd50b,2026-05-27,02:13:16,2357570,OVERWATCH®,10,70174,Action,"Blizzard Entertainment, Inc.","Aug 10, 2023",0.0
1eab8812,2026-05-27,02:13:16,252490,RUST,11,64867,Action,Facepunch Studios,"Feb 8, 2018",39.99
5d9d3191,2026-05-27,02:13:16,1422450,DEADLOCK,12,0,Action,Valve,To be announced,0.0
3a179e5f,2026-05-27,02:13:16,381210,DEAD BY DAYLIGHT,13,60511,Action,Behaviour Interactive Inc.,"Jun 14, 2016",7.99
c81ec8a6,2026-05-27,02:13:16,1808500,ARC RAIDERS,14,56555,Action,Embark Studios,"30 Oct, 2025",39.99
7ced47e9,2026-05-27,02:13:16,1962700,SUBNAUTICA 2,15,56686,Action,Unknown Worlds Entertainment,"May 14, 2026",29.99
d183a410,2026-05-27,02:13:16,431960,WALLPAPER ENGINE,16,53847,Casual,Wallpaper Engine Team,"Nov 16, 2018",4.99
33c2c537,2026-05-27,02:13:16,413150,STARDEW VALLEY,17,50930,Indie,ConcernedApe,"Feb 26, 2016",14.99
e8d5937e,2026-05-27,02:13:16,322170,GEOMETRY DASH,18,47891,Action,RobTop Games,"Dec 22, 2014",4.99
b6a922f6,2026-05-27,02:13:16,230410,WARFRAME,19,47190,Action,Digital Extremes,"25 Mar, 2013",0.0
61121ce0,2026-05-27,02:13:16,552990,WORLD OF WARSHIPS,20,45751,Action,Wargaming Group Limited,"Nov 15, 2017",0.0
faf250b3,2026-05-27,02:13:16,1086940,BALDUR'S GATE 3,21,45806,Adventure,Larian Studios,"Aug 3, 2023",59.99
4ca8d71d,2026-05-27,02:13:16,440,TEAM FORTRESS 2,22,45748,Action,Valve,"Oct 10, 2007",0.0
065638c9,2026-05-27,02:13:16,3768760,007 FIRST LIGHT,23,44518,Action,IO Interactive A/S,"May 26, 2026",69.99
34a78268,2026-05-27,02:13:16,3241660,R.E.P.O.,24,41977,Action,semiwork,"Feb 26, 2025",9.99
804e7786,2026-05-27,02:13:16,2507950,DELTA FORCE,25,40674,Action,Team Jade,"4 Dec, 2024",0.0
1b32360d,2026-05-27,02:13:16,438100,VRCHAT,26,39413,Adventure,VRChat Inc.,"1 Feb, 2017",0.0
b8ecb593,2026-05-27,02:13:16,1118520,PARALIVES,27,38110,Simulation,Alex Massé and team,"25 May, 2026",44.99
b0398918,2026-05-27,02:13:16,2807960,BATTLEFIELD™ 6,28,37182,Action,Battlefield Studios,"10 Oct, 2025",41.99
70f4ec54,2026-05-27,02:13:16,3405690,EA SPORTS FC™ 26,29,36009,Simulation,EA Canada,"25 Sep, 2025",20.99
fbaa757c,2026-05-27,02:13:16,1366800,CROSSHAIR X,30,33496,Action,CenterPoint Gaming,"Aug 17, 2020",9.99
f87eef5c,2026-05-27,02:13:16,1938090,CALL OF DUTY®,31,33265,Action,Treyarch,"Oct 27, 2022",0.0
9de487e0,2026-05-27,02:13:16,271590,GRAND THEFT AUTO V LEGACY,32,31417,Action,Rockstar North,"Apr 13, 2015",0.0
0030cc46,2026-05-27,02:13:16,236390,WAR THUNDER,33,29911,Action,Gaijin Entertainment,"Aug 15, 2013",0.0
36d75c12,2026-05-27,02:13:16,39210,FINAL FANTASY XIV ONLINE,34,29504,Massively Multiplayer,Square Enix,"Feb 18, 2014",19.99
b9db3577,2026-05-27,02:13:16,221100,DAYZ,35,29261,Action,Bohemia Interactive,"Dec 13, 2018",49.99
5bbf919f,2026-05-27,02:13:16,3240220,GRAND THEFT AUTO V ENHANCED,36,29149,Action,Rockstar North,"Mar 4, 2025",19.79
67d71e7e,2026-05-27,02:13:16,550,LEFT 4 DEAD 2,37,28973,Action,Valve,"Nov 16, 2009",9.99
9bd2120c,2026-05-27,02:13:16,1245620,ELDEN RING,38,27893,Action,"FromSoftware, Inc.","Feb 24, 2022",59.99
186c78ba,2026-05-27,02:13:16,3321460,CRIMSON DESERT,39,27522,Action,Pearl Abyss,"Mar 19, 2026",69.99
3c9b56f4,2026-05-27,02:13:16,553850,HELLDIVERS™ 2,40,27230,Action,Arrowhead Game Studios,"8 Feb, 2024",39.99
5f039e25,2026-05-27,02:13:16,218620,PAYDAY 2,41,26077,Action,OVERKILL - a Starbreeze Studio.,"Aug 13, 2013",9.99
bfbb953d,2026-05-27,02:13:16,3472040,NBA 2K26,42,23669,Sports,Visual Concepts,"Sep 4, 2025",19.99
33b3c94d,2026-05-27,02:13:16,1973530,LIMBUS COMPANY,43,22787,Other,ProjectMoon,"26 Feb, 2023",0.0
db8ee551,2026-05-27,02:13:16,108600,PROJECT ZOMBOID,44,23204,Indie,The Indie Stone,"Nov 8, 2013",19.99
69fd1d02,2026-05-27,02:13:16,2399830,ARK: SURVIVAL ASCENDED,45,23150,Action,Studio Wildcard,"Oct 25, 2023",44.99
cdc652ef,2026-05-27,02:13:16,1222670,THE SIMS™ 4,46,23290,Adventure,Maxis,"Jun 18, 2020",0.0
9874a144,2026-05-27,02:13:16,1174180,RED DEAD REDEMPTION 2,47,22860,Action,Rockstar Games,"Dec 5, 2019",59.99
8dda6560,2026-05-27,02:13:16,489830,THE ELDER SCROLLS V: SKYRIM SPECIAL EDITION,48,22732,RPG,Bethesda Game Studios,"Oct 27, 2016",39.99
c9cdc9c5,2026-05-27,02:13:16,294100,RIMWORLD,49,22688,Indie,Ludeon Studios,"Oct 17, 2018",34.99
fece60a5,2026-05-27,02:13:16,3041230,WINDROSE,50,22498,Action,Kraken Express,"Apr 14, 2026",29.99
46b72248,2026-05-27,02:13:16,264710,SUBNAUTICA,51,22292,Adventure,Unknown Worlds Entertainment,"Jan 23, 2018",7.49
31afd225,2026-05-27,02:13:16,289070,SID MEIER’S CIVILIZATION® VI,52,21991,Strategy,Firaxis Games,"Oct 21, 2016",59.99
ea155c50,2026-05-27,02:13:16,4197610,LIBRARIAN: TIDY UP THE ARCANE LIBRARY!,53,21986,Casual,ArtRising,"Apr 30, 2026",5.99
5c5b478a,2026-05-27,02:13:16,105600,TERRARIA,54,21607,Action,Re-Logic,"May 16, 2011",9.99
d3c87056,2026-05-27,02:13:16,394360,HEARTS OF IRON IV,55,21175,Simulation,Paradox Development Studio,"Jun 6, 2016",49.99
c0fd5fd3,2026-05-27,02:13:16,1142710,TOTAL WAR: WARHAMMER III,56,21122,Action,CREATIVE ASSEMBLY,"Feb 17, 2022",59.99
38a20c4d,2026-05-27,02:13:16,252950,ROCKET LEAGUE®,57,20505,Action,Psyonix LLC,"Jul 7, 2015",0.0
01a52c3d,2026-05-27,02:13:16,1091500,CYBERPUNK 2077,58,19731,RPG,CD PROJEKT RED,"Dec 9, 2020",20.99
0102da0a,2026-05-27,02:13:16,2215200,LEGO® BATMAN™: LEGACY OF THE DARK KNIGHT,59,18938,Action,TT Games,"22 May, 2026",28999.0
40b9cbb1,2026-05-27,02:13:16,1085660,DESTINY 2,60,18648,Action,Bungie,"Oct 1, 2019",0.0
33cf1206,2026-05-27,02:13:16,578080,PUBG: BATTLEGROUNDS,61,18502,Action,PUBG Corporation,"21 Dec, 2017",0.0
09c83517,2026-05-27,02:13:16,440900,CONAN EXILES ENHANCED,62,18686,Action,Funcom,"May 8, 2018",29.99
3ec5873a,2026-05-27,02:13:16,2183900,"WARHAMMER 40,000: SPACE MARINE 2",63,17935,Action,Saber Interactive,"9 Sep, 2024",17.99
db1ccba8,2026-05-27,02:13:16,582660,BLACK DESERT,64,17863,Action,Pearl Abyss,"May 24, 2017",0.99
57801f26,2026-05-27,02:13:16,2344520,DIABLO® IV,65,17382,Action,"Blizzard Entertainment, Inc.","Oct 17, 2023",49.99
c4debd72,2026-05-27,02:13:16,3551340,FOOTBALL MANAGER 26,66,16996,Simulation,Sports Interactive,"Nov 4, 2025",59.99
f15fc51a,2026-05-27,02:13:16,1281930,TMODLOADER,67,16918,Action,TML Team,"May 16, 2020",0.0
9a44a5d6,2026-05-27,02:13:16,4000,GARRY'S MOD,68,16450,Casual,Facepunch Studios,"Nov 29, 2006",4.99
fce8167f,2026-05-27,02:13:16,251570,7 DAYS TO DIE,69,16121,Action,The Fun Pimps,"Jul 25, 2024",44.99
86a0358d,2026-05-27,02:13:16,250900,THE BINDING OF ISAAC: REBIRTH,70,15587,Action,"Nicalis, Inc.","Nov 4, 2014",14.99
932ee6eb,2026-05-27,02:13:16,3527290,PEAK,71,15303,Action,Team PEAK,"16 Jun, 2025",7.49
2058d2d3,2026-05-27,02:13:16,813780,AGE OF EMPIRES II: DEFINITIVE EDITION,72,15223,Strategy,World's Edge,"Nov 14, 2019",12.24
e9d76016,2026-05-27,02:13:16,2694490,PATH OF EXILE 2,73,14389,Action,Grinding Gear Games,"Dec 6, 2024",29.99
13785400,2026-05-27,02:13:16,284160,BEAMNG.DRIVE,74,14449,Racing,BeamNG,"May 29, 2015",24.99
1f54f757,2026-05-27,02:13:16,892970,VALHEIM,75,14130,Action,Iron Gate AB,"Feb 2, 2021",9.99
18424e9e,2026-05-27,02:13:16,2073620,ARENA BREAKOUT: INFINITE,76,13716,Action,Morefun Studios,"Sep 15, 2025",0.0
6e5fd85e,2026-05-27,02:13:16,346110,ARK: SURVIVAL EVOLVED,77,13551,Action,Studio Wildcard,"Aug 27, 2017",14.99
b8988bae,2026-05-27,02:13:16,261550,MOUNT & BLADE II: BANNERLORD,78,13487,Action,TaleWorlds Entertainment,"Oct 25, 2022",24.99
d87a1abe,2026-05-27,02:13:16,1158310,CRUSADER KINGS III,79,13437,RPG,Paradox Development Studio,"Sep 1, 2020",14.99
77fb2b93,2026-05-27,02:13:16,2622380,ELDEN RING NIGHTREIGN,80,12975,Action,"FromSoftware, Inc.","29 May, 2025",39.99
32bdddfa,2026-05-27,02:13:16,2300320,FARMING SIMULATOR 25,81,13337,Simulation,GIANTS Software,"Nov 12, 2024",29.99
d9c3f17c,2026-05-27,02:13:16,3892270,GAMBLE WITH YOUR FRIENDS,82,13171,Adventure,SkyBrave,"1 May, 2026",4.95
0e36c8bd,2026-05-27,02:13:16,1665460,EFOOTBALL™,83,12935,Simulation,KONAMI,"Sep 29, 2021",0.0
28484a55,2026-05-27,02:13:16,1623730,PALWORLD,84,12930,Action,Pocketpair,"Jan 19, 2024",29.99
03130a49,2026-05-27,02:13:16,427520,FACTORIO,85,12912,Casual,Wube Software LTD.,"Aug 14, 2020",35.0
8d55aa9f,2026-05-27,02:13:16,3164500,SCHEDULE I,86,12795,Action,TVGS,"Mar 24, 2025",19.99
2f4cabfc,2026-05-27,02:13:16,2073850,THE FINALS,87,12803,Action,Embark Studios,"Dec 7, 2023",0.0
0fc802b4,2026-05-27,02:13:16,304930,UNTURNED,88,12525,Action,Smartly Dressed Games,"Jul 7, 2017",0.0
416bc731,2026-05-27,02:13:16,526870,SATISFACTORY,89,12295,Adventure,Coffee Stain Studios,"Sep 10, 2024",27.99
747fb469,2026-05-27,02:13:16,1905180,OBS STUDIO,90,12190,Utilities,OBS Project,"Mar 21, 2022",0.0
3b14d89a,2026-05-27,02:13:16,291550,BRAWLHALLA,91,12322,Action,Blue Mammoth Games,"Oct 17, 2017",0.0
ed18a186,2026-05-27,02:13:16,227300,EURO TRUCK SIMULATOR 2,92,12043,Indie,SCS Software,"Oct 12, 2012",19.99
96ae2de5,2026-05-27,02:13:16,322330,DON'T STARVE TOGETHER,93,11693,Action,Klei Entertainment,"Apr 21, 2016",14.99
2c4eda47,2026-05-27,02:13:16,739630,PHASMOPHOBIA,94,12006,Action,Kinetic Games,"Sep 18, 2020",19.99
1682c88e,2026-05-27,02:13:16,1295660,SID MEIER'S CIVILIZATION VII,95,11788,Simulation,Firaxis Games,"Feb 10, 2025",41.99
a0168716,2026-05-27,02:13:16,1623660,MIR4,96,11767,Action,Wemade Next,"Aug 25, 2021",0.0
2293667c,2026-05-27,02:13:16,8930,SID MEIER'S CIVILIZATION® V,97,11768,Strategy,Firaxis Games,"Sep 21, 2010",29.99
a7ada545,2026-05-27,02:13:16,281990,STELLARIS,98,11715,Simulation,Paradox Development Studio,"May 9, 2016",39.99
5b5ceb00,2026-05-27,02:13:16,3513350,WUTHERING WAVES,99,11499,Action,KURO GAMES,"Apr 28, 2025",0.0
78eb2a4c,2026-05-27,02:13:16,376210,THE ISLE,100,11607,Action,Afterthought LLC,"Dec 1, 2015",19.99
8ba73a85,2026-05-27,02:13:16,270880,AMERICAN TRUCK SIMULATOR,,9098,Indie,SCS Software,"Feb 2, 2016",4.99
13400ab5,2026-05-27,02:13:16,4128580,BIDKING,,5671,Casual,MindSurge Network & Games,"Apr 15, 2026",2.99
9742a67b,2026-05-27,02:13:16,2252570,FOOTBALL MANAGER 2024,,9643,Simulation,Sports Interactive,"Nov 6, 2023",0.0
8ea18454,2026-05-27,02:13:16,1203220,NARAKA: BLADEPOINT,,9777,Action,24 Entertainment,"11 Aug, 2021",0.0
93a3d424,2026-05-27,02:13:16,3357650,PRAGMATA,,2745,Action,"CAPCOM Co., Ltd.","Apr 17, 2026",59.99
12270f49,2026-05-27,02:13:16,275850,NO MAN'S SKY,,8206,Action,Hello Games,"Aug 12, 2016",59.99
79023be4,2026-05-27,02:13:16,377160,FALLOUT 4,,10849,RPG,Bethesda Game Studios,"Nov 9, 2015",19.99
25f9dba8,2026-05-27,02:13:16,2646460,SOULMASK,,3503,Adventure,CampFire Studio,"Apr 9, 2026",29.99
12de64fe,2026-05-27,02:13:16,2605790,DEEP ROCK GALACTIC: ROGUE CORE,,8893,Action,Ghost Ship Games,"20 May, 2026",29.99
a4dea9e2,2026-05-27,02:13:16,2119830,MISERY,,2019,Action,Platypus Entertainment,"23 Oct, 2025",8.41
cabe48d8,2026-05-27,02:13:16,2584990,SHADOWVERSE: WORLDS BEYOND,,4151,Casual,"Cygames, Inc.","Jun 14, 2025",0.0
1db1bfc2,2026-05-27,02:13:16,1449850,YU-GI-OH! MASTER DUEL,,10737,Simulation,KONAMI,"18 Jan, 2022",0.0
61b83704,2026-05-27,02:13:16,3124540,FAR FAR WEST,,8471,Action,Evil Raptor,"Apr 28, 2026",17.99
f06f91e3,2026-05-27,02:13:16,1974050,TORCHLIGHT: INFINITE,,1368,Action,XD,"May 9, 2023",0.0
908a40bb,2026-05-27,02:13:16,2923300,BANANA,,7642,Adventure,Sky,"Apr 23, 2024",0.0
7d55f5d1,2026-05-27,02:13:16,2707930,PALIA,,9428,Adventure,Singularity 6 Corporation,"Mar 25, 2024",0.0
a02dde15,2026-05-27,02:13:16,594650,HUNT: SHOWDOWN 1896,,7515,Action,Crytek,"Aug 27, 2019",13.49
b5ee5022,2026-05-27,02:13:16,3224770,UMAMUSUME: PRETTY DERBY,,7976,Simulation,"Cygames, Inc.","24 Jun, 2025",0.0
601c67b5,2026-05-27,02:13:16,306130,THE ELDER SCROLLS® ONLINE,,8575,Action,ZeniMax Online Studios,"May 22, 2017",19.99
ed761528,2026-05-27,02:13:16,3065800,MARATHON,,11398,Action,Bungie,"Mar 5, 2026",31.99
1a78ec4b,2026-05-27,02:13:16,4025700,HEARTOPIA,,9252,Casual,XD,"16 Jan, 2026",0.0
fc03288a,2026-05-27,02:13:16,960090,BLOONS TD 6,,7842,Strategy,Ninja Kiwi,"Dec 17, 2018",13.99
ea9c8c92,2026-05-27,02:13:16,1716740,STARFIELD,,5867,RPG,Bethesda Game Studios,"Sep 5, 2023",49.99
05a14e03,2026-05-27,02:13:16,629520,SOUNDPAD,,9649,Audio Production,Leppsoft,"Sep 30, 2017",4.99
cc833a13,2026-05-27,02:13:16,3564740,WHERE WINDS MEET,,10976,Action,Everstone Studio,"14 Nov, 2025",0.0
5110d992,2026-05-27,02:13:16,240,COUNTER-STRIKE: SOURCE,,10663,Action,Valve,"1 Nov, 2004",5.79
49945111,2026-05-27,02:13:16,2479810,GRAY ZONE WARFARE,,5223,Action,"MADFINGER Games, a.s.","Apr 30, 2024",39.99
f7e7f7fd,2026-05-27,02:13:16,1476970,IDLEON,,8919,Casual,Lavaflame2,"Nov 6, 2025",0.0
87f00f11,2026-05-27,02:13:16,220200,KERBAL SPACE PROGRAM,,8018,Indie,Squad,"Apr 27, 2015",39.99
06955ea6,2026-05-27,02:13:16,4465480,COUNTER-STRIKE:GLOBAL OFFENSIVE,,7662,Action,Valve,"Aug 21, 2012",0.0
f344d9fc,2026-05-27,02:13:16,1604030,V RISING,,7102,Action,Stunlock Studios,"May 8, 2024",15.74
15807183,2026-05-27,02:13:16,1144200,READY OR NOT,,6020,Action,VOID Interactive,"Dec 13, 2023",24.99
d27d9dde,2026-05-27,02:13:16,1203620,ENSHROUDED,,9218,Action,Keen Games GmbH,"Jan 24, 2024",23.99
82569adf,2026-05-27,02:13:16,3764200,RESIDENT EVIL REQUIEM,,4995,Action,"CAPCOM Co., Ltd.","Feb 26, 2026",69.99
3af5a3e7,2026-05-27,02:13:16,3105440,HEROES OF MIGHT AND MAGIC: OLDEN ERA,,6010,RPG,Unfrozen,"Apr 30, 2026",29.99
4c3a0277,2026-05-27,02:13:16,216150,MAPLESTORY,,10429,Action,NEXON Korea Corporation,"Aug 9, 2012",0.0
80cbf3ca,2026-05-27,02:13:16,3679080,THE SEVEN DEADLY SINS: ORIGIN,,3806,Action,Netmarble F&C,"Mar 16, 2026",0.0
77be38d3,2026-05-27,02:13:16,3265700,VAMPIRE CRAWLERS: THE TURBO WILDCARD FROM VAMPIRE SURVIVORS,,2692,Action,poncle,"Apr 21, 2026",9.99
a49f4c6a,2026-05-27,02:13:16,1364780,STREET FIGHTER™ 6,,10496,Action,"CAPCOM Co., Ltd.","Jun 1, 2023",19.99
32a794dd,2026-05-27,02:13:16,1874880,ARMA REFORGER,,10914,Action,Bohemia Interactive,"Nov 16, 2023",39.99
58ec2f31,2026-05-27,02:13:16,238960,PATH OF EXILE,,4609,Action,Grinding Gear Games,"23 Oct, 2013",0.0
7a82f7c2,2026-05-28,01:56:13,730,COUNTER-STRIKE 2,1,599823,Action,Valve,"21 Aug, 2012",0.0
2d1454ff,2026-05-28,01:56:13,570,DOTA 2,2,269360,Action,Valve,"Jul 9, 2013",0.0
2ae46f77,2026-05-28,01:56:13,2483190,FORZA HORIZON 6,3,157502,Racing,Playground Games,"18 May, 2026",69.99
b5def43d,2026-05-28,01:56:13,3419430,BONGO CAT,4,139827,Casual,Marcel Zurawka,"Mar 5, 2025",0.0
08ce4688,2026-05-28,01:56:13,2676230,FIVEM,5,126012,Other,,,0.0
f7a2f236,2026-05-28,01:56:13,578080,PUBG: BATTLEGROUNDS,6,120274,Action,PUBG Corporation,"21 Dec, 2017",0.0
c48c727f,2026-05-28,01:56:13,2767030,MARVEL RIVALS,7,92702,Action,NetEase Games,"5 Dec, 2024",0.0
a0d70284,2026-05-28,01:56:13,2868840,SLAY THE SPIRE 2,8,84178,Indie,Mega Crit,"Mar 5, 2026",24.99
de46f757,2026-05-28,01:56:13,1172470,APEX LEGENDS™,9,72948,Action,Respawn,"4 Nov, 2020",0.0
52c08e80,2026-05-28,01:56:13,359550,TOM CLANCY'S RAINBOW SIX SIEGE,10,73823,Action,Ubisoft Montreal,"Dec 1, 2015",0.0
f8234f94,2026-05-28,01:56:13,2357570,OVERWATCH®,11,66302,Action,"Blizzard Entertainment, Inc.","Aug 10, 2023",0.0
368ad704,2026-05-28,01:56:13,1422450,DEADLOCK,12,0,Action,Valve,To be announced,0.0
7a05ac5b,2026-05-28,01:56:13,252490,RUST,13,60807,Action,Facepunch Studios,"Feb 8, 2018",39.99
cb45a51e,2026-05-28,01:56:13,381210,DEAD BY DAYLIGHT,14,55285,Action,Behaviour Interactive Inc.,"Jun 14, 2016",7.99
b93b26c6,2026-05-28,01:56:13,1808500,ARC RAIDERS,15,54955,Action,Embark Studios,"30 Oct, 2025",39.99
79d35b54,2026-05-28,01:56:13,431960,WALLPAPER ENGINE,16,52807,Casual,Wallpaper Engine Team,"Nov 16, 2018",4.99
16146073,2026-05-28,01:56:13,322170,GEOMETRY DASH,17,49488,Action,RobTop Games,"Dec 22, 2014",4.99
62882c03,2026-05-28,01:56:13,3768760,007 FIRST LIGHT,18,48960,Action,IO Interactive A/S,"May 26, 2026",69.99
09d90ee0,2026-05-28,01:56:13,1962700,SUBNAUTICA 2,19,49040,Action,Unknown Worlds Entertainment,"May 14, 2026",29.99
1f917e27,2026-05-28,01:56:13,413150,STARDEW VALLEY,20,48649,Indie,ConcernedApe,"Feb 26, 2016",14.99
63acae71,2026-05-28,01:56:13,230410,WARFRAME,21,46681,Action,Digital Extremes,"25 Mar, 2013",0.0
a175b554,2026-05-28,01:56:13,1086940,BALDUR'S GATE 3,22,45229,Adventure,Larian Studios,"Aug 3, 2023",59.99
63c86959,2026-05-28,01:56:13,552990,WORLD OF WARSHIPS,23,44324,Action,Wargaming Group Limited,"Nov 15, 2017",0.0
0494a1a3,2026-05-28,01:56:13,438100,VRCHAT,24,42311,Adventure,VRChat Inc.,"1 Feb, 2017",0.0
70bf9cab,2026-05-28,01:56:13,3241660,R.E.P.O.,25,41738,Action,semiwork,"Feb 26, 2025",9.99
13ee9238,2026-05-28,01:56:13,2507950,DELTA FORCE,26,40172,Action,Team Jade,"4 Dec, 2024",0.0
4d8cefe6,2026-05-28,01:56:13,3405690,EA SPORTS FC™ 26,27,35641,Simulation,EA Canada,"25 Sep, 2025",20.99
92180e18,2026-05-28,01:56:13,2807960,BATTLEFIELD™ 6,28,35371,Action,Battlefield Studios,"10 Oct, 2025",41.99
7d1e9c12,2026-05-28,01:56:13,440,TEAM FORTRESS 2,29,35024,Action,Valve,"Oct 10, 2007",0.0
35b839af,2026-05-28,01:56:13,1118520,PARALIVES,30,33783,Simulation,Alex Massé and team,"25 May, 2026",44.99
e9f09f22,2026-05-28,01:56:13,1938090,CALL OF DUTY®,31,33587,Action,Treyarch,"Oct 27, 2022",0.0
bfbf7462,2026-05-28,01:56:13,271590,GRAND THEFT AUTO V LEGACY,32,31738,Action,Rockstar North,"Apr 13, 2015",0.0
55c03972,2026-05-28,01:56:13,1366800,CROSSHAIR X,33,31255,Action,CenterPoint Gaming,"Aug 17, 2020",9.99
8125fd1c,2026-05-28,01:56:13,236390,WAR THUNDER,34,29474,Action,Gaijin Entertainment,"Aug 15, 2013",0.0
7902e29e,2026-05-28,01:56:13,221100,DAYZ,35,28991,Action,Bohemia Interactive,"Dec 13, 2018",49.99
b1608864,2026-05-28,01:56:13,3240220,GRAND THEFT AUTO V ENHANCED,36,29524,Action,Rockstar North,"Mar 4, 2025",19.79
62cc4fae,2026-05-28,01:56:13,39210,FINAL FANTASY XIV ONLINE,37,29214,Massively Multiplayer,Square Enix,"Feb 18, 2014",19.99
6b1cd60d,2026-05-28,01:56:13,550,LEFT 4 DEAD 2,38,28705,Action,Valve,"Nov 16, 2009",9.99
5ef6ffe3,2026-05-28,01:56:13,1245620,ELDEN RING,39,27564,Action,"FromSoftware, Inc.","Feb 24, 2022",59.99
8e135a09,2026-05-28,01:56:13,553850,HELLDIVERS™ 2,40,26391,Action,Arrowhead Game Studios,"8 Feb, 2024",39.99
615b5063,2026-05-28,01:56:13,3321460,CRIMSON DESERT,41,26103,Action,Pearl Abyss,"Mar 19, 2026",69.99
51b20f92,2026-05-28,01:56:13,218620,PAYDAY 2,42,25104,Action,OVERKILL - a Starbreeze Studio.,"Aug 13, 2013",9.99
2db32afa,2026-05-28,01:56:13,240,COUNTER-STRIKE: SOURCE,43,23747,Action,Valve,"1 Nov, 2004",5.79
03e0bfc5,2026-05-28,01:56:13,1222670,THE SIMS™ 4,44,23408,Adventure,Maxis,"Jun 18, 2020",0.0
6249c8ae,2026-05-28,01:56:13,2399830,ARK: SURVIVAL ASCENDED,45,23065,Action,Studio Wildcard,"Oct 25, 2023",44.99
40276dea,2026-05-28,01:56:13,3472040,NBA 2K26,46,22620,Sports,Visual Concepts,"Sep 4, 2025",19.99
015389b3,2026-05-28,01:56:13,108600,PROJECT ZOMBOID,47,22725,Indie,The Indie Stone,"Nov 8, 2013",19.99
0d5e52de,2026-05-28,01:56:13,489830,THE ELDER SCROLLS V: SKYRIM SPECIAL EDITION,48,22605,RPG,Bethesda Game Studios,"Oct 27, 2016",39.99
8774b5ac,2026-05-28,01:56:13,294100,RIMWORLD,49,22611,Indie,Ludeon Studios,"Oct 17, 2018",34.99
f4df3f66,2026-05-28,01:56:13,1174180,RED DEAD REDEMPTION 2,50,21617,Action,Rockstar Games,"Dec 5, 2019",59.99
6cd2fce7,2026-05-28,01:56:13,289070,SID MEIER’S CIVILIZATION® VI,51,21607,Strategy,Firaxis Games,"Oct 21, 2016",59.99
49cdfc44,2026-05-28,01:56:13,394360,HEARTS OF IRON IV,52,21364,Simulation,Paradox Development Studio,"Jun 6, 2016",49.99
578c9b68,2026-05-28,01:56:13,252950,ROCKET LEAGUE®,53,20916,Action,Psyonix LLC,"Jul 7, 2015",0.0
3860cc8e,2026-05-28,01:56:13,3041230,WINDROSE,54,20756,Action,Kraken Express,"Apr 14, 2026",29.99
0c959747,2026-05-28,01:56:13,1142710,TOTAL WAR: WARHAMMER III,55,20644,Action,CREATIVE ASSEMBLY,"Feb 17, 2022",59.99
56e997cd,2026-05-28,01:56:13,264710,SUBNAUTICA,56,20615,Adventure,Unknown Worlds Entertainment,"Jan 23, 2018",7.49
73f4e4df,2026-05-28,01:56:13,4465480,COUNTER-STRIKE:GLOBAL OFFENSIVE,57,19997,Action,Valve,"Aug 21, 2012",0.0
0052b0c2,2026-05-28,01:56:13,4197610,LIBRARIAN: TIDY UP THE ARCANE LIBRARY!,58,20296,Casual,ArtRising,"Apr 30, 2026",5.99
8ed84be9,2026-05-28,01:56:13,105600,TERRARIA,59,20070,Action,Re-Logic,"May 16, 2011",9.99
7dfbc2e7,2026-05-28,01:56:13,2344520,DIABLO® IV,60,19439,Action,"Blizzard Entertainment, Inc.","Oct 17, 2023",49.99
8734af23,2026-05-28,01:56:13,1091500,CYBERPUNK 2077,61,19348,RPG,CD PROJEKT RED,"Dec 9, 2020",20.99
61036f02,2026-05-28,01:56:13,2183900,"WARHAMMER 40,000: SPACE MARINE 2",62,18657,Action,Saber Interactive,"9 Sep, 2024",17.99
f6a38f90,2026-05-28,01:56:13,1085660,DESTINY 2,63,18212,Action,Bungie,"Oct 1, 2019",0.0
6bf03aa4,2026-05-28,01:56:13,1281930,TMODLOADER,64,18050,Action,TML Team,"May 16, 2020",0.0
c15c0e43,2026-05-28,01:56:13,440900,CONAN EXILES ENHANCED,65,17415,Action,Funcom,"May 8, 2018",29.99
8be52713,2026-05-28,01:56:13,3551340,FOOTBALL MANAGER 26,66,16661,Simulation,Sports Interactive,"Nov 4, 2025",59.99
78c8bfda,2026-05-28,01:56:13,4000,GARRY'S MOD,67,16898,Casual,Facepunch Studios,"Nov 29, 2006",4.99
63f22199,2026-05-28,01:56:13,2215200,LEGO® BATMAN™: LEGACY OF THE DARK KNIGHT,68,16778,Action,TT Games,"22 May, 2026",28999.0
c0baa729,2026-05-28,01:56:13,250900,THE BINDING OF ISAAC: REBIRTH,69,16081,Action,"Nicalis, Inc.","Nov 4, 2014",14.99
893d2342,2026-05-28,01:56:13,275850,NO MAN'S SKY,70,15995,Action,Hello Games,"Aug 12, 2016",59.99
59755a9e,2026-05-28,01:56:13,582660,BLACK DESERT,71,15925,Action,Pearl Abyss,"May 24, 2017",0.99
858e92ec,2026-05-28,01:56:13,251570,7 DAYS TO DIE,72,15507,Action,The Fun Pimps,"Jul 25, 2024",44.99
486b3ef5,2026-05-28,01:56:13,2694490,PATH OF EXILE 2,73,15214,Action,Grinding Gear Games,"Dec 6, 2024",29.99
0deacc7c,2026-05-28,01:56:13,813780,AGE OF EMPIRES II: DEFINITIVE EDITION,74,15110,Strategy,World's Edge,"Nov 14, 2019",12.24
902d5e4c,2026-05-28,01:56:13,3527290,PEAK,75,15050,Action,Team PEAK,"16 Jun, 2025",7.49
ab9be9f4,2026-05-28,01:56:13,284160,BEAMNG.DRIVE,76,14624,Racing,BeamNG,"May 29, 2015",24.99
45cf4a33,2026-05-28,01:56:13,2073620,ARENA BREAKOUT: INFINITE,77,13659,Action,Morefun Studios,"Sep 15, 2025",0.0
3b86eeaa,2026-05-28,01:56:13,4128580,BIDKING,78,13647,Casual,MindSurge Network & Games,"Apr 15, 2026",2.99
8eb29d01,2026-05-28,01:56:13,892970,VALHEIM,79,13374,Action,Iron Gate AB,"Feb 2, 2021",9.99
c7cb461b,2026-05-28,01:56:13,2300320,FARMING SIMULATOR 25,80,13105,Simulation,GIANTS Software,"Nov 12, 2024",29.99
076aea07,2026-05-28,01:56:13,1158310,CRUSADER KINGS III,81,13265,RPG,Paradox Development Studio,"Sep 1, 2020",14.99
53abb60e,2026-05-28,01:56:13,1623730,PALWORLD,82,13134,Action,Pocketpair,"Jan 19, 2024",29.99
667ead44,2026-05-28,01:56:13,346110,ARK: SURVIVAL EVOLVED,83,13071,Action,Studio Wildcard,"Aug 27, 2017",14.99
df0caaa2,2026-05-28,01:56:13,2622380,ELDEN RING NIGHTREIGN,84,12816,Action,"FromSoftware, Inc.","29 May, 2025",39.99
75e8959a,2026-05-28,01:56:13,261550,MOUNT & BLADE II: BANNERLORD,85,12914,Action,TaleWorlds Entertainment,"Oct 25, 2022",24.99
148bc13a,2026-05-28,01:56:13,427520,FACTORIO,86,12811,Casual,Wube Software LTD.,"Aug 14, 2020",35.0
60e0da1d,2026-05-28,01:56:13,1905180,OBS STUDIO,87,12750,Utilities,OBS Project,"Mar 21, 2022",0.0
0c51b32b,2026-05-28,01:56:13,2073850,THE FINALS,88,12655,Action,Embark Studios,"Dec 7, 2023",0.0
4995951e,2026-05-28,01:56:13,3892270,GAMBLE WITH YOUR FRIENDS,89,12029,Adventure,SkyBrave,"1 May, 2026",4.95
db76d7b2,2026-05-28,01:56:13,291550,BRAWLHALLA,90,12244,Action,Blue Mammoth Games,"Oct 17, 2017",0.0
8f91059c,2026-05-28,01:56:13,3164500,SCHEDULE I,91,12295,Action,TVGS,"Mar 24, 2025",19.99
0094725a,2026-05-28,01:56:13,227300,EURO TRUCK SIMULATOR 2,92,11875,Indie,SCS Software,"Oct 12, 2012",19.99
239956d8,2026-05-28,01:56:13,1665460,EFOOTBALL™,93,12103,Simulation,KONAMI,"Sep 29, 2021",0.0
3c3e1175,2026-05-28,01:56:13,526870,SATISFACTORY,94,12047,Adventure,Coffee Stain Studios,"Sep 10, 2024",27.99
547a04c9,2026-05-28,01:56:13,3065800,MARATHON,95,11944,Action,Bungie,"Mar 5, 2026",31.99
9b027ee3,2026-05-28,01:56:13,376210,THE ISLE,96,11695,Action,Afterthought LLC,"Dec 1, 2015",19.99
3907264e,2026-05-28,01:56:13,1623660,MIR4,97,11599,Action,Wemade Next,"Aug 25, 2021",0.0
5849cf47,2026-05-28,01:56:13,322330,DON'T STARVE TOGETHER,98,11389,Action,Klei Entertainment,"Apr 21, 2016",14.99
f234d0bd,2026-05-28,01:56:13,8930,SID MEIER'S CIVILIZATION® V,99,11531,Strategy,Firaxis Games,"Sep 21, 2010",29.99
c8acaa26,2026-05-28,01:56:13,281990,STELLARIS,100,11542,Simulation,Paradox Development Studio,"May 9, 2016",39.99
590284ed,2026-05-28,01:56:13,2119830,MISERY,,1731,Action,Platypus Entertainment,"23 Oct, 2025",8.41
6370ea03,2026-05-28,01:56:13,1203620,ENSHROUDED,,8670,Action,Keen Games GmbH,"Jan 24, 2024",23.99
be1c530c,2026-05-28,01:56:13,2479810,GRAY ZONE WARFARE,,5110,Action,"MADFINGER Games, a.s.","Apr 30, 2024",39.99
0a2cf88c,2026-05-28,01:56:13,3224770,UMAMUSUME: PRETTY DERBY,,8050,Simulation,"Cygames, Inc.","24 Jun, 2025",0.0
12bdd50b,2026-05-28,01:56:13,2605790,DEEP ROCK GALACTIC: ROGUE CORE,,7660,Action,Ghost Ship Games,"20 May, 2026",29.99
b652a10f,2026-05-28,01:56:13,3105440,HEROES OF MIGHT AND MAGIC: OLDEN ERA,,5696,RPG,Unfrozen,"Apr 30, 2026",29.99
a08b1de7,2026-05-28,01:56:13,629520,SOUNDPAD,,9815,Audio Production,Leppsoft,"Sep 30, 2017",4.99
ad5bfe1b,2026-05-28,01:56:13,1874880,ARMA REFORGER,,10805,Action,Bohemia Interactive,"Nov 16, 2023",39.99
248e66c4,2026-05-28,01:56:13,377160,FALLOUT 4,,9663,RPG,Bethesda Game Studios,"Nov 9, 2015",19.99
88669638,2026-05-28,01:56:13,1716740,STARFIELD,,5608,RPG,Bethesda Game Studios,"Sep 5, 2023",49.99
764e2a07,2026-05-28,01:56:13,594650,HUNT: SHOWDOWN 1896,,8074,Action,Crytek,"Aug 27, 2019",13.49
2249013e,2026-05-28,01:56:13,960090,BLOONS TD 6,,8113,Strategy,Ninja Kiwi,"Dec 17, 2018",13.99
64f0aff0,2026-05-28,01:56:13,3564740,WHERE WINDS MEET,,8880,Action,Everstone Studio,"14 Nov, 2025",0.0
8530338a,2026-05-28,01:56:13,238960,PATH OF EXILE,,4420,Action,Grinding Gear Games,"23 Oct, 2013",0.0
ac15d781,2026-05-28,01:56:13,1144200,READY OR NOT,,5776,Action,VOID Interactive,"Dec 13, 2023",24.99
2ca6a205,2026-05-28,01:56:13,1973530,LIMBUS COMPANY,,3454,Other,ProjectMoon,"26 Feb, 2023",0.0
496e5d69,2026-05-28,01:56:13,1203220,NARAKA: BLADEPOINT,,9599,Action,24 Entertainment,"11 Aug, 2021",0.0
6ba48e60,2026-05-28,01:56:13,1476970,IDLEON,,8642,Casual,Lavaflame2,"Nov 6, 2025",0.0
0db3864a,2026-05-28,01:56:13,3124540,FAR FAR WEST,,7954,Action,Evil Raptor,"Apr 28, 2026",17.99
02709cf9,2026-05-28,01:56:13,2646460,SOULMASK,,3376,Adventure,CampFire Studio,"Apr 9, 2026",29.99
15412bdb,2026-05-28,01:56:13,306130,THE ELDER SCROLLS® ONLINE,,8639,Action,ZeniMax Online Studios,"May 22, 2017",19.99
6cb4d936,2026-05-28,01:56:13,4025700,HEARTOPIA,,10079,Casual,XD,"16 Jan, 2026",0.0
eb220ebd,2026-05-28,01:56:13,304930,UNTURNED,,10537,Action,Smartly Dressed Games,"Jul 7, 2017",0.0
a7a6d55a,2026-05-28,01:56:13,216150,MAPLESTORY,,10653,Action,NEXON Korea Corporation,"Aug 9, 2012",0.0
5e542081,2026-05-28,01:56:13,220200,KERBAL SPACE PROGRAM,,7793,Indie,Squad,"Apr 27, 2015",39.99
45ee5953,2026-05-28,01:56:13,270880,AMERICAN TRUCK SIMULATOR,,8711,Indie,SCS Software,"Feb 2, 2016",4.99
c5246181,2026-05-28,01:56:13,3265700,VAMPIRE CRAWLERS: THE TURBO WILDCARD FROM VAMPIRE SURVIVORS,,2550,Action,poncle,"Apr 21, 2026",9.99
b85f1bb2,2026-05-28,01:56:13,1604030,V RISING,,7005,Action,Stunlock Studios,"May 8, 2024",15.74
9635170d,2026-05-28,01:56:13,1974050,TORCHLIGHT: INFINITE,,1226,Action,XD,"May 9, 2023",0.0
dbf8f5cc,2026-05-28,01:56:13,2707930,PALIA,,9301,Adventure,Singularity 6 Corporation,"Mar 25, 2024",0.0
88396f7d,2026-05-28,01:56:13,3513350,WUTHERING WAVES,,10606,Action,KURO GAMES,"Apr 28, 2025",0.0
6962c1fd,2026-05-28,01:56:13,1364780,STREET FIGHTER™ 6,,7663,Action,"CAPCOM Co., Ltd.","Jun 1, 2023",19.99
bec6037b,2026-05-28,01:56:13,3679080,THE SEVEN DEADLY SINS: ORIGIN,,3670,Action,Netmarble F&C,"Mar 16, 2026",0.0
8597a656,2026-05-28,01:56:13,739630,PHASMOPHOBIA,,11015,Action,Kinetic Games,"Sep 18, 2020",19.99
29730a04,2026-05-28,01:56:13,1449850,YU-GI-OH! MASTER DUEL,,10502,Simulation,KONAMI,"18 Jan, 2022",0.0
fc6b4e8f,2026-05-28,01:56:13,3357650,PRAGMATA,,2585,Action,"CAPCOM Co., Ltd.","Apr 17, 2026",59.99
6a474349,2026-05-28,01:56:13,1295660,SID MEIER'S CIVILIZATION VII,,11268,Simulation,Firaxis Games,"Feb 10, 2025",41.99
e5bb12bf,2026-05-28,01:56:13,2252570,FOOTBALL MANAGER 2024,,9730,Simulation,Sports Interactive,"Nov 6, 2023",0.0
0765f2af,2026-05-28,01:56:13,2584990,SHADOWVERSE: WORLDS BEYOND,,3710,Casual,"Cygames, Inc.","Jun 14, 2025",0.0
174537ac,2026-05-28,01:56:13,2923300,BANANA,,7735,Adventure,Sky,"Apr 23, 2024",0.0
d05f4d6f,2026-05-28,01:56:13,3764200,RESIDENT EVIL REQUIEM,,4734,Action,"CAPCOM Co., Ltd.","Feb 26, 2026",69.99
dd44ef91,2026-05-29,02:04:25,730,COUNTER-STRIKE 2,1,588534,Action,Valve,"21 Aug, 2012",0.0
acd9589b,2026-05-29,02:04:25,570,DOTA 2,2,269311,Action,Valve,"Jul 9, 2013",0.0
4c178c8b,2026-05-29,02:04:25,2483190,FORZA HORIZON 6,3,155489,Racing,Playground Games,"18 May, 2026",69.99
2e874834,2026-05-29,02:04:25,3419430,BONGO CAT,4,144615,Casual,Marcel Zurawka,"Mar 5, 2025",0.0
dec39691,2026-05-29,02:04:25,2676230,FIVEM,5,122941,Other,,,0.0
154705ad,2026-05-29,02:04:25,578080,PUBG: BATTLEGROUNDS,6,111822,Action,PUBG Corporation,"21 Dec, 2017",0.0
506d1429,2026-05-29,02:04:25,2767030,MARVEL RIVALS,7,93110,Action,NetEase Games,"5 Dec, 2024",0.0
14fa5089,2026-05-29,02:04:25,2868840,SLAY THE SPIRE 2,8,84920,Indie,Mega Crit,"Mar 5, 2026",24.99
b56ef9b1,2026-05-29,02:04:25,252490,RUST,9,74598,Action,Facepunch Studios,"Feb 8, 2018",39.99
b1318d1e,2026-05-29,02:04:25,1172470,APEX LEGENDS™,10,73088,Action,Respawn,"4 Nov, 2020",0.0
83783ea0,2026-05-29,02:04:25,359550,TOM CLANCY'S RAINBOW SIX SIEGE,11,70709,Action,Ubisoft Montreal,"Dec 1, 2015",0.0
7b3162a7,2026-05-29,02:04:25,1422450,DEADLOCK,12,0,Action,Valve,To be announced,0.0
4d83d753,2026-05-29,02:04:25,2357570,OVERWATCH®,13,62819,Action,"Blizzard Entertainment, Inc.","Aug 10, 2023",0.0
0f79901d,2026-05-29,02:04:25,431960,WALLPAPER ENGINE,14,53695,Casual,Wallpaper Engine Team,"Nov 16, 2018",4.99
6004a270,2026-05-29,02:04:25,1808500,ARC RAIDERS,15,52860,Action,Embark Studios,"30 Oct, 2025",39.99
3f183d97,2026-05-29,02:04:25,381210,DEAD BY DAYLIGHT,16,51901,Action,Behaviour Interactive Inc.,"Jun 14, 2016",7.99
72cf4b79,2026-05-29,02:04:25,1973530,LIMBUS COMPANY,17,51279,Other,ProjectMoon,"26 Feb, 2023",0.0
ca1a8801,2026-05-29,02:04:25,322170,GEOMETRY DASH,18,48914,Action,RobTop Games,"Dec 22, 2014",4.99
742625ae,2026-05-29,02:04:25,413150,STARDEW VALLEY,19,46900,Indie,ConcernedApe,"Feb 26, 2016",14.99
0c967cc6,2026-05-29,02:04:25,230410,WARFRAME,20,46995,Action,Digital Extremes,"25 Mar, 2013",0.0
e3289bc2,2026-05-29,02:04:25,440,TEAM FORTRESS 2,21,46924,Action,Valve,"Oct 10, 2007",0.0
dd9bc756,2026-05-29,02:04:25,552990,WORLD OF WARSHIPS,22,45284,Action,Wargaming Group Limited,"Nov 15, 2017",0.0
3924b8f2,2026-05-29,02:04:25,1086940,BALDUR'S GATE 3,23,43922,Adventure,Larian Studios,"Aug 3, 2023",59.99
888266fe,2026-05-29,02:04:25,3768760,007 FIRST LIGHT,24,43226,Action,IO Interactive A/S,"May 26, 2026",69.99
d8520df2,2026-05-29,02:04:25,1962700,SUBNAUTICA 2,25,42252,Action,Unknown Worlds Entertainment,"May 14, 2026",29.99
3daad18a,2026-05-29,02:04:25,438100,VRCHAT,26,42245,Adventure,VRChat Inc.,"1 Feb, 2017",0.0
4467ec99,2026-05-29,02:04:25,2507950,DELTA FORCE,27,41852,Action,Team Jade,"4 Dec, 2024",0.0
01ed754b,2026-05-29,02:04:25,3241660,R.E.P.O.,28,39386,Action,semiwork,"Feb 26, 2025",9.99
6cb21d73,2026-05-29,02:04:25,3405690,EA SPORTS FC™ 26,29,35930,Simulation,EA Canada,"25 Sep, 2025",20.99
80d97e38,2026-05-29,02:04:25,1938090,CALL OF DUTY®,30,34811,Action,Treyarch,"Oct 27, 2022",0.0
21773115,2026-05-29,02:04:25,2807960,BATTLEFIELD™ 6,31,34936,Action,Battlefield Studios,"10 Oct, 2025",41.99
3dde3b7b,2026-05-29,02:04:25,3678970,TBH: TASK BAR HERO,32,34194,Casual,Nugem Studio,"27 May, 2026",0.0
e9cb1964,2026-05-29,02:04:25,271590,GRAND THEFT AUTO V LEGACY,33,31334,Action,Rockstar North,"Apr 13, 2015",0.0
05f8141b,2026-05-29,02:04:25,1118520,PARALIVES,34,30529,Simulation,Alex Massé and team,"25 May, 2026",44.99
fd73bfc6,2026-05-29,02:04:25,1366800,CROSSHAIR X,35,30542,Action,CenterPoint Gaming,"Aug 17, 2020",9.99
bc4092c1,2026-05-29,02:04:25,3240220,GRAND THEFT AUTO V ENHANCED,36,30847,Action,Rockstar North,"Mar 4, 2025",19.79
9859505c,2026-05-29,02:04:25,236390,WAR THUNDER,37,29610,Action,Gaijin Entertainment,"Aug 15, 2013",0.0
eceb4728,2026-05-29,02:04:25,550,LEFT 4 DEAD 2,38,29266,Action,Valve,"Nov 16, 2009",9.99
fbb3de84,2026-05-29,02:04:25,221100,DAYZ,39,27881,Action,Bohemia Interactive,"Dec 13, 2018",49.99
d3c6ec98,2026-05-29,02:04:25,39210,FINAL FANTASY XIV ONLINE,40,28120,Massively Multiplayer,Square Enix,"Feb 18, 2014",19.99
760f0b70,2026-05-29,02:04:25,1245620,ELDEN RING,41,26720,Action,"FromSoftware, Inc.","Feb 24, 2022",59.99
2b120ad0,2026-05-29,02:04:25,553850,HELLDIVERS™ 2,42,26490,Action,Arrowhead Game Studios,"8 Feb, 2024",39.99
f71c4267,2026-05-29,02:04:25,218620,PAYDAY 2,43,25475,Action,OVERKILL - a Starbreeze Studio.,"Aug 13, 2013",9.99
e018de86,2026-05-29,02:04:25,3321460,CRIMSON DESERT,44,24814,Action,Pearl Abyss,"Mar 19, 2026",69.99
0c4718c6,2026-05-29,02:04:25,4465480,COUNTER-STRIKE:GLOBAL OFFENSIVE,45,24013,Action,Valve,"Aug 21, 2012",0.0
5510eca0,2026-05-29,02:04:25,489830,THE ELDER SCROLLS V: SKYRIM SPECIAL EDITION,46,22601,RPG,Bethesda Game Studios,"Oct 27, 2016",39.99
3e940432,2026-05-29,02:04:25,2399830,ARK: SURVIVAL ASCENDED,47,22772,Action,Studio Wildcard,"Oct 25, 2023",44.99
c1ccb44e,2026-05-29,02:04:25,294100,RIMWORLD,48,22366,Indie,Ludeon Studios,"Oct 17, 2018",34.99
94d30b5e,2026-05-29,02:04:25,1222670,THE SIMS™ 4,49,22172,Adventure,Maxis,"Jun 18, 2020",0.0
1973b9c8,2026-05-29,02:04:25,108600,PROJECT ZOMBOID,50,21946,Indie,The Indie Stone,"Nov 8, 2013",19.99
af05c541,2026-05-29,02:04:25,289070,SID MEIER’S CIVILIZATION® VI,51,21703,Strategy,Firaxis Games,"Oct 21, 2016",59.99
4a4a4a4c,2026-05-29,02:04:25,394360,HEARTS OF IRON IV,52,21206,Simulation,Paradox Development Studio,"Jun 6, 2016",49.99
7b2eb55b,2026-05-29,02:04:25,1364780,STREET FIGHTER™ 6,53,21221,Action,"CAPCOM Co., Ltd.","Jun 1, 2023",19.99
f04dfc4e,2026-05-29,02:04:25,240,COUNTER-STRIKE: SOURCE,54,20254,Action,Valve,"1 Nov, 2004",5.79
6cdc8171,2026-05-29,02:04:25,1174180,RED DEAD REDEMPTION 2,55,20754,Action,Rockstar Games,"Dec 5, 2019",59.99
41fc54c9,2026-05-29,02:04:25,1142710,TOTAL WAR: WARHAMMER III,56,20772,Action,CREATIVE ASSEMBLY,"Feb 17, 2022",59.99
c573bf8b,2026-05-29,02:04:25,252950,ROCKET LEAGUE®,57,20289,Action,Psyonix LLC,"Jul 7, 2015",0.0
1d59abef,2026-05-29,02:04:25,105600,TERRARIA,58,20026,Action,Re-Logic,"May 16, 2011",9.99
3210d4b2,2026-05-29,02:04:25,3472040,NBA 2K26,59,20003,Sports,Visual Concepts,"Sep 4, 2025",19.99
91cea79b,2026-05-29,02:04:25,1085660,DESTINY 2,60,19555,Action,Bungie,"Oct 1, 2019",0.0
d1d4eb5f,2026-05-29,02:04:25,3041230,WINDROSE,61,19321,Action,Kraken Express,"Apr 14, 2026",29.99
e45aabce,2026-05-29,02:04:25,264710,SUBNAUTICA,62,18491,Adventure,Unknown Worlds Entertainment,"Jan 23, 2018",7.49
682a1b38,2026-05-29,02:04:25,1091500,CYBERPUNK 2077,63,18547,RPG,CD PROJEKT RED,"Dec 9, 2020",20.99
f406f91a,2026-05-29,02:04:25,2183900,"WARHAMMER 40,000: SPACE MARINE 2",64,18417,Action,Saber Interactive,"9 Sep, 2024",17.99
211f4d6f,2026-05-29,02:04:25,4197610,LIBRARIAN: TIDY UP THE ARCANE LIBRARY!,65,18209,Casual,ArtRising,"Apr 30, 2026",5.99
fef2cc61,2026-05-29,02:04:25,2344520,DIABLO® IV,66,17657,Action,"Blizzard Entertainment, Inc.","Oct 17, 2023",49.99
8850dc9f,2026-05-29,02:04:25,1281930,TMODLOADER,67,17927,Action,TML Team,"May 16, 2020",0.0
b5fec9f6,2026-05-29,02:04:25,582660,BLACK DESERT,68,17548,Action,Pearl Abyss,"May 24, 2017",0.99
55d5c4a3,2026-05-29,02:04:25,440900,CONAN EXILES ENHANCED,69,17199,Action,Funcom,"May 8, 2018",29.99
4f0d3eeb,2026-05-29,02:04:25,3551340,FOOTBALL MANAGER 26,70,16901,Simulation,Sports Interactive,"Nov 4, 2025",59.99
5967dc61,2026-05-29,02:04:25,275850,NO MAN'S SKY,71,17008,Action,Hello Games,"Aug 12, 2016",59.99
87cb6c76,2026-05-29,02:04:25,4000,GARRY'S MOD,72,16706,Casual,Facepunch Studios,"Nov 29, 2006",4.99
f3d338a5,2026-05-29,02:04:25,250900,THE BINDING OF ISAAC: REBIRTH,73,15898,Action,"Nicalis, Inc.","Nov 4, 2014",14.99
3af26581,2026-05-29,02:04:25,1665460,EFOOTBALL™,74,15713,Simulation,KONAMI,"Sep 29, 2021",0.0
4ccced72,2026-05-29,02:04:25,2694490,PATH OF EXILE 2,75,15390,Action,Grinding Gear Games,"Dec 6, 2024",29.99
89632bae,2026-05-29,02:04:25,251570,7 DAYS TO DIE,76,15242,Action,The Fun Pimps,"Jul 25, 2024",44.99
85b33aa8,2026-05-29,02:04:25,284160,BEAMNG.DRIVE,77,14921,Racing,BeamNG,"May 29, 2015",24.99
b785b2a4,2026-05-29,02:04:25,813780,AGE OF EMPIRES II: DEFINITIVE EDITION,78,15082,Strategy,World's Edge,"Nov 14, 2019",12.24
9d4f1118,2026-05-29,02:04:25,3527290,PEAK,79,14997,Action,Team PEAK,"16 Jun, 2025",7.49
969537be,2026-05-29,02:04:25,2215200,LEGO® BATMAN™: LEGACY OF THE DARK KNIGHT,80,14420,Action,TT Games,"22 May, 2026",28999.0
b120ff01,2026-05-29,02:04:25,3564740,WHERE WINDS MEET,81,14340,Action,Everstone Studio,"14 Nov, 2025",0.0
e2a51f6a,2026-05-29,02:04:25,4128580,BIDKING,82,13825,Casual,MindSurge Network & Games,"Apr 15, 2026",2.99
94e0d5a4,2026-05-29,02:04:25,2300320,FARMING SIMULATOR 25,83,13224,Simulation,GIANTS Software,"Nov 12, 2024",29.99
7988d517,2026-05-29,02:04:25,2073620,ARENA BREAKOUT: INFINITE,84,13335,Action,Morefun Studios,"Sep 15, 2025",0.0
6eab53eb,2026-05-29,02:04:25,892970,VALHEIM,85,13476,Action,Iron Gate AB,"Feb 2, 2021",9.99
d83c88a0,2026-05-29,02:04:25,2622380,ELDEN RING NIGHTREIGN,86,13540,Action,"FromSoftware, Inc.","29 May, 2025",39.99
bb86bba2,2026-05-29,02:04:25,1158310,CRUSADER KINGS III,87,13323,RPG,Paradox Development Studio,"Sep 1, 2020",14.99
92bc821b,2026-05-29,02:04:25,261550,MOUNT & BLADE II: BANNERLORD,88,13137,Action,TaleWorlds Entertainment,"Oct 25, 2022",24.99
0eddfc6c,2026-05-29,02:04:25,346110,ARK: SURVIVAL EVOLVED,89,13011,Action,Studio Wildcard,"Aug 27, 2017",14.99
e243a1f1,2026-05-29,02:04:25,1623730,PALWORLD,90,13086,Action,Pocketpair,"Jan 19, 2024",29.99
9bcaa733,2026-05-29,02:04:25,1905180,OBS STUDIO,91,12926,Utilities,OBS Project,"Mar 21, 2022",0.0
02dcf08e,2026-05-29,02:04:25,322330,DON'T STARVE TOGETHER,92,12946,Action,Klei Entertainment,"Apr 21, 2016",14.99
ed2a1a97,2026-05-29,02:04:25,427520,FACTORIO,93,12816,Casual,Wube Software LTD.,"Aug 14, 2020",35.0
31369e25,2026-05-29,02:04:25,2073850,THE FINALS,94,12539,Action,Embark Studios,"Dec 7, 2023",0.0
6ac41ed3,2026-05-29,02:04:25,227300,EURO TRUCK SIMULATOR 2,95,11840,Indie,SCS Software,"Oct 12, 2012",19.99
959ee3e7,2026-05-29,02:04:25,526870,SATISFACTORY,96,11957,Adventure,Coffee Stain Studios,"Sep 10, 2024",27.99
e3f2ad66,2026-05-29,02:04:25,291550,BRAWLHALLA,97,11825,Action,Blue Mammoth Games,"Oct 17, 2017",0.0
20e6781b,2026-05-29,02:04:25,3164500,SCHEDULE I,98,11749,Action,TVGS,"Mar 24, 2025",19.99
1cb2cadc,2026-05-29,02:04:25,1623660,MIR4,99,11603,Action,Wemade Next,"Aug 25, 2021",0.0
5d366443,2026-05-29,02:04:25,3892270,GAMBLE WITH YOUR FRIENDS,100,11454,Adventure,SkyBrave,"1 May, 2026",4.95
7884a40a,2026-05-29,02:04:25,3679080,THE SEVEN DEADLY SINS: ORIGIN,,3236,Action,Netmarble F&C,"Mar 16, 2026",0.0
a47b0709,2026-05-29,02:04:25,1716740,STARFIELD,,5449,RPG,Bethesda Game Studios,"Sep 5, 2023",49.99
c5037b47,2026-05-29,02:04:25,3764200,RESIDENT EVIL REQUIEM,,4638,Action,"CAPCOM Co., Ltd.","Feb 26, 2026",69.99
7c6ace46,2026-05-29,02:04:25,3124540,FAR FAR WEST,,7338,Action,Evil Raptor,"Apr 28, 2026",17.99
5bec1f55,2026-05-29,02:04:25,1203620,ENSHROUDED,,8304,Action,Keen Games GmbH,"Jan 24, 2024",23.99
93ffe5ee,2026-05-29,02:04:25,3224770,UMAMUSUME: PRETTY DERBY,,9262,Simulation,"Cygames, Inc.","24 Jun, 2025",0.0
eaf99104,2026-05-29,02:04:25,4025700,HEARTOPIA,,11210,Casual,XD,"16 Jan, 2026",0.0
190b0ee3,2026-05-29,02:04:25,220200,KERBAL SPACE PROGRAM,,7481,Indie,Squad,"Apr 27, 2015",39.99
83e7c720,2026-05-29,02:04:25,1974050,TORCHLIGHT: INFINITE,,1114,Action,XD,"May 9, 2023",0.0
152bd047,2026-05-29,02:04:25,2584990,SHADOWVERSE: WORLDS BEYOND,,5088,Casual,"Cygames, Inc.","Jun 14, 2025",0.0
51aac691,2026-05-29,02:04:25,2923300,BANANA,,4488,Adventure,Sky,"Apr 23, 2024",0.0
7f199c7b,2026-05-29,02:04:25,2707930,PALIA,,9100,Adventure,Singularity 6 Corporation,"Mar 25, 2024",0.0
5b936c91,2026-05-29,02:04:25,2479810,GRAY ZONE WARFARE,,4794,Action,"MADFINGER Games, a.s.","Apr 30, 2024",39.99
2f53624f,2026-05-29,02:04:25,1604030,V RISING,,6407,Action,Stunlock Studios,"May 8, 2024",15.74
7de1b1af,2026-05-29,02:04:25,1449850,YU-GI-OH! MASTER DUEL,,11015,Simulation,KONAMI,"18 Jan, 2022",0.0
cecc82ef,2026-05-29,02:04:25,377160,FALLOUT 4,,9533,RPG,Bethesda Game Studios,"Nov 9, 2015",19.99
f9ab5678,2026-05-29,02:04:25,739630,PHASMOPHOBIA,,10473,Action,Kinetic Games,"Sep 18, 2020",19.99
d01eaa13,2026-05-29,02:04:25,1203220,NARAKA: BLADEPOINT,,8839,Action,24 Entertainment,"11 Aug, 2021",0.0
ddc7b7a2,2026-05-29,02:04:25,238960,PATH OF EXILE,,4069,Action,Grinding Gear Games,"23 Oct, 2013",0.0
0396e0b5,2026-05-29,02:04:25,3265700,VAMPIRE CRAWLERS: THE TURBO WILDCARD FROM VAMPIRE SURVIVORS,,2348,Action,poncle,"Apr 21, 2026",9.99
11f7fc94,2026-05-29,02:04:25,2605790,DEEP ROCK GALACTIC: ROGUE CORE,,7063,Action,Ghost Ship Games,"20 May, 2026",29.99
a5a8ec41,2026-05-29,02:04:25,3105440,HEROES OF MIGHT AND MAGIC: OLDEN ERA,,5588,RPG,Unfrozen,"Apr 30, 2026",29.99
e3ec29a2,2026-05-29,02:04:25,2252570,FOOTBALL MANAGER 2024,,9886,Simulation,Sports Interactive,"Nov 6, 2023",0.0
0849b927,2026-05-29,02:04:25,306130,THE ELDER SCROLLS® ONLINE,,8521,Action,ZeniMax Online Studios,"May 22, 2017",19.99
83fc0239,2026-05-29,02:04:25,960090,BLOONS TD 6,,7896,Strategy,Ninja Kiwi,"Dec 17, 2018",13.99
cd2be885,2026-05-29,02:04:25,3357650,PRAGMATA,,2415,Action,"CAPCOM Co., Ltd.","Apr 17, 2026",59.99
daf68b2a,2026-05-29,02:04:25,270880,AMERICAN TRUCK SIMULATOR,,8419,Indie,SCS Software,"Feb 2, 2016",4.99
bfc83c30,2026-05-29,02:04:25,3513350,WUTHERING WAVES,,9768,Action,KURO GAMES,"Apr 28, 2025",0.0
eb669fa7,2026-05-29,02:04:25,216150,MAPLESTORY,,10340,Action,NEXON Korea Corporation,"Aug 9, 2012",0.0
b2e96307,2026-05-29,02:04:25,1144200,READY OR NOT,,6696,Action,VOID Interactive,"Dec 13, 2023",24.99
1d6304c4,2026-05-29,02:04:25,8930,SID MEIER'S CIVILIZATION® V,,11457,Strategy,Firaxis Games,"Sep 21, 2010",29.99
20fc4176,2026-05-29,02:04:25,1295660,SID MEIER'S CIVILIZATION VII,,10877,Simulation,Firaxis Games,"Feb 10, 2025",41.99
86a04036,2026-05-29,02:04:25,1874880,ARMA REFORGER,,8833,Action,Bohemia Interactive,"Nov 16, 2023",39.99
f8489c52,2026-05-29,02:04:25,376210,THE ISLE,,11259,Action,Afterthought LLC,"Dec 1, 2015",19.99
e3a093d6,2026-05-29,02:04:25,2646460,SOULMASK,,3271,Adventure,CampFire Studio,"Apr 9, 2026",29.99
451c1a06,2026-05-29,02:04:25,629520,SOUNDPAD,,9756,Audio Production,Leppsoft,"Sep 30, 2017",4.99
9aaddc51,2026-05-29,02:04:25,3065800,MARATHON,,10910,Action,Bungie,"Mar 5, 2026",31.99
fdf0207e,2026-05-29,02:04:25,2119830,MISERY,,1554,Action,Platypus Entertainment,"23 Oct, 2025",8.41
77de9eab,2026-05-29,02:04:25,281990,STELLARIS,,11487,Simulation,Paradox Development Studio,"May 9, 2016",39.99
53eda483,2026-05-29,02:04:25,1476970,IDLEON,,8669,Casual,Lavaflame2,"Nov 6, 2025",0.0
a93f1a29,2026-05-29,02:04:25,304930,UNTURNED,,9899,Action,Smartly Dressed Games,"Jul 7, 2017",0.0
103527db,2026-05-29,02:04:25,594650,HUNT: SHOWDOWN 1896,,8197,Action,Crytek,"Aug 27, 2019",13.49
98906edc,2026-05-30,01:58:59,730,COUNTER-STRIKE 2,1,659770,Action,Valve,"21 Aug, 2012",0.0
4590819c,2026-05-30,01:58:59,2694490,PATH OF EXILE 2,2,296991,Action,Grinding Gear Games,"Dec 6, 2024",29.99
e41fc43b,2026-05-30,01:58:59,570,DOTA 2,3,294928,Action,Valve,"Jul 9, 2013",0.0
4ee5e596,2026-05-30,01:58:59,2483190,FORZA HORIZON 6,4,164867,Racing,Playground Games,"18 May, 2026",69.99
d2f0d18a,2026-05-30,01:58:59,2676230,FIVEM,5,136443,Other,,,0.0
b5c1a2dc,2026-05-30,01:58:59,578080,PUBG: BATTLEGROUNDS,6,136521,Action,PUBG Corporation,"21 Dec, 2017",0.0
aa0ca076,2026-05-30,01:58:59,3419430,BONGO CAT,7,134310,Casual,Marcel Zurawka,"Mar 5, 2025",0.0
214aa761,2026-05-30,01:58:59,2767030,MARVEL RIVALS,8,96667,Action,NetEase Games,"5 Dec, 2024",0.0
4df202ce,2026-05-30,01:58:59,2868840,SLAY THE SPIRE 2,9,88694,Indie,Mega Crit,"Mar 5, 2026",24.99
a1da2f2c,2026-05-30,01:58:59,1172470,APEX LEGENDS™,10,86433,Action,Respawn,"4 Nov, 2020",0.0
34ce3fa6,2026-05-30,01:58:59,252490,RUST,11,79307,Action,Facepunch Studios,"Feb 8, 2018",39.99
107570d4,2026-05-30,01:58:59,359550,TOM CLANCY'S RAINBOW SIX SIEGE,12,72346,Action,Ubisoft Montreal,"Dec 1, 2015",0.0
b5e67f5b,2026-05-30,01:58:59,3678970,TBH: TASK BAR HERO,13,70189,Casual,Nugem Studio,"27 May, 2026",0.0
4a48748a,2026-05-30,01:58:59,2357570,OVERWATCH®,14,66478,Action,"Blizzard Entertainment, Inc.","Aug 10, 2023",0.0
3820b0cf,2026-05-30,01:58:59,431960,WALLPAPER ENGINE,15,65580,Casual,Wallpaper Engine Team,"Nov 16, 2018",4.99
d0f48b68,2026-05-30,01:58:59,1422450,DEADLOCK,16,0,Action,Valve,To be announced,0.0
554f5b91,2026-05-30,01:58:59,230410,WARFRAME,17,57400,Action,Digital Extremes,"25 Mar, 2013",0.0
1ad16607,2026-05-30,01:58:59,322170,GEOMETRY DASH,18,56153,Action,RobTop Games,"Dec 22, 2014",4.99
da03d971,2026-05-30,01:58:59,381210,DEAD BY DAYLIGHT,19,55276,Action,Behaviour Interactive Inc.,"Jun 14, 2016",7.99
e8e37fce,2026-05-30,01:58:59,1973530,LIMBUS COMPANY,20,53337,Other,ProjectMoon,"26 Feb, 2023",0.0
4cb3fddd,2026-05-30,01:58:59,1808500,ARC RAIDERS,21,53627,Action,Embark Studios,"30 Oct, 2025",39.99
4f2aecb2,2026-05-30,01:58:59,438100,VRCHAT,22,52459,Adventure,VRChat Inc.,"1 Feb, 2017",0.0
1217c8d6,2026-05-30,01:58:59,413150,STARDEW VALLEY,23,52376,Indie,ConcernedApe,"Feb 26, 2016",14.99
3dcc7546,2026-05-30,01:58:59,2507950,DELTA FORCE,24,50582,Action,Team Jade,"4 Dec, 2024",0.0
b9679f1a,2026-05-30,01:58:59,440,TEAM FORTRESS 2,25,48040,Action,Valve,"Oct 10, 2007",0.0
9f469357,2026-05-30,01:58:59,552990,WORLD OF WARSHIPS,26,46420,Action,Wargaming Group Limited,"Nov 15, 2017",0.0
808a4a6b,2026-05-30,01:58:59,3241660,R.E.P.O.,27,44226,Action,semiwork,"Feb 26, 2025",9.99
b640477c,2026-05-30,01:58:59,1086940,BALDUR'S GATE 3,28,45047,Adventure,Larian Studios,"Aug 3, 2023",59.99
49d2ace5,2026-05-30,01:58:59,3405690,EA SPORTS FC™ 26,29,44927,Simulation,EA Canada,"25 Sep, 2025",20.99
2afd5516,2026-05-30,01:58:59,3768760,007 FIRST LIGHT,30,44639,Action,IO Interactive A/S,"May 26, 2026",69.99
2a414107,2026-05-30,01:58:59,1962700,SUBNAUTICA 2,31,43993,Action,Unknown Worlds Entertainment,"May 14, 2026",29.99
22e084f1,2026-05-30,01:58:59,2807960,BATTLEFIELD™ 6,32,39395,Action,Battlefield Studios,"10 Oct, 2025",41.99
c98d4f8a,2026-05-30,01:58:59,1938090,CALL OF DUTY®,33,38236,Action,Treyarch,"Oct 27, 2022",0.0
519ea2bc,2026-05-30,01:58:59,236390,WAR THUNDER,34,36961,Action,Gaijin Entertainment,"Aug 15, 2013",0.0
a981b07e,2026-05-30,01:58:59,271590,GRAND THEFT AUTO V LEGACY,35,36812,Action,Rockstar North,"Apr 13, 2015",0.0
c5b8eb04,2026-05-30,01:58:59,3240220,GRAND THEFT AUTO V ENHANCED,36,35739,Action,Rockstar North,"Mar 4, 2025",19.79
929fa604,2026-05-30,01:58:59,221100,DAYZ,37,33201,Action,Bohemia Interactive,"Dec 13, 2018",49.99
7e57abe6,2026-05-30,01:58:59,550,LEFT 4 DEAD 2,38,33374,Action,Valve,"Nov 16, 2009",9.99
05a5278d,2026-05-30,01:58:59,1118520,PARALIVES,39,32832,Simulation,Alex Massé and team,"25 May, 2026",44.99
81d9743f,2026-05-30,01:58:59,1366800,CROSSHAIR X,40,32456,Action,CenterPoint Gaming,"Aug 17, 2020",9.99
a9649234,2026-05-30,01:58:59,553850,HELLDIVERS™ 2,41,29754,Action,Arrowhead Game Studios,"8 Feb, 2024",39.99
63700059,2026-05-30,01:58:59,1245620,ELDEN RING,42,29670,Action,"FromSoftware, Inc.","Feb 24, 2022",59.99
d7ad0590,2026-05-30,01:58:59,3321460,CRIMSON DESERT,43,29009,Action,Pearl Abyss,"Mar 19, 2026",69.99
cfdc9f92,2026-05-30,01:58:59,39210,FINAL FANTASY XIV ONLINE,44,28849,Massively Multiplayer,Square Enix,"Feb 18, 2014",19.99
8b7fad67,2026-05-30,01:58:59,240,COUNTER-STRIKE: SOURCE,45,28130,Action,Valve,"1 Nov, 2004",5.79
b3532978,2026-05-30,01:58:59,394360,HEARTS OF IRON IV,46,27553,Simulation,Paradox Development Studio,"Jun 6, 2016",49.99
ddad629e,2026-05-30,01:58:59,2399830,ARK: SURVIVAL ASCENDED,47,27496,Action,Studio Wildcard,"Oct 25, 2023",44.99
21951ad7,2026-05-30,01:58:59,3472040,NBA 2K26,48,25763,Sports,Visual Concepts,"Sep 4, 2025",19.99
7b5fb36e,2026-05-30,01:58:59,289070,SID MEIER’S CIVILIZATION® VI,49,25929,Strategy,Firaxis Games,"Oct 21, 2016",59.99
810bc5d3,2026-05-30,01:58:59,218620,PAYDAY 2,50,25383,Action,OVERKILL - a Starbreeze Studio.,"Aug 13, 2013",9.99
71112366,2026-05-30,01:58:59,4465480,COUNTER-STRIKE:GLOBAL OFFENSIVE,51,24986,Action,Valve,"Aug 21, 2012",0.0
aa8bcf50,2026-05-30,01:58:59,294100,RIMWORLD,52,24818,Indie,Ludeon Studios,"Oct 17, 2018",34.99
aa8b293a,2026-05-30,01:58:59,108600,PROJECT ZOMBOID,53,24898,Indie,The Indie Stone,"Nov 8, 2013",19.99
a492f256,2026-05-30,01:58:59,489830,THE ELDER SCROLLS V: SKYRIM SPECIAL EDITION,54,24722,RPG,Bethesda Game Studios,"Oct 27, 2016",39.99
80163312,2026-05-30,01:58:59,1364780,STREET FIGHTER™ 6,55,24204,Action,"CAPCOM Co., Ltd.","Jun 1, 2023",19.99
5b486f31,2026-05-30,01:58:59,3780860,HELL LET LOOSE VIETNAM: PLAYTEST,56,23930,Other,N/A,"Apr 20, 2026",0.0
6472abbe,2026-05-30,01:58:59,1085660,DESTINY 2,57,23534,Action,Bungie,"Oct 1, 2019",0.0
7536754e,2026-05-30,01:58:59,1174180,RED DEAD REDEMPTION 2,58,23618,Action,Rockstar Games,"Dec 5, 2019",59.99
d0273ec1,2026-05-30,01:58:59,1222670,THE SIMS™ 4,59,23612,Adventure,Maxis,"Jun 18, 2020",0.0
bb682c8c,2026-05-30,01:58:59,1142710,TOTAL WAR: WARHAMMER III,60,23515,Action,CREATIVE ASSEMBLY,"Feb 17, 2022",59.99
5f0d2cd0,2026-05-30,01:58:59,105600,TERRARIA,61,22858,Action,Re-Logic,"May 16, 2011",9.99
d4da1fbe,2026-05-30,01:58:59,3041230,WINDROSE,62,21418,Action,Kraken Express,"Apr 14, 2026",29.99
f7e1ff29,2026-05-30,01:58:59,1091500,CYBERPUNK 2077,63,21282,RPG,CD PROJEKT RED,"Dec 9, 2020",20.99
be24c9b0,2026-05-30,01:58:59,252950,ROCKET LEAGUE®,64,21273,Action,Psyonix LLC,"Jul 7, 2015",0.0
7f1dff1d,2026-05-30,01:58:59,1281930,TMODLOADER,65,20563,Action,TML Team,"May 16, 2020",0.0
abe0d033,2026-05-30,01:58:59,2183900,"WARHAMMER 40,000: SPACE MARINE 2",66,20131,Action,Saber Interactive,"9 Sep, 2024",17.99
ca3bdf19,2026-05-30,01:58:59,4000,GARRY'S MOD,67,19914,Casual,Facepunch Studios,"Nov 29, 2006",4.99
a962aea4,2026-05-30,01:58:59,264710,SUBNAUTICA,68,19611,Adventure,Unknown Worlds Entertainment,"Jan 23, 2018",7.49
6f9bc851,2026-05-30,01:58:59,3551340,FOOTBALL MANAGER 26,69,19190,Simulation,Sports Interactive,"Nov 4, 2025",59.99
ee1a9b6d,2026-05-30,01:58:59,251570,7 DAYS TO DIE,70,18375,Action,The Fun Pimps,"Jul 25, 2024",44.99
b1546c34,2026-05-30,01:58:59,2344520,DIABLO® IV,71,18156,Action,"Blizzard Entertainment, Inc.","Oct 17, 2023",49.99
467ee17d,2026-05-30,01:58:59,440900,CONAN EXILES ENHANCED,72,18118,Action,Funcom,"May 8, 2018",29.99
996c37dd,2026-05-30,01:58:59,275850,NO MAN'S SKY,73,17899,Action,Hello Games,"Aug 12, 2016",59.99
e41dbcbc,2026-05-30,01:58:59,4197610,LIBRARIAN: TIDY UP THE ARCANE LIBRARY!,74,17864,Casual,ArtRising,"Apr 30, 2026",5.99
91a48892,2026-05-30,01:58:59,3527290,PEAK,75,17827,Action,Team PEAK,"16 Jun, 2025",7.49
82276623,2026-05-30,01:58:59,813780,AGE OF EMPIRES II: DEFINITIVE EDITION,76,17601,Strategy,World's Edge,"Nov 14, 2019",12.24
b0fb7858,2026-05-30,01:58:59,582660,BLACK DESERT,77,17298,Action,Pearl Abyss,"May 24, 2017",0.99
3c823e12,2026-05-30,01:58:59,284160,BEAMNG.DRIVE,78,16964,Racing,BeamNG,"May 29, 2015",24.99
f8f90fce,2026-05-30,01:58:59,2622380,ELDEN RING NIGHTREIGN,79,16921,Action,"FromSoftware, Inc.","29 May, 2025",39.99
e02a6042,2026-05-30,01:58:59,250900,THE BINDING OF ISAAC: REBIRTH,80,16616,Action,"Nicalis, Inc.","Nov 4, 2014",14.99
5be4dba6,2026-05-30,01:58:59,1665460,EFOOTBALL™,81,16434,Simulation,KONAMI,"Sep 29, 2021",0.0
b053c012,2026-05-30,01:58:59,346110,ARK: SURVIVAL EVOLVED,82,16221,Action,Studio Wildcard,"Aug 27, 2017",14.99
3a7586ff,2026-05-30,01:58:59,322330,DON'T STARVE TOGETHER,83,16247,Action,Klei Entertainment,"Apr 21, 2016",14.99
7cd50e92,2026-05-30,01:58:59,261550,MOUNT & BLADE II: BANNERLORD,84,15530,Action,TaleWorlds Entertainment,"Oct 25, 2022",24.99
ef9eef2c,2026-05-30,01:58:59,1623730,PALWORLD,85,15198,Action,Pocketpair,"Jan 19, 2024",29.99
b79f3184,2026-05-30,01:58:59,3564740,WHERE WINDS MEET,86,15283,Action,Everstone Studio,"14 Nov, 2025",0.0
99b874bc,2026-05-30,01:58:59,227300,EURO TRUCK SIMULATOR 2,87,15200,Indie,SCS Software,"Oct 12, 2012",19.99
e3317654,2026-05-30,01:58:59,2073620,ARENA BREAKOUT: INFINITE,88,15058,Action,Morefun Studios,"Sep 15, 2025",0.0
45d58db3,2026-05-30,01:58:59,1158310,CRUSADER KINGS III,89,14820,RPG,Paradox Development Studio,"Sep 1, 2020",14.99
8a91dd03,2026-05-30,01:58:59,2300320,FARMING SIMULATOR 25,90,14716,Simulation,GIANTS Software,"Nov 12, 2024",29.99
57b96138,2026-05-30,01:58:59,4128580,BIDKING,91,14532,Casual,MindSurge Network & Games,"Apr 15, 2026",2.99
f21143ea,2026-05-30,01:58:59,892970,VALHEIM,92,14369,Action,Iron Gate AB,"Feb 2, 2021",9.99
71583d99,2026-05-30,01:58:59,2215200,LEGO® BATMAN™: LEGACY OF THE DARK KNIGHT,93,14137,Action,TT Games,"22 May, 2026",28999.0
9333c6dd,2026-05-30,01:58:59,427520,FACTORIO,94,14070,Casual,Wube Software LTD.,"Aug 14, 2020",35.0
fb5e94c7,2026-05-30,01:58:59,1905180,OBS STUDIO,95,13712,Utilities,OBS Project,"Mar 21, 2022",0.0
43a48aea,2026-05-30,01:58:59,3932890,ESCAPE FROM TARKOV,96,13230,Action,Battlestate Games,"Nov 15, 2025",49.99
0d309cbc,2026-05-30,01:58:59,291550,BRAWLHALLA,97,13104,Action,Blue Mammoth Games,"Oct 17, 2017",0.0
ac5b1aba,2026-05-30,01:58:59,281990,STELLARIS,98,12972,Simulation,Paradox Development Studio,"May 9, 2016",39.99
c9851c41,2026-05-30,01:58:59,3513350,WUTHERING WAVES,99,13117,Action,KURO GAMES,"Apr 28, 2025",0.0
e089d1fe,2026-05-30,01:58:59,8930,SID MEIER'S CIVILIZATION® V,100,12874,Strategy,Firaxis Games,"Sep 21, 2010",29.99
e81d94ba,2026-05-30,01:58:59,2479810,GRAY ZONE WARFARE,,5470,Action,"MADFINGER Games, a.s.","Apr 30, 2024",39.99
046a0e89,2026-05-30,01:58:59,3065800,MARATHON,,10507,Action,Bungie,"Mar 5, 2026",31.99
52de3353,2026-05-30,01:58:59,3764200,RESIDENT EVIL REQUIEM,,5313,Action,"CAPCOM Co., Ltd.","Feb 26, 2026",69.99
de4f4d94,2026-05-30,01:58:59,1716740,STARFIELD,,5735,RPG,Bethesda Game Studios,"Sep 5, 2023",49.99
0703e30d,2026-05-30,01:58:59,1449850,YU-GI-OH! MASTER DUEL,,12562,Simulation,KONAMI,"18 Jan, 2022",0.0
910c39a2,2026-05-30,01:58:59,220200,KERBAL SPACE PROGRAM,,7869,Indie,Squad,"Apr 27, 2015",39.99
93ca49bd,2026-05-30,01:58:59,377160,FALLOUT 4,,10156,RPG,Bethesda Game Studios,"Nov 9, 2015",19.99
4b5a835c,2026-05-30,01:58:59,1623660,MIR4,,11527,Action,Wemade Next,"Aug 25, 2021",0.0
99df1fb6,2026-05-30,01:58:59,960090,BLOONS TD 6,,8386,Strategy,Ninja Kiwi,"Dec 17, 2018",13.99
ef6e1227,2026-05-30,01:58:59,270880,AMERICAN TRUCK SIMULATOR,,8944,Indie,SCS Software,"Feb 2, 2016",4.99
0ea974e1,2026-05-30,01:58:59,3164500,SCHEDULE I,,11643,Action,TVGS,"Mar 24, 2025",19.99
0a05063b,2026-05-30,01:58:59,3265700,VAMPIRE CRAWLERS: THE TURBO WILDCARD FROM VAMPIRE SURVIVORS,,2359,Action,poncle,"Apr 21, 2026",9.99
eec886b6,2026-05-30,01:58:59,238960,PATH OF EXILE,,3238,Action,Grinding Gear Games,"23 Oct, 2013",0.0
07ee156f,2026-05-30,01:58:59,594650,HUNT: SHOWDOWN 1896,,9469,Action,Crytek,"Aug 27, 2019",13.49
f1885db1,2026-05-30,01:58:59,1874880,ARMA REFORGER,,10446,Action,Bohemia Interactive,"Nov 16, 2023",39.99
46ffa02b,2026-05-30,01:58:59,4025700,HEARTOPIA,,11509,Casual,XD,"16 Jan, 2026",0.0
7f9448ac,2026-05-30,01:58:59,3679080,THE SEVEN DEADLY SINS: ORIGIN,,3367,Action,Netmarble F&C,"Mar 16, 2026",0.0
20f4bacb,2026-05-30,01:58:59,3224770,UMAMUSUME: PRETTY DERBY,,6039,Simulation,"Cygames, Inc.","24 Jun, 2025",0.0
044439a5,2026-05-30,01:58:59,1144200,READY OR NOT,,9071,Action,VOID Interactive,"Dec 13, 2023",24.99
59564cbc,2026-05-30,01:58:59,739630,PHASMOPHOBIA,,11430,Action,Kinetic Games,"Sep 18, 2020",19.99
f5116594,2026-05-30,01:58:59,629520,SOUNDPAD,,11088,Audio Production,Leppsoft,"Sep 30, 2017",4.99
9517f00a,2026-05-30,01:58:59,2073850,THE FINALS,,12791,Action,Embark Studios,"Dec 7, 2023",0.0
7ea6a29b,2026-05-30,01:58:59,2584990,SHADOWVERSE: WORLDS BEYOND,,6700,Casual,"Cygames, Inc.","Jun 14, 2025",0.0
09d4e31b,2026-05-30,01:58:59,2252570,FOOTBALL MANAGER 2024,,11416,Simulation,Sports Interactive,"Nov 6, 2023",0.0
0ae46597,2026-05-30,01:58:59,3124540,FAR FAR WEST,,7236,Action,Evil Raptor,"Apr 28, 2026",17.99
b2c5c527,2026-05-30,01:58:59,3892270,GAMBLE WITH YOUR FRIENDS,,11635,Adventure,SkyBrave,"1 May, 2026",4.95
31bc826b,2026-05-30,01:58:59,1974050,TORCHLIGHT: INFINITE,,928,Action,XD,"May 9, 2023",0.0
536ea21f,2026-05-30,01:58:59,3357650,PRAGMATA,,3029,Action,"CAPCOM Co., Ltd.","Apr 17, 2026",59.99
5d0e9fb3,2026-05-30,01:58:59,526870,SATISFACTORY,,12696,Adventure,Coffee Stain Studios,"Sep 10, 2024",27.99
4b21e039,2026-05-30,01:58:59,304930,UNTURNED,,10799,Action,Smartly Dressed Games,"Jul 7, 2017",0.0
44becd14,2026-05-30,01:58:59,1203220,NARAKA: BLADEPOINT,,10975,Action,24 Entertainment,"11 Aug, 2021",0.0
8154c12b,2026-05-30,01:58:59,216150,MAPLESTORY,,10157,Action,NEXON Korea Corporation,"Aug 9, 2012",0.0
81460a5d,2026-05-30,01:58:59,3105440,HEROES OF MIGHT AND MAGIC: OLDEN ERA,,7128,RPG,Unfrozen,"Apr 30, 2026",29.99
cdf70a5c,2026-05-30,01:58:59,1203620,ENSHROUDED,,9030,Action,Keen Games GmbH,"Jan 24, 2024",23.99
27bd77a4,2026-05-30,01:58:59,1604030,V RISING,,6614,Action,Stunlock Studios,"May 8, 2024",15.74
6d332412,2026-05-30,01:58:59,2605790,DEEP ROCK GALACTIC: ROGUE CORE,,6848,Action,Ghost Ship Games,"20 May, 2026",29.99
4ddbaad5,2026-05-30,01:58:59,2923300,BANANA,,6268,Adventure,Sky,"Apr 23, 2024",0.0
07f36445,2026-05-30,01:58:59,2119830,MISERY,,1516,Action,Platypus Entertainment,"23 Oct, 2025",8.41
9e8ae2d9,2026-05-30,01:58:59,1476970,IDLEON,,9657,Casual,Lavaflame2,"Nov 6, 2025",0.0
c08a4fae,2026-05-30,01:58:59,1295660,SID MEIER'S CIVILIZATION VII,,12009,Simulation,Firaxis Games,"Feb 10, 2025",41.99
83d72f5b,2026-05-30,01:58:59,376210,THE ISLE,,12481,Action,Afterthought LLC,"Dec 1, 2015",19.99
af33b123,2026-05-30,01:58:59,2707930,PALIA,,9297,Adventure,Singularity 6 Corporation,"Mar 25, 2024",0.0
29742210,2026-05-30,01:58:59,306130,THE ELDER SCROLLS® ONLINE,,9800,Action,ZeniMax Online Studios,"May 22, 2017",19.99
05daad85,2026-05-30,01:58:59,2646460,SOULMASK,,3852,Adventure,CampFire Studio,"Apr 9, 2026",29.99
9e23bedc,2026-05-31,02:14:29,730,COUNTER-STRIKE 2,1,646059,Action,Valve,"21 Aug, 2012",0.0
3ecca1ec,2026-05-31,02:14:29,570,DOTA 2,2,303263,Action,Valve,"Jul 9, 2013",0.0
a39fe727,2026-05-31,02:14:29,2694490,PATH OF EXILE 2,3,253946,Action,Grinding Gear Games,"Dec 6, 2024",29.99
9cd7bf40,2026-05-31,02:14:29,2483190,FORZA HORIZON 6,4,163256,Racing,Playground Games,"18 May, 2026",69.99
db9a242c,2026-05-31,02:14:29,578080,PUBG: BATTLEGROUNDS,5,142633,Action,PUBG Corporation,"21 Dec, 2017",0.0
1cbef19a,2026-05-31,02:14:29,3419430,BONGO CAT,6,141658,Casual,Marcel Zurawka,"Mar 5, 2025",0.0
eb8b2531,2026-05-31,02:14:29,2676230,FIVEM,7,136076,Other,,,0.0
d00078ec,2026-05-31,02:14:29,3678970,TBH: TASK BAR HERO,8,94396,Casual,Nugem Studio,"27 May, 2026",0.0
c0804b2a,2026-05-31,02:14:29,2767030,MARVEL RIVALS,9,91100,Action,NetEase Games,"5 Dec, 2024",0.0
70181ad8,2026-05-31,02:14:29,2868840,SLAY THE SPIRE 2,10,88521,Indie,Mega Crit,"Mar 5, 2026",24.99
187b0ed6,2026-05-31,02:14:29,1172470,APEX LEGENDS™,11,88719,Action,Respawn,"4 Nov, 2020",0.0
e8af15ee,2026-05-31,02:14:29,252490,RUST,12,74869,Action,Facepunch Studios,"Feb 8, 2018",39.99
25d59701,2026-05-31,02:14:29,431960,WALLPAPER ENGINE,13,71560,Casual,Wallpaper Engine Team,"Nov 16, 2018",4.99
25aef23d,2026-05-31,02:14:29,359550,TOM CLANCY'S RAINBOW SIX SIEGE,14,69220,Action,Ubisoft Montreal,"Dec 1, 2015",0.0
636e2327,2026-05-31,02:14:29,2357570,OVERWATCH®,15,66674,Action,"Blizzard Entertainment, Inc.","Aug 10, 2023",0.0
9b0f2c28,2026-05-31,02:14:29,230410,WARFRAME,16,59623,Action,Digital Extremes,"25 Mar, 2013",0.0
889d0f25,2026-05-31,02:14:29,1422450,DEADLOCK,17,0,Action,Valve,To be announced,0.0
82b07bc3,2026-05-31,02:14:29,413150,STARDEW VALLEY,18,57260,Indie,ConcernedApe,"Feb 26, 2016",14.99
dd32c1ce,2026-05-31,02:14:29,438100,VRCHAT,19,56966,Adventure,VRChat Inc.,"1 Feb, 2017",0.0
9ad2cd8a,2026-05-31,02:14:29,381210,DEAD BY DAYLIGHT,20,56078,Action,Behaviour Interactive Inc.,"Jun 14, 2016",7.99
ac62dfea,2026-05-31,02:14:29,322170,GEOMETRY DASH,21,54297,Action,RobTop Games,"Dec 22, 2014",4.99
de834069,2026-05-31,02:14:29,2507950,DELTA FORCE,22,50838,Action,Team Jade,"4 Dec, 2024",0.0
f65573fe,2026-05-31,02:14:29,1808500,ARC RAIDERS,23,52329,Action,Embark Studios,"30 Oct, 2025",39.99
5fc822fc,2026-05-31,02:14:29,1086940,BALDUR'S GATE 3,24,50550,Adventure,Larian Studios,"Aug 3, 2023",59.99
01f32c3b,2026-05-31,02:14:29,440,TEAM FORTRESS 2,25,48760,Action,Valve,"Oct 10, 2007",0.0
619a9a5b,2026-05-31,02:14:29,3241660,R.E.P.O.,26,47051,Action,semiwork,"Feb 26, 2025",9.99
65f7307b,2026-05-31,02:14:29,552990,WORLD OF WARSHIPS,27,47349,Action,Wargaming Group Limited,"Nov 15, 2017",0.0
d45eb749,2026-05-31,02:14:29,1973530,LIMBUS COMPANY,28,46339,Other,ProjectMoon,"26 Feb, 2023",0.0
d3296871,2026-05-31,02:14:29,1962700,SUBNAUTICA 2,29,44643,Action,Unknown Worlds Entertainment,"May 14, 2026",29.99
b97b3557,2026-05-31,02:14:29,3768760,007 FIRST LIGHT,30,43319,Action,IO Interactive A/S,"May 26, 2026",69.99
8467946b,2026-05-31,02:14:29,236390,WAR THUNDER,31,39263,Action,Gaijin Entertainment,"Aug 15, 2013",0.0
0ac19fd4,2026-05-31,02:14:29,3405690,EA SPORTS FC™ 26,32,39829,Simulation,EA Canada,"25 Sep, 2025",20.99
7d1327bc,2026-05-31,02:14:29,3240220,GRAND THEFT AUTO V ENHANCED,33,39061,Action,Rockstar North,"Mar 4, 2025",19.79
138e9c5f,2026-05-31,02:14:29,2807960,BATTLEFIELD™ 6,34,39309,Action,Battlefield Studios,"10 Oct, 2025",41.99
d5f64530,2026-05-31,02:14:29,1938090,CALL OF DUTY®,35,38301,Action,Treyarch,"Oct 27, 2022",0.0
e1a78746,2026-05-31,02:14:29,271590,GRAND THEFT AUTO V LEGACY,36,38099,Action,Rockstar North,"Apr 13, 2015",0.0
1f23758e,2026-05-31,02:14:29,550,LEFT 4 DEAD 2,37,35345,Action,Valve,"Nov 16, 2009",9.99
618d65cc,2026-05-31,02:14:29,221100,DAYZ,38,34675,Action,Bohemia Interactive,"Dec 13, 2018",49.99
b39f09b8,2026-05-31,02:14:29,1366800,CROSSHAIR X,39,33683,Action,CenterPoint Gaming,"Aug 17, 2020",9.99
97c411ae,2026-05-31,02:14:29,3321460,CRIMSON DESERT,40,32770,Action,Pearl Abyss,"Mar 19, 2026",69.99
6eb35c70,2026-05-31,02:14:29,1245620,ELDEN RING,41,32719,Action,"FromSoftware, Inc.","Feb 24, 2022",59.99
c2b7f80f,2026-05-31,02:14:29,1118520,PARALIVES,42,31208,Simulation,Alex Massé and team,"25 May, 2026",44.99
d275eda1,2026-05-31,02:14:29,553850,HELLDIVERS™ 2,43,30391,Action,Arrowhead Game Studios,"8 Feb, 2024",39.99
9257c5b3,2026-05-31,02:14:29,2399830,ARK: SURVIVAL ASCENDED,44,30160,Action,Studio Wildcard,"Oct 25, 2023",44.99
96bf98ac,2026-05-31,02:14:29,39210,FINAL FANTASY XIV ONLINE,45,29988,Massively Multiplayer,Square Enix,"Feb 18, 2014",19.99
c412babb,2026-05-31,02:14:29,394360,HEARTS OF IRON IV,46,28801,Simulation,Paradox Development Studio,"Jun 6, 2016",49.99
a59c42bd,2026-05-31,02:14:29,289070,SID MEIER’S CIVILIZATION® VI,47,28071,Strategy,Firaxis Games,"Oct 21, 2016",59.99
4da682b1,2026-05-31,02:14:29,489830,THE ELDER SCROLLS V: SKYRIM SPECIAL EDITION,48,28385,RPG,Bethesda Game Studios,"Oct 27, 2016",39.99
9033ced0,2026-05-31,02:14:29,294100,RIMWORLD,49,27940,Indie,Ludeon Studios,"Oct 17, 2018",34.99
8da07ff4,2026-05-31,02:14:29,108600,PROJECT ZOMBOID,50,27168,Indie,The Indie Stone,"Nov 8, 2013",19.99
8735df42,2026-05-31,02:14:29,4465480,COUNTER-STRIKE:GLOBAL OFFENSIVE,51,25844,Action,Valve,"Aug 21, 2012",0.0
5efa794d,2026-05-31,02:14:29,1085660,DESTINY 2,52,25680,Action,Bungie,"Oct 1, 2019",0.0
50bd4345,2026-05-31,02:14:29,1174180,RED DEAD REDEMPTION 2,53,25396,Action,Rockstar Games,"Dec 5, 2019",59.99
28ec5e28,2026-05-31,02:14:29,1222670,THE SIMS™ 4,54,25516,Adventure,Maxis,"Jun 18, 2020",0.0
f30c00ae,2026-05-31,02:14:29,105600,TERRARIA,55,25370,Action,Re-Logic,"May 16, 2011",9.99
08552d14,2026-05-31,02:14:29,218620,PAYDAY 2,56,25080,Action,OVERKILL - a Starbreeze Studio.,"Aug 13, 2013",9.99
53a3e0d8,2026-05-31,02:14:29,1142710,TOTAL WAR: WARHAMMER III,57,24827,Action,CREATIVE ASSEMBLY,"Feb 17, 2022",59.99
695b7070,2026-05-31,02:14:29,1091500,CYBERPUNK 2077,58,23787,RPG,CD PROJEKT RED,"Dec 9, 2020",20.99
3e2253eb,2026-05-31,02:14:29,1281930,TMODLOADER,59,23752,Action,TML Team,"May 16, 2020",0.0
1557f0c2,2026-05-31,02:14:29,1364780,STREET FIGHTER™ 6,60,23423,Action,"CAPCOM Co., Ltd.","Jun 1, 2023",19.99
e6007933,2026-05-31,02:14:29,240,COUNTER-STRIKE: SOURCE,61,24490,Action,Valve,"1 Nov, 2004",5.79
cfb793f0,2026-05-31,02:14:29,3041230,WINDROSE,62,23196,Action,Kraken Express,"Apr 14, 2026",29.99
4304c1e5,2026-05-31,02:14:29,3472040,NBA 2K26,63,22794,Sports,Visual Concepts,"Sep 4, 2025",19.99
d8a6ab81,2026-05-31,02:14:29,251570,7 DAYS TO DIE,64,21447,Action,The Fun Pimps,"Jul 25, 2024",44.99
6098577a,2026-05-31,02:14:29,4000,GARRY'S MOD,65,20870,Casual,Facepunch Studios,"Nov 29, 2006",4.99
ea23dda8,2026-05-31,02:14:29,2183900,"WARHAMMER 40,000: SPACE MARINE 2",66,20784,Action,Saber Interactive,"9 Sep, 2024",17.99
2e93e7ca,2026-05-31,02:14:29,3527290,PEAK,67,19825,Action,Team PEAK,"16 Jun, 2025",7.49
85c8fd7a,2026-05-31,02:14:29,275850,NO MAN'S SKY,68,19879,Action,Hello Games,"Aug 12, 2016",59.99
e94a7ea0,2026-05-31,02:14:29,264710,SUBNAUTICA,69,19381,Adventure,Unknown Worlds Entertainment,"Jan 23, 2018",7.49
75323e7a,2026-05-31,02:14:29,3551340,FOOTBALL MANAGER 26,70,19243,Simulation,Sports Interactive,"Nov 4, 2025",59.99
fc2de2fe,2026-05-31,02:14:29,440900,CONAN EXILES ENHANCED,71,19050,Action,Funcom,"May 8, 2018",29.99
8cc5d102,2026-05-31,02:14:29,2344520,DIABLO® IV,72,18888,Action,"Blizzard Entertainment, Inc.","Oct 17, 2023",49.99
4b6f8dd2,2026-05-31,02:14:29,252950,ROCKET LEAGUE®,73,18993,Action,Psyonix LLC,"Jul 7, 2015",0.0
a19702d2,2026-05-31,02:14:29,2622380,ELDEN RING NIGHTREIGN,74,18217,Action,"FromSoftware, Inc.","29 May, 2025",39.99
6f564fde,2026-05-31,02:14:29,813780,AGE OF EMPIRES II: DEFINITIVE EDITION,75,18150,Strategy,World's Edge,"Nov 14, 2019",12.24
6be93e6a,2026-05-31,02:14:29,346110,ARK: SURVIVAL EVOLVED,76,18259,Action,Studio Wildcard,"Aug 27, 2017",14.99
87885ad6,2026-05-31,02:14:29,4197610,LIBRARIAN: TIDY UP THE ARCANE LIBRARY!,77,18256,Casual,ArtRising,"Apr 30, 2026",5.99
0ba9d0c9,2026-05-31,02:14:29,1623730,PALWORLD,78,18188,Action,Pocketpair,"Jan 19, 2024",29.99
184b4968,2026-05-31,02:14:29,322330,DON'T STARVE TOGETHER,79,17977,Action,Klei Entertainment,"Apr 21, 2016",14.99
6dab357f,2026-05-31,02:14:29,284160,BEAMNG.DRIVE,80,17692,Racing,BeamNG,"May 29, 2015",24.99
d4979a55,2026-05-31,02:14:29,3780860,HELL LET LOOSE VIETNAM: PLAYTEST,81,17343,Other,,"Apr 20, 2026",0.0
3bce4c58,2026-05-31,02:14:29,582660,BLACK DESERT,82,17341,Action,Pearl Abyss,"May 24, 2017",0.99
84ad7dda,2026-05-31,02:14:29,250900,THE BINDING OF ISAAC: REBIRTH,83,17203,Action,"Nicalis, Inc.","Nov 4, 2014",14.99
007acafa,2026-05-31,02:14:29,261550,MOUNT & BLADE II: BANNERLORD,84,16942,Action,TaleWorlds Entertainment,"Oct 25, 2022",24.99
a2e586cd,2026-05-31,02:14:29,3564740,WHERE WINDS MEET,85,16354,Action,Everstone Studio,"14 Nov, 2025",0.0
5439f39f,2026-05-31,02:14:29,2300320,FARMING SIMULATOR 25,86,15972,Simulation,GIANTS Software,"Nov 12, 2024",29.99
404f685f,2026-05-31,02:14:29,1158310,CRUSADER KINGS III,87,15931,RPG,Paradox Development Studio,"Sep 1, 2020",14.99
ef113f23,2026-05-31,02:14:29,227300,EURO TRUCK SIMULATOR 2,88,15896,Indie,SCS Software,"Oct 12, 2012",19.99
59afb2c9,2026-05-31,02:14:29,892970,VALHEIM,89,15746,Action,Iron Gate AB,"Feb 2, 2021",9.99
12fb00fa,2026-05-31,02:14:29,427520,FACTORIO,90,15742,Casual,Wube Software LTD.,"Aug 14, 2020",35.0
84169044,2026-05-31,02:14:29,4128580,BIDKING,91,15631,Casual,MindSurge Network & Games,"Apr 15, 2026",2.99
2af9a5ec,2026-05-31,02:14:29,1665460,EFOOTBALL™,92,15559,Simulation,KONAMI,"Sep 29, 2021",0.0
888f49be,2026-05-31,02:14:29,2073620,ARENA BREAKOUT: INFINITE,93,15112,Action,Morefun Studios,"Sep 15, 2025",0.0
3da5d3cb,2026-05-31,02:14:29,1449850,YU-GI-OH! MASTER DUEL,94,14672,Simulation,KONAMI,"18 Jan, 2022",0.0
afe9f97c,2026-05-31,02:14:29,1203220,NARAKA: BLADEPOINT,95,13874,Action,24 Entertainment,"11 Aug, 2021",0.0
0e645ffb,2026-05-31,02:14:29,281990,STELLARIS,96,14108,Simulation,Paradox Development Studio,"May 9, 2016",39.99
eb2be14b,2026-05-31,02:14:29,3932890,ESCAPE FROM TARKOV,97,13999,Action,Battlestate Games,"Nov 15, 2025",49.99
99caa575,2026-05-31,02:14:29,1905180,OBS STUDIO,98,13902,Utilities,OBS Project,"Mar 21, 2022",0.0
a28098d6,2026-05-31,02:14:29,526870,SATISFACTORY,99,13890,Adventure,Coffee Stain Studios,"Sep 10, 2024",27.99
dd316ebd,2026-05-31,02:14:29,8930,SID MEIER'S CIVILIZATION® V,100,13614,Strategy,Firaxis Games,"Sep 21, 2010",29.99
d45758dd,2026-05-31,02:14:29,216150,MAPLESTORY,,11800,Action,NEXON Korea Corporation,"Aug 9, 2012",0.0
8630bbe7,2026-05-31,02:14:29,739630,PHASMOPHOBIA,,11969,Action,Kinetic Games,"Sep 18, 2020",19.99
7fb84d13,2026-05-31,02:14:29,291550,BRAWLHALLA,,12734,Action,Blue Mammoth Games,"Oct 17, 2017",0.0
e2ac1fcf,2026-05-31,02:14:29,304930,UNTURNED,,11445,Action,Smartly Dressed Games,"Jul 7, 2017",0.0
2fdfd76e,2026-05-31,02:14:29,1476970,IDLEON,,9152,Casual,Lavaflame2,"Nov 6, 2025",0.0
c237d077,2026-05-31,02:14:29,4025700,HEARTOPIA,,11236,Casual,XD,"16 Jan, 2026",0.0
1dae3048,2026-05-31,02:14:29,2252570,FOOTBALL MANAGER 2024,,11799,Simulation,Sports Interactive,"Nov 6, 2023",0.0
9afed8f7,2026-05-31,02:14:29,3124540,FAR FAR WEST,,7478,Action,Evil Raptor,"Apr 28, 2026",17.99
a7fc9feb,2026-05-31,02:14:29,3105440,HEROES OF MIGHT AND MAGIC: OLDEN ERA,,7503,RPG,Unfrozen,"Apr 30, 2026",29.99
6de6b893,2026-05-31,02:14:29,1874880,ARMA REFORGER,,11145,Action,Bohemia Interactive,"Nov 16, 2023",39.99
b6ba04b4,2026-05-31,02:14:29,2215200,LEGO® BATMAN™: LEGACY OF THE DARK KNIGHT,,13568,Action,TT Games,"22 May, 2026",28999.0
f4e87fc2,2026-05-31,02:14:29,2119830,MISERY,,1636,Action,Platypus Entertainment,"23 Oct, 2025",8.41
a5da5fbf,2026-05-31,02:14:29,1295660,SID MEIER'S CIVILIZATION VII,,12844,Simulation,Firaxis Games,"Feb 10, 2025",41.99
8eaf4060,2026-05-31,02:14:29,220200,KERBAL SPACE PROGRAM,,7853,Indie,Squad,"Apr 27, 2015",39.99
55ff05ae,2026-05-31,02:14:29,1974050,TORCHLIGHT: INFINITE,,966,Action,XD,"May 9, 2023",0.0
3e81b680,2026-05-31,02:14:29,1604030,V RISING,,6912,Action,Stunlock Studios,"May 8, 2024",15.74
2800af3f,2026-05-31,02:14:29,2479810,GRAY ZONE WARFARE,,5784,Action,"MADFINGER Games, a.s.","Apr 30, 2024",39.99
02b8356e,2026-05-31,02:14:29,270880,AMERICAN TRUCK SIMULATOR,,9708,Indie,SCS Software,"Feb 2, 2016",4.99
42f9dcce,2026-05-31,02:14:29,1623660,MIR4,,11737,Action,Wemade Next,"Aug 25, 2021",0.0
e44b1dcf,2026-05-31,02:14:29,376210,THE ISLE,,13207,Action,Afterthought LLC,"Dec 1, 2015",19.99
5be577fd,2026-05-31,02:14:29,3764200,RESIDENT EVIL REQUIEM,,6183,Action,"CAPCOM Co., Ltd.","Feb 26, 2026",69.99
1b047058,2026-05-31,02:14:29,960090,BLOONS TD 6,,8746,Strategy,Ninja Kiwi,"Dec 17, 2018",13.99
8b7fd2da,2026-05-31,02:14:29,3265700,VAMPIRE CRAWLERS: THE TURBO WILDCARD FROM VAMPIRE SURVIVORS,,2420,Action,poncle,"Apr 21, 2026",9.99
2906d716,2026-05-31,02:14:29,594650,HUNT: SHOWDOWN 1896,,10314,Action,Crytek,"Aug 27, 2019",13.49
85ba9ea9,2026-05-31,02:14:29,3357650,PRAGMATA,,3429,Action,"CAPCOM Co., Ltd.","Apr 17, 2026",59.99
76e5ad74,2026-05-31,02:14:29,377160,FALLOUT 4,,11565,RPG,Bethesda Game Studios,"Nov 9, 2015",19.99
f93001e2,2026-05-31,02:14:29,2605790,DEEP ROCK GALACTIC: ROGUE CORE,,6550,Action,Ghost Ship Games,"20 May, 2026",29.99
eb15a18c,2026-05-31,02:14:29,1144200,READY OR NOT,,10695,Action,VOID Interactive,"Dec 13, 2023",24.99
06a1738b,2026-05-31,02:14:29,306130,THE ELDER SCROLLS® ONLINE,,10360,Action,ZeniMax Online Studios,"May 22, 2017",19.99
e3f60575,2026-05-31,02:14:29,3164500,SCHEDULE I,,12513,Action,TVGS,"Mar 24, 2025",19.99
fc6a51ae,2026-05-31,02:14:29,3224770,UMAMUSUME: PRETTY DERBY,,5953,Simulation,"Cygames, Inc.","24 Jun, 2025",0.0
4a9b1bf8,2026-05-31,02:14:29,2707930,PALIA,,9667,Adventure,Singularity 6 Corporation,"Mar 25, 2024",0.0
0688a830,2026-05-31,02:14:29,3065800,MARATHON,,10220,Action,Bungie,"Mar 5, 2026",31.99
451b5af3,2026-05-31,02:14:29,2073850,THE FINALS,,12746,Action,Embark Studios,"Dec 7, 2023",0.0
0621af32,2026-05-31,02:14:29,3513350,WUTHERING WAVES,,13580,Action,KURO GAMES,"Apr 28, 2025",0.0
613a0369,2026-05-31,02:14:29,2584990,SHADOWVERSE: WORLDS BEYOND,,6934,Casual,"Cygames, Inc.","Jun 14, 2025",0.0
2043adde,2026-05-31,02:14:29,2923300,BANANA,,6852,Adventure,Sky,"Apr 23, 2024",0.0
f9994cf0,2026-05-31,02:14:29,3892270,GAMBLE WITH YOUR FRIENDS,,12613,Adventure,SkyBrave,"1 May, 2026",4.95
025f11b5,2026-05-31,02:14:29,1716740,STARFIELD,,6428,RPG,Bethesda Game Studios,"Sep 5, 2023",49.99
fe120773,2026-05-31,02:14:29,238960,PATH OF EXILE,,3602,Action,Grinding Gear Games,"23 Oct, 2013",0.0
d1063d3b,2026-05-31,02:14:29,3679080,THE SEVEN DEADLY SINS: ORIGIN,,3082,Action,Netmarble F&C,"Mar 16, 2026",0.0
ed9ed6b7,2026-05-31,02:14:29,2646460,SOULMASK,,4121,Adventure,CampFire Studio,"Apr 9, 2026",29.99
739344e2,2026-05-31,02:14:29,1203620,ENSHROUDED,,10125,Action,Keen Games GmbH,"Jan 24, 2024",23.99
3bc2b5e8,2026-05-31,02:14:29,629520,SOUNDPAD,,11378,Audio Production,Leppsoft,"Sep 30, 2017",4.99
8549aa42,2026-06-01,02:35:53,730,COUNTER-STRIKE 2,1,618033,Action,Valve,"21 Aug, 2012",0.0
16b30487,2026-06-01,02:35:53,570,DOTA 2,2,286903,Action,Valve,"Jul 9, 2013",0.0
f6d552c2,2026-06-01,02:35:53,2694490,PATH OF EXILE 2,3,224532,Action,Grinding Gear Games,"Dec 6, 2024",29.99
3021529e,2026-06-01,02:35:53,3419430,BONGO CAT,4,148537,Casual,Marcel Zurawka,"Mar 5, 2025",0.0
9d9826e5,2026-06-01,02:35:53,2483190,FORZA HORIZON 6,5,136566,Racing,Playground Games,"18 May, 2026",69.99
b364471f,2026-06-01,02:35:53,578080,PUBG: BATTLEGROUNDS,6,121212,Action,PUBG Corporation,"21 Dec, 2017",0.0
db001a2f,2026-06-01,02:35:53,2676230,FIVEM,7,119333,Other,,,0.0
8524b90d,2026-06-01,02:35:53,3678970,TBH: TASK BAR HERO,8,113429,Casual,Nugem Studio,"27 May, 2026",0.0
a31d4d85,2026-06-01,02:35:53,2767030,MARVEL RIVALS,9,93612,Action,NetEase Games,"5 Dec, 2024",0.0
021f9f71,2026-06-01,02:35:53,2868840,SLAY THE SPIRE 2,10,86505,Indie,Mega Crit,"Mar 5, 2026",24.99
0521e17e,2026-06-01,02:35:53,1172470,APEX LEGENDS™,11,79582,Action,Respawn,"4 Nov, 2020",0.0
00f97499,2026-06-01,02:35:53,359550,TOM CLANCY'S RAINBOW SIX SIEGE,12,72558,Action,Ubisoft Montreal,"Dec 1, 2015",0.0
380ad749,2026-06-01,02:35:53,1422450,DEADLOCK,13,0,Action,Valve,To be announced,0.0
cc8bf0c5,2026-06-01,02:35:53,2357570,OVERWATCH®,14,64761,Action,"Blizzard Entertainment, Inc.","Aug 10, 2023",0.0
1ad1c7d0,2026-06-01,02:35:53,431960,WALLPAPER ENGINE,15,63501,Casual,Wallpaper Engine Team,"Nov 16, 2018",4.99
4c935bd8,2026-06-01,02:35:53,252490,RUST,16,60511,Action,Facepunch Studios,"Feb 8, 2018",39.99
21d61f9c,2026-06-01,02:35:53,230410,WARFRAME,17,58113,Action,Digital Extremes,"25 Mar, 2013",0.0
582ecddd,2026-06-01,02:35:53,413150,STARDEW VALLEY,18,53383,Indie,ConcernedApe,"Feb 26, 2016",14.99
5fce6825,2026-06-01,02:35:53,381210,DEAD BY DAYLIGHT,19,53243,Action,Behaviour Interactive Inc.,"Jun 14, 2016",7.99
abf9dd4d,2026-06-01,02:35:53,1808500,ARC RAIDERS,20,51466,Action,Embark Studios,"30 Oct, 2025",39.99
07b8dc9c,2026-06-01,02:35:53,1086940,BALDUR'S GATE 3,21,48525,Adventure,Larian Studios,"Aug 3, 2023",59.99
db1d841f,2026-06-01,02:35:53,2507950,DELTA FORCE,22,47387,Action,Team Jade,"4 Dec, 2024",0.0
602ed894,2026-06-01,02:35:53,440,TEAM FORTRESS 2,23,47342,Action,Valve,"Oct 10, 2007",0.0
a827ae7b,2026-06-01,02:35:53,552990,WORLD OF WARSHIPS,24,47075,Action,Wargaming Group Limited,"Nov 15, 2017",0.0
950bfb57,2026-06-01,02:35:53,438100,VRCHAT,25,45597,Adventure,VRChat Inc.,"1 Feb, 2017",0.0
d33c30a4,2026-06-01,02:35:53,322170,GEOMETRY DASH,26,45287,Action,RobTop Games,"Dec 22, 2014",4.99
1cbbb9f1,2026-06-01,02:35:53,3241660,R.E.P.O.,27,44279,Action,semiwork,"Feb 26, 2025",9.99
c147095d,2026-06-01,02:35:53,1962700,SUBNAUTICA 2,28,37432,Action,Unknown Worlds Entertainment,"May 14, 2026",29.99
3570fded,2026-06-01,02:35:53,3405690,EA SPORTS FC™ 26,29,36573,Simulation,EA Canada,"25 Sep, 2025",20.99
12bc3920,2026-06-01,02:35:53,1938090,CALL OF DUTY®,30,36092,Action,Treyarch,"Oct 27, 2022",0.0
faa317e4,2026-06-01,02:35:53,3768760,007 FIRST LIGHT,31,35790,Action,IO Interactive A/S,"May 26, 2026",69.99
092f66a8,2026-06-01,02:35:53,2807960,BATTLEFIELD™ 6,32,35326,Action,Battlefield Studios,"10 Oct, 2025",41.99
5ee18f2a,2026-06-01,02:35:53,271590,GRAND THEFT AUTO V LEGACY,33,34863,Action,Rockstar North,"Apr 13, 2015",0.0
758589fa,2026-06-01,02:35:53,550,LEFT 4 DEAD 2,34,34458,Action,Valve,"Nov 16, 2009",9.99
09bdb79c,2026-06-01,02:35:53,3240220,GRAND THEFT AUTO V ENHANCED,35,34071,Action,Rockstar North,"Mar 4, 2025",19.79
58df5573,2026-06-01,02:35:53,1366800,CROSSHAIR X,36,31337,Action,CenterPoint Gaming,"Aug 17, 2020",9.99
51a617a2,2026-06-01,02:35:53,236390,WAR THUNDER,37,31232,Action,Gaijin Entertainment,"Aug 15, 2013",0.0
df7bb891,2026-06-01,02:35:53,221100,DAYZ,38,29817,Action,Bohemia Interactive,"Dec 13, 2018",49.99
1af956c6,2026-06-01,02:35:53,1973530,LIMBUS COMPANY,39,29663,Other,ProjectMoon,"26 Feb, 2023",0.0
4b29d7cc,2026-06-01,02:35:53,1245620,ELDEN RING,40,29078,Action,"FromSoftware, Inc.","Feb 24, 2022",59.99
25d2b264,2026-06-01,02:35:53,218620,PAYDAY 2,41,28857,Action,OVERKILL - a Starbreeze Studio.,"Aug 13, 2013",9.99
b2ebe508,2026-06-01,02:35:53,489830,THE ELDER SCROLLS V: SKYRIM SPECIAL EDITION,42,28347,RPG,Bethesda Game Studios,"Oct 27, 2016",39.99
274fea3f,2026-06-01,02:35:53,39210,FINAL FANTASY XIV ONLINE,43,27288,Massively Multiplayer,Square Enix,"Feb 18, 2014",19.99
bfc55aac,2026-06-01,02:35:53,1118520,PARALIVES,44,27055,Simulation,Alex Massé and team,"25 May, 2026",44.99
6da5ef07,2026-06-01,02:35:53,553850,HELLDIVERS™ 2,45,27053,Action,Arrowhead Game Studios,"8 Feb, 2024",39.99
b23c42a5,2026-06-01,02:35:53,3321460,CRIMSON DESERT,46,26636,Action,Pearl Abyss,"Mar 19, 2026",69.99
572636be,2026-06-01,02:35:53,2399830,ARK: SURVIVAL ASCENDED,47,26250,Action,Studio Wildcard,"Oct 25, 2023",44.99
838f920e,2026-06-01,02:35:53,1085660,DESTINY 2,48,25034,Action,Bungie,"Oct 1, 2019",0.0
4f3b71ae,2026-06-01,02:35:53,108600,PROJECT ZOMBOID,49,24859,Indie,The Indie Stone,"Nov 8, 2013",19.99
584e8466,2026-06-01,02:35:53,294100,RIMWORLD,50,24469,Indie,Ludeon Studios,"Oct 17, 2018",34.99
fbb73f57,2026-06-01,02:35:53,1222670,THE SIMS™ 4,51,23797,Adventure,Maxis,"Jun 18, 2020",0.0
7f5334b8,2026-06-01,02:35:53,289070,SID MEIER’S CIVILIZATION® VI,52,23754,Strategy,Firaxis Games,"Oct 21, 2016",59.99
6712122c,2026-06-01,02:35:53,4465480,COUNTER-STRIKE:GLOBAL OFFENSIVE,53,23235,Action,Valve,"Aug 21, 2012",0.0
712dba71,2026-06-01,02:35:53,3472040,NBA 2K26,54,22394,Sports,Visual Concepts,"Sep 4, 2025",19.99
a3d59faa,2026-06-01,02:35:53,105600,TERRARIA,55,22305,Action,Re-Logic,"May 16, 2011",9.99
baf5d027,2026-06-01,02:35:53,394360,HEARTS OF IRON IV,56,21772,Simulation,Paradox Development Studio,"Jun 6, 2016",49.99
ef68acfe,2026-06-01,02:35:53,240,COUNTER-STRIKE: SOURCE,57,21742,Action,Valve,"1 Nov, 2004",5.79
cb2da644,2026-06-01,02:35:53,1174180,RED DEAD REDEMPTION 2,58,21510,Action,Rockstar Games,"Dec 5, 2019",59.99
a1cd3cfa,2026-06-01,02:35:53,1091500,CYBERPUNK 2077,59,20908,RPG,CD PROJEKT RED,"Dec 9, 2020",20.99
ad901329,2026-06-01,02:35:53,1142710,TOTAL WAR: WARHAMMER III,60,20550,Action,CREATIVE ASSEMBLY,"Feb 17, 2022",59.99
765ea8d2,2026-06-01,02:35:53,1281930,TMODLOADER,61,20292,Action,TML Team,"May 16, 2020",0.0
52d1a703,2026-06-01,02:35:53,252950,ROCKET LEAGUE®,62,19527,Action,Psyonix LLC,"Jul 7, 2015",0.0
5559c36f,2026-06-01,02:35:53,3041230,WINDROSE,63,19090,Action,Kraken Express,"Apr 14, 2026",29.99
bcb3708e,2026-06-01,02:35:53,251570,7 DAYS TO DIE,64,18463,Action,The Fun Pimps,"Jul 25, 2024",44.99
d9c81880,2026-06-01,02:35:53,275850,NO MAN'S SKY,65,18156,Action,Hello Games,"Aug 12, 2016",59.99
13c6e2a6,2026-06-01,02:35:53,2183900,"WARHAMMER 40,000: SPACE MARINE 2",66,18273,Action,Saber Interactive,"9 Sep, 2024",17.99
6c33b077,2026-06-01,02:35:53,4000,GARRY'S MOD,67,17972,Casual,Facepunch Studios,"Nov 29, 2006",4.99
7e261824,2026-06-01,02:35:53,3527290,PEAK,68,17393,Action,Team PEAK,"16 Jun, 2025",7.49
ff088378,2026-06-01,02:35:53,813780,AGE OF EMPIRES II: DEFINITIVE EDITION,69,17057,Strategy,World's Edge,"Nov 14, 2019",12.24
80b8a10d,2026-06-01,02:35:53,4197610,LIBRARIAN: TIDY UP THE ARCANE LIBRARY!,70,16461,Casual,ArtRising,"Apr 30, 2026",5.99
78386144,2026-06-01,02:35:53,440900,CONAN EXILES ENHANCED,71,16324,Action,Funcom,"May 8, 2018",29.99
d89f129b,2026-06-01,02:35:53,582660,BLACK DESERT,72,16383,Action,Pearl Abyss,"May 24, 2017",0.99
e94d5d18,2026-06-01,02:35:53,3551340,FOOTBALL MANAGER 26,73,16330,Simulation,Sports Interactive,"Nov 4, 2025",59.99
c222cbea,2026-06-01,02:35:53,2344520,DIABLO® IV,74,16120,Action,"Blizzard Entertainment, Inc.","Oct 17, 2023",49.99
c51b9a16,2026-06-01,02:35:53,284160,BEAMNG.DRIVE,75,15709,Racing,BeamNG,"May 29, 2015",24.99
6fa06fb1,2026-06-01,02:35:53,1623730,PALWORLD,76,15816,Action,Pocketpair,"Jan 19, 2024",29.99
29ea742f,2026-06-01,02:35:53,3564740,WHERE WINDS MEET,77,15680,Action,Everstone Studio,"14 Nov, 2025",0.0
ec38de5b,2026-06-01,02:35:53,250900,THE BINDING OF ISAAC: REBIRTH,78,15690,Action,"Nicalis, Inc.","Nov 4, 2014",14.99
d5cea9b4,2026-06-01,02:35:53,264710,SUBNAUTICA,79,15573,Adventure,Unknown Worlds Entertainment,"Jan 23, 2018",7.49
2b08d04f,2026-06-01,02:35:53,892970,VALHEIM,80,15202,Action,Iron Gate AB,"Feb 2, 2021",9.99
848cdf35,2026-06-01,02:35:53,346110,ARK: SURVIVAL EVOLVED,81,14942,Action,Studio Wildcard,"Aug 27, 2017",14.99
18c8fff1,2026-06-01,02:35:53,1665460,EFOOTBALL™,82,14868,Simulation,KONAMI,"Sep 29, 2021",0.0
e6156128,2026-06-01,02:35:53,1364780,STREET FIGHTER™ 6,83,14820,Action,"CAPCOM Co., Ltd.","Jun 1, 2023",19.99
50b3eb0b,2026-06-01,02:35:53,2622380,ELDEN RING NIGHTREIGN,84,14517,Action,"FromSoftware, Inc.","29 May, 2025",39.99
2b516a51,2026-06-01,02:35:53,3892270,GAMBLE WITH YOUR FRIENDS,85,14256,Adventure,SkyBrave,"1 May, 2026",4.95
e78ee290,2026-06-01,02:35:53,2300320,FARMING SIMULATOR 25,86,14379,Simulation,GIANTS Software,"Nov 12, 2024",29.99
cd6ecbcc,2026-06-01,02:35:53,322330,DON'T STARVE TOGETHER,87,13971,Action,Klei Entertainment,"Apr 21, 2016",14.99
e656d39d,2026-06-01,02:35:53,1158310,CRUSADER KINGS III,88,13914,RPG,Paradox Development Studio,"Sep 1, 2020",14.99
7ce82175,2026-06-01,02:35:53,4128580,BIDKING,89,13893,Casual,MindSurge Network & Games,"Apr 15, 2026",2.99
9bb14702,2026-06-01,02:35:53,261550,MOUNT & BLADE II: BANNERLORD,90,13860,Action,TaleWorlds Entertainment,"Oct 25, 2022",24.99
51b7e5bc,2026-06-01,02:35:53,427520,FACTORIO,91,13854,Casual,Wube Software LTD.,"Aug 14, 2020",35.0
f1fbe286,2026-06-01,02:35:53,2073850,THE FINALS,92,13344,Action,Embark Studios,"Dec 7, 2023",0.0
b3ae4a25,2026-06-01,02:35:53,2073620,ARENA BREAKOUT: INFINITE,93,13327,Action,Morefun Studios,"Sep 15, 2025",0.0
c3a0235e,2026-06-01,02:35:53,3164500,SCHEDULE I,94,12935,Action,TVGS,"Mar 24, 2025",19.99
169a9691,2026-06-01,02:35:53,3780860,HELL LET LOOSE VIETNAM: PLAYTEST,95,12559,Other,,"Apr 20, 2026",0.0
250a9949,2026-06-01,02:35:53,526870,SATISFACTORY,96,12769,Adventure,Coffee Stain Studios,"Sep 10, 2024",27.99
d7c0158b,2026-06-01,02:35:53,304930,UNTURNED,97,12641,Action,Smartly Dressed Games,"Jul 7, 2017",0.0
e6fb19ca,2026-06-01,02:35:53,1905180,OBS STUDIO,98,12510,Utilities,OBS Project,"Mar 21, 2022",0.0
9402b96e,2026-06-01,02:35:53,2215200,LEGO® BATMAN™: LEGACY OF THE DARK KNIGHT,99,12361,Action,TT Games,"22 May, 2026",28999.0
a27ecc8c,2026-06-01,02:35:53,8930,SID MEIER'S CIVILIZATION® V,100,12260,Strategy,Firaxis Games,"Sep 21, 2010",29.99
068e6492,2026-06-01,02:35:53,2605790,DEEP ROCK GALACTIC: ROGUE CORE,,5376,Action,Ghost Ship Games,"20 May, 2026",29.99
d2101134,2026-06-01,02:35:53,291550,BRAWLHALLA,,11971,Action,Blue Mammoth Games,"Oct 17, 2017",0.0
fcb9e815,2026-06-01,02:35:53,2479810,GRAY ZONE WARFARE,,4804,Action,"MADFINGER Games, a.s.","Apr 30, 2024",39.99
a673e055,2026-06-01,02:35:53,960090,BLOONS TD 6,,7875,Strategy,Ninja Kiwi,"Dec 17, 2018",13.99
ddc70802,2026-06-01,02:35:53,1203620,ENSHROUDED,,8547,Action,Keen Games GmbH,"Jan 24, 2024",23.99
29fc1faf,2026-06-01,02:35:53,739630,PHASMOPHOBIA,,12104,Action,Kinetic Games,"Sep 18, 2020",19.99
0fc949c6,2026-06-01,02:35:53,3265700,VAMPIRE CRAWLERS: THE TURBO WILDCARD FROM VAMPIRE SURVIVORS,,2137,Action,poncle,"Apr 21, 2026",9.99
b2f49b75,2026-06-01,02:35:53,238960,PATH OF EXILE,,3375,Action,Grinding Gear Games,"23 Oct, 2013",0.0
726f706c,2026-06-01,02:35:53,1974050,TORCHLIGHT: INFINITE,,749,Action,XD,"May 9, 2023",0.0
945cdb16,2026-06-01,02:35:53,3932890,ESCAPE FROM TARKOV,,11061,Action,Battlestate Games,"Nov 15, 2025",49.99
704f1a11,2026-06-01,02:35:53,377160,FALLOUT 4,,10677,RPG,Bethesda Game Studios,"Nov 9, 2015",19.99
580108e7,2026-06-01,02:35:53,1716740,STARFIELD,,5812,RPG,Bethesda Game Studios,"Sep 5, 2023",49.99
0fa21bbb,2026-06-01,02:35:53,3764200,RESIDENT EVIL REQUIEM,,5023,Action,"CAPCOM Co., Ltd.","Feb 26, 2026",69.99
e8755b09,2026-06-01,02:35:53,270880,AMERICAN TRUCK SIMULATOR,,8857,Indie,SCS Software,"Feb 2, 2016",4.99
932ef2fd,2026-06-01,02:35:53,1476970,IDLEON,,8715,Casual,Lavaflame2,"Nov 6, 2025",0.0
1e437326,2026-06-01,02:35:53,3224770,UMAMUSUME: PRETTY DERBY,,6193,Simulation,"Cygames, Inc.","24 Jun, 2025",0.0
868d966a,2026-06-01,02:35:53,2119830,MISERY,,1486,Action,Platypus Entertainment,"23 Oct, 2025",8.41
67ed9108,2026-06-01,02:35:53,281990,STELLARIS,,12266,Simulation,Paradox Development Studio,"May 9, 2016",39.99
70030363,2026-06-01,02:35:53,306130,THE ELDER SCROLLS® ONLINE,,9767,Action,ZeniMax Online Studios,"May 22, 2017",19.99
6c2df747,2026-06-01,02:35:53,376210,THE ISLE,,11805,Action,Afterthought LLC,"Dec 1, 2015",19.99
f52a10c5,2026-06-01,02:35:53,1144200,READY OR NOT,,10626,Action,VOID Interactive,"Dec 13, 2023",24.99
b35aceca,2026-06-01,02:35:53,216150,MAPLESTORY,,9929,Action,NEXON Korea Corporation,"Aug 9, 2012",0.0
a1fe72cb,2026-06-01,02:35:53,2252570,FOOTBALL MANAGER 2024,,9973,Simulation,Sports Interactive,"Nov 6, 2023",0.0
59db6425,2026-06-01,02:35:53,1449850,YU-GI-OH! MASTER DUEL,,10019,Simulation,KONAMI,"18 Jan, 2022",0.0
27fbfe07,2026-06-01,02:35:53,1295660,SID MEIER'S CIVILIZATION VII,,11329,Simulation,Firaxis Games,"Feb 10, 2025",41.99
b0bf600a,2026-06-01,02:35:53,2646460,SOULMASK,,3294,Adventure,CampFire Studio,"Apr 9, 2026",29.99
41623c54,2026-06-01,02:35:53,3357650,PRAGMATA,,2596,Action,"CAPCOM Co., Ltd.","Apr 17, 2026",59.99
ff4549d5,2026-06-01,02:35:53,2707930,PALIA,,8574,Adventure,Singularity 6 Corporation,"Mar 25, 2024",0.0
2a592c1f,2026-06-01,02:35:53,3105440,HEROES OF MIGHT AND MAGIC: OLDEN ERA,,5492,RPG,Unfrozen,"Apr 30, 2026",29.99
8b4bccbe,2026-06-01,02:35:53,1623660,MIR4,,11627,Action,Wemade Next,"Aug 25, 2021",0.0
880637fe,2026-06-01,02:35:53,4025700,HEARTOPIA,,10415,Casual,XD,"16 Jan, 2026",0.0
7d72b5af,2026-06-01,02:35:53,629520,SOUNDPAD,,10067,Audio Production,Leppsoft,"Sep 30, 2017",4.99
9fd57868,2026-06-01,02:35:53,3124540,FAR FAR WEST,,6493,Action,Evil Raptor,"Apr 28, 2026",17.99
c84ba878,2026-06-01,02:35:53,594650,HUNT: SHOWDOWN 1896,,8638,Action,Crytek,"Aug 27, 2019",13.49
04ac7f19,2026-06-01,02:35:53,3065800,MARATHON,,10870,Action,Bungie,"Mar 5, 2026",31.99
0b750dd2,2026-06-01,02:35:53,3513350,WUTHERING WAVES,,11637,Action,KURO GAMES,"Apr 28, 2025",0.0
32b98473,2026-06-01,02:35:53,1874880,ARMA REFORGER,,10045,Action,Bohemia Interactive,"Nov 16, 2023",39.99
b3d5dee0,2026-06-01,02:35:53,2584990,SHADOWVERSE: WORLDS BEYOND,,4532,Casual,"Cygames, Inc.","Jun 14, 2025",0.0
7eac418e,2026-06-01,02:35:53,2923300,BANANA,,12106,Adventure,Sky,"Apr 23, 2024",0.0
b274a97e,2026-06-01,02:35:53,3679080,THE SEVEN DEADLY SINS: ORIGIN,,2636,Action,Netmarble F&C,"Mar 16, 2026",0.0
904415af,2026-06-01,02:35:53,1203220,NARAKA: BLADEPOINT,,11138,Action,24 Entertainment,"11 Aug, 2021",0.0
32f66ee9,2026-06-01,02:35:53,220200,KERBAL SPACE PROGRAM,,7066,Indie,Squad,"Apr 27, 2015",39.99
a26e99c8,2026-06-01,02:35:53,1604030,V RISING,,6204,Action,Stunlock Studios,"May 8, 2024",15.74
ad33cc84,2026-06-01,02:35:53,227300,EURO TRUCK SIMULATOR 2,,11589,Indie,SCS Software,"Oct 12, 2012",19.99
feb7a343,2026-06-02,02:34:43,730,COUNTER-STRIKE 2,1,543960,Action,Valve,"21 Aug, 2012",0.0
3a918af7,2026-06-02,02:34:43,570,DOTA 2,2,285459,Action,Valve,"Jul 9, 2013",0.0
622798d6,2026-06-02,02:34:43,2694490,PATH OF EXILE 2,3,210576,Action,Grinding Gear Games,"Dec 6, 2024",29.99
80a3bbef,2026-06-02,02:34:43,3419430,BONGO CAT,4,147799,Casual,Marcel Zurawka,"Mar 5, 2025",0.0
985c4696,2026-06-02,02:34:43,3678970,TBH: TASK BAR HERO,5,143040,Casual,Nugem Studio,"27 May, 2026",0.0
8e6b5445,2026-06-02,02:34:43,578080,PUBG: BATTLEGROUNDS,6,125799,Action,PUBG Corporation,"21 Dec, 2017",0.0
2cf7eb1a,2026-06-02,02:34:43,2483190,FORZA HORIZON 6,7,124441,Racing,Playground Games,"18 May, 2026",69.99
13e395f8,2026-06-02,02:34:43,2676230,FIVEM,8,120492,Other,,,0.0
c86a2654,2026-06-02,02:34:43,2767030,MARVEL RIVALS,9,88558,Action,NetEase Games,"5 Dec, 2024",0.0
15675c18,2026-06-02,02:34:43,2868840,SLAY THE SPIRE 2,10,84936,Indie,Mega Crit,"Mar 5, 2026",24.99
9458014a,2026-06-02,02:34:43,1172470,APEX LEGENDS™,11,77404,Action,Respawn,"4 Nov, 2020",0.0
c5f1e98c,2026-06-02,02:34:43,359550,TOM CLANCY'S RAINBOW SIX SIEGE,12,74246,Action,Ubisoft Montreal,"Dec 1, 2015",0.0
17847b77,2026-06-02,02:34:43,2357570,OVERWATCH®,13,64775,Action,"Blizzard Entertainment, Inc.","Aug 10, 2023",0.0
5a692c14,2026-06-02,02:34:43,1422450,DEADLOCK,14,0,Action,Valve,To be announced,0.0
fe9b395b,2026-06-02,02:34:43,431960,WALLPAPER ENGINE,15,61863,Casual,Wallpaper Engine Team,"Nov 16, 2018",4.99
9929ea9d,2026-06-02,02:34:43,252490,RUST,16,61181,Action,Facepunch Studios,"Feb 8, 2018",39.99
0126f30d,2026-06-02,02:34:43,381210,DEAD BY DAYLIGHT,17,52525,Action,Behaviour Interactive Inc.,"Jun 14, 2016",7.99
e71eb9af,2026-06-02,02:34:43,230410,WARFRAME,18,50219,Action,Digital Extremes,"25 Mar, 2013",0.0
d6ade821,2026-06-02,02:34:43,413150,STARDEW VALLEY,19,49327,Indie,ConcernedApe,"Feb 26, 2016",14.99
77bb80b5,2026-06-02,02:34:43,1808500,ARC RAIDERS,20,48359,Action,Embark Studios,"30 Oct, 2025",39.99
ee8246d5,2026-06-02,02:34:43,440,TEAM FORTRESS 2,21,46945,Action,Valve,"Oct 10, 2007",0.0
403f6a81,2026-06-02,02:34:43,552990,WORLD OF WARSHIPS,22,46481,Action,Wargaming Group Limited,"Nov 15, 2017",0.0
7d61fac5,2026-06-02,02:34:43,2507950,DELTA FORCE,23,44415,Action,Team Jade,"4 Dec, 2024",0.0
936b9f6e,2026-06-02,02:34:43,1086940,BALDUR'S GATE 3,24,44991,Adventure,Larian Studios,"Aug 3, 2023",59.99
4a1d2231,2026-06-02,02:34:43,438100,VRCHAT,25,44427,Adventure,VRChat Inc.,"1 Feb, 2017",0.0
a8962478,2026-06-02,02:34:43,322170,GEOMETRY DASH,26,43984,Action,RobTop Games,"Dec 22, 2014",4.99
b92adbb7,2026-06-02,02:34:43,271590,GRAND THEFT AUTO V LEGACY,27,40447,Action,Rockstar North,"Apr 13, 2015",0.0
08f4533f,2026-06-02,02:34:43,3241660,R.E.P.O.,28,38710,Action,semiwork,"Feb 26, 2025",9.99
e1e6d43e,2026-06-02,02:34:43,3405690,EA SPORTS FC™ 26,29,36256,Simulation,EA Canada,"25 Sep, 2025",20.99
d6f60a7b,2026-06-02,02:34:43,1938090,CALL OF DUTY®,30,35244,Action,Treyarch,"Oct 27, 2022",0.0
2c024c9e,2026-06-02,02:34:43,2807960,BATTLEFIELD™ 6,31,32950,Action,Battlefield Studios,"10 Oct, 2025",41.99
51fd16e1,2026-06-02,02:34:43,3240220,GRAND THEFT AUTO V ENHANCED,32,32289,Action,Rockstar North,"Mar 4, 2025",19.79
73b2a2bd,2026-06-02,02:34:43,1962700,SUBNAUTICA 2,33,31903,Action,Unknown Worlds Entertainment,"May 14, 2026",29.99
c0529edb,2026-06-02,02:34:43,1366800,CROSSHAIR X,34,30500,Action,CenterPoint Gaming,"Aug 17, 2020",9.99
e6e4b27f,2026-06-02,02:34:43,236390,WAR THUNDER,35,29989,Action,Gaijin Entertainment,"Aug 15, 2013",0.0
7aeebd3b,2026-06-02,02:34:43,550,LEFT 4 DEAD 2,36,29748,Action,Valve,"Nov 16, 2009",9.99
94d396b0,2026-06-02,02:34:43,3768760,007 FIRST LIGHT,37,29828,Action,IO Interactive A/S,"May 26, 2026",69.99
f5cd1b9d,2026-06-02,02:34:43,221100,DAYZ,38,28987,Action,Bohemia Interactive,"Dec 13, 2018",49.99
a171cf12,2026-06-02,02:34:43,1973530,LIMBUS COMPANY,39,27367,Other,ProjectMoon,"26 Feb, 2023",0.0
a8450d75,2026-06-02,02:34:43,1245620,ELDEN RING,40,27223,Action,"FromSoftware, Inc.","Feb 24, 2022",59.99
3f44d952,2026-06-02,02:34:43,553850,HELLDIVERS™ 2,41,26947,Action,Arrowhead Game Studios,"8 Feb, 2024",39.99
b210e215,2026-06-02,02:34:43,218620,PAYDAY 2,42,26620,Action,OVERKILL - a Starbreeze Studio.,"Aug 13, 2013",9.99
ba0694df,2026-06-02,02:34:43,489830,THE ELDER SCROLLS V: SKYRIM SPECIAL EDITION,43,26150,RPG,Bethesda Game Studios,"Oct 27, 2016",39.99
813466c0,2026-06-02,02:34:43,39210,FINAL FANTASY XIV ONLINE,44,25183,Massively Multiplayer,Square Enix,"Feb 18, 2014",19.99
5766b53d,2026-06-02,02:34:43,1085660,DESTINY 2,45,24703,Action,Bungie,"Oct 1, 2019",0.0
b5eb4b48,2026-06-02,02:34:43,4465480,COUNTER-STRIKE:GLOBAL OFFENSIVE,46,24097,Action,Valve,"Aug 21, 2012",0.0
3c7cb3eb,2026-06-02,02:34:43,2399830,ARK: SURVIVAL ASCENDED,47,23982,Action,Studio Wildcard,"Oct 25, 2023",44.99
bea94c98,2026-06-02,02:34:43,108600,PROJECT ZOMBOID,48,23487,Indie,The Indie Stone,"Nov 8, 2013",19.99
3d16e6f1,2026-06-02,02:34:43,3321460,CRIMSON DESERT,49,23189,Action,Pearl Abyss,"Mar 19, 2026",69.99
40f13b39,2026-06-02,02:34:43,294100,RIMWORLD,50,23090,Indie,Ludeon Studios,"Oct 17, 2018",34.99
a3e38835,2026-06-02,02:34:43,1118520,PARALIVES,51,23337,Simulation,Alex Massé and team,"25 May, 2026",44.99
2f733a69,2026-06-02,02:34:43,3472040,NBA 2K26,52,22361,Sports,Visual Concepts,"Sep 4, 2025",19.99
b228b5a8,2026-06-02,02:34:43,289070,SID MEIER’S CIVILIZATION® VI,53,22055,Strategy,Firaxis Games,"Oct 21, 2016",59.99
b123e3a1,2026-06-02,02:34:43,1222670,THE SIMS™ 4,54,22063,Adventure,Maxis,"Jun 18, 2020",0.0
7a735612,2026-06-02,02:34:43,240,COUNTER-STRIKE: SOURCE,55,20143,Action,Valve,"1 Nov, 2004",5.79
0d214f1e,2026-06-02,02:34:43,105600,TERRARIA,56,20657,Action,Re-Logic,"May 16, 2011",9.99
fc3c173b,2026-06-02,02:34:43,394360,HEARTS OF IRON IV,57,20608,Simulation,Paradox Development Studio,"Jun 6, 2016",49.99
ef404f3d,2026-06-02,02:34:43,252950,ROCKET LEAGUE®,58,20549,Action,Psyonix LLC,"Jul 7, 2015",0.0
25fdca80,2026-06-02,02:34:43,1174180,RED DEAD REDEMPTION 2,59,19777,Action,Rockstar Games,"Dec 5, 2019",59.99
f69e1763,2026-06-02,02:34:43,1281930,TMODLOADER,60,19495,Action,TML Team,"May 16, 2020",0.0
db019b0c,2026-06-02,02:34:43,1091500,CYBERPUNK 2077,61,19330,RPG,CD PROJEKT RED,"Dec 9, 2020",20.99
cb04558c,2026-06-02,02:34:43,1142710,TOTAL WAR: WARHAMMER III,62,19017,Action,CREATIVE ASSEMBLY,"Feb 17, 2022",59.99
ecaa7be8,2026-06-02,02:34:43,2183900,"WARHAMMER 40,000: SPACE MARINE 2",63,17481,Action,Saber Interactive,"9 Sep, 2024",17.99
907e3efc,2026-06-02,02:34:43,275850,NO MAN'S SKY,64,16956,Action,Hello Games,"Aug 12, 2016",59.99
b0db903c,2026-06-02,02:34:43,251570,7 DAYS TO DIE,65,16892,Action,The Fun Pimps,"Jul 25, 2024",44.99
7e30dd50,2026-06-02,02:34:43,4000,GARRY'S MOD,66,16721,Casual,Facepunch Studios,"Nov 29, 2006",4.99
2c91caca,2026-06-02,02:34:43,3551340,FOOTBALL MANAGER 26,67,16598,Simulation,Sports Interactive,"Nov 4, 2025",59.99
2a2b581e,2026-06-02,02:34:43,582660,BLACK DESERT,68,16391,Action,Pearl Abyss,"May 24, 2017",0.99
fff72bdd,2026-06-02,02:34:43,3041230,WINDROSE,69,16517,Action,Kraken Express,"Apr 14, 2026",29.99
4c2b68ad,2026-06-02,02:34:43,813780,AGE OF EMPIRES II: DEFINITIVE EDITION,70,15725,Strategy,World's Edge,"Nov 14, 2019",12.24
48b07fe0,2026-06-02,02:34:43,250900,THE BINDING OF ISAAC: REBIRTH,71,15674,Action,"Nicalis, Inc.","Nov 4, 2014",14.99
4f035fcf,2026-06-02,02:34:43,2923300,BANANA,72,15382,Adventure,Sky,"Apr 23, 2024",0.0
358b8cb0,2026-06-02,02:34:43,440900,CONAN EXILES ENHANCED,73,14974,Action,Funcom,"May 8, 2018",29.99
1c2a72da,2026-06-02,02:34:43,2344520,DIABLO® IV,74,15049,Action,"Blizzard Entertainment, Inc.","Oct 17, 2023",49.99
df00e22c,2026-06-02,02:34:43,284160,BEAMNG.DRIVE,75,14899,Racing,BeamNG,"May 29, 2015",24.99
5df522c9,2026-06-02,02:34:43,1364780,STREET FIGHTER™ 6,76,14657,Action,"CAPCOM Co., Ltd.","Jun 1, 2023",19.99
174e2459,2026-06-02,02:34:43,1623730,PALWORLD,77,14720,Action,Pocketpair,"Jan 19, 2024",29.99
509dab6c,2026-06-02,02:34:43,3527290,PEAK,78,14537,Action,Team PEAK,"16 Jun, 2025",7.49
998fb4b1,2026-06-02,02:34:43,1665460,EFOOTBALL™,79,14375,Simulation,KONAMI,"Sep 29, 2021",0.0
ee2b73d4,2026-06-02,02:34:43,4197610,LIBRARIAN: TIDY UP THE ARCANE LIBRARY!,80,14460,Casual,ArtRising,"Apr 30, 2026",5.99
2d64a9f0,2026-06-02,02:34:43,346110,ARK: SURVIVAL EVOLVED,81,14013,Action,Studio Wildcard,"Aug 27, 2017",14.99
6a87c6d5,2026-06-02,02:34:43,4128580,BIDKING,82,13617,Casual,MindSurge Network & Games,"Apr 15, 2026",2.99
0aae865e,2026-06-02,02:34:43,2622380,ELDEN RING NIGHTREIGN,83,13874,Action,"FromSoftware, Inc.","29 May, 2025",39.99
b62d8833,2026-06-02,02:34:43,3065800,MARATHON,84,13806,Action,Bungie,"Mar 5, 2026",31.99
27fe9713,2026-06-02,02:34:43,892970,VALHEIM,85,13538,Action,Iron Gate AB,"Feb 2, 2021",9.99
84858f0d,2026-06-02,02:34:43,261550,MOUNT & BLADE II: BANNERLORD,86,13360,Action,TaleWorlds Entertainment,"Oct 25, 2022",24.99
d8f90bda,2026-06-02,02:34:43,264710,SUBNAUTICA,87,13271,Adventure,Unknown Worlds Entertainment,"Jan 23, 2018",7.49
26f25b64,2026-06-02,02:34:43,1158310,CRUSADER KINGS III,88,13133,RPG,Paradox Development Studio,"Sep 1, 2020",14.99
5968cf83,2026-06-02,02:34:43,322330,DON'T STARVE TOGETHER,89,13051,Action,Klei Entertainment,"Apr 21, 2016",14.99
983ff583,2026-06-02,02:34:43,3892270,GAMBLE WITH YOUR FRIENDS,90,13049,Adventure,SkyBrave,"1 May, 2026",4.95
21dfbfd5,2026-06-02,02:34:43,2300320,FARMING SIMULATOR 25,91,12970,Simulation,GIANTS Software,"Nov 12, 2024",29.99
e973ea2b,2026-06-02,02:34:43,2073850,THE FINALS,92,13001,Action,Embark Studios,"Dec 7, 2023",0.0
6ccbdebb,2026-06-02,02:34:43,427520,FACTORIO,93,12887,Casual,Wube Software LTD.,"Aug 14, 2020",35.0
0b8b4d86,2026-06-02,02:34:43,2073620,ARENA BREAKOUT: INFINITE,94,12510,Action,Morefun Studios,"Sep 15, 2025",0.0
d6dadb14,2026-06-02,02:34:43,3564740,WHERE WINDS MEET,95,12443,Action,Everstone Studio,"14 Nov, 2025",0.0
b8630eef,2026-06-02,02:34:43,1905180,OBS STUDIO,96,12258,Utilities,OBS Project,"Mar 21, 2022",0.0
5d288232,2026-06-02,02:34:43,526870,SATISFACTORY,97,11967,Adventure,Coffee Stain Studios,"Sep 10, 2024",27.99
7c42fae9,2026-06-02,02:34:43,1623660,MIR4,98,11575,Action,Wemade Next,"Aug 25, 2021",0.0
a298b377,2026-06-02,02:34:43,3164500,SCHEDULE I,99,11551,Action,TVGS,"Mar 24, 2025",19.99
03e24bdf,2026-06-02,02:34:43,291550,BRAWLHALLA,100,11327,Action,Blue Mammoth Games,"Oct 17, 2017",0.0
7aa33ae5,2026-06-02,02:34:43,1974050,TORCHLIGHT: INFINITE,,721,Action,XD,"May 9, 2023",0.0
9cdfa6f2,2026-06-02,02:34:43,3932890,ESCAPE FROM TARKOV,,10883,Action,Battlestate Games,"Nov 15, 2025",49.99
a4756df4,2026-06-02,02:34:43,3124540,FAR FAR WEST,,5662,Action,Evil Raptor,"Apr 28, 2026",17.99
a0a8de07,2026-06-02,02:34:43,238960,PATH OF EXILE,,3202,Action,Grinding Gear Games,"23 Oct, 2013",0.0
bd5931c4,2026-06-02,02:34:43,960090,BLOONS TD 6,,7644,Strategy,Ninja Kiwi,"Dec 17, 2018",13.99
ae83b9e4,2026-06-02,02:34:43,2119830,MISERY,,1120,Action,Platypus Entertainment,"23 Oct, 2025",8.41
4da97825,2026-06-02,02:34:43,3357650,PRAGMATA,,2256,Action,"CAPCOM Co., Ltd.","Apr 17, 2026",59.99
5216ab80,2026-06-02,02:34:43,2707930,PALIA,,8227,Adventure,Singularity 6 Corporation,"Mar 25, 2024",0.0
b2a3dcc8,2026-06-02,02:34:43,304930,UNTURNED,,10449,Action,Smartly Dressed Games,"Jul 7, 2017",0.0
a4f75b6f,2026-06-02,02:34:43,629520,SOUNDPAD,,9818,Audio Production,Leppsoft,"Sep 30, 2017",4.99
26d2f295,2026-06-02,02:34:43,2215200,LEGO® BATMAN™: LEGACY OF THE DARK KNIGHT,,10714,Action,TT Games,"22 May, 2026",28999.0
57a5e165,2026-06-02,02:34:43,3513350,WUTHERING WAVES,,10998,Action,KURO GAMES,"Apr 28, 2025",0.0
aae591f5,2026-06-02,02:34:43,739630,PHASMOPHOBIA,,10694,Action,Kinetic Games,"Sep 18, 2020",19.99
07404d4c,2026-06-02,02:34:43,3679080,THE SEVEN DEADLY SINS: ORIGIN,,2873,Action,Netmarble F&C,"Mar 16, 2026",0.0
a95863ce,2026-06-02,02:34:43,2252570,FOOTBALL MANAGER 2024,,9702,Simulation,Sports Interactive,"Nov 6, 2023",0.0
23a7aa49,2026-06-02,02:34:43,281990,STELLARIS,,11027,Simulation,Paradox Development Studio,"May 9, 2016",39.99
fb9f8372,2026-06-02,02:34:43,3105440,HEROES OF MIGHT AND MAGIC: OLDEN ERA,,5149,RPG,Unfrozen,"Apr 30, 2026",29.99
0446420a,2026-06-02,02:34:43,1295660,SID MEIER'S CIVILIZATION VII,,10138,Simulation,Firaxis Games,"Feb 10, 2025",41.99
8cdbb00d,2026-06-02,02:34:43,594650,HUNT: SHOWDOWN 1896,,8241,Action,Crytek,"Aug 27, 2019",13.49
4ed7a046,2026-06-02,02:34:43,2584990,SHADOWVERSE: WORLDS BEYOND,,4136,Casual,"Cygames, Inc.","Jun 14, 2025",0.0
d3c9a9ba,2026-06-02,02:34:43,3764200,RESIDENT EVIL REQUIEM,,4269,Action,"CAPCOM Co., Ltd.","Feb 26, 2026",69.99
64057583,2026-06-02,02:34:43,1203220,NARAKA: BLADEPOINT,,10991,Action,24 Entertainment,"11 Aug, 2021",0.0
d89adc66,2026-06-02,02:34:43,377160,FALLOUT 4,,10029,RPG,Bethesda Game Studios,"Nov 9, 2015",19.99
38ff747c,2026-06-02,02:34:43,1144200,READY OR NOT,,10096,Action,VOID Interactive,"Dec 13, 2023",24.99
6d16f3c7,2026-06-02,02:34:43,2479810,GRAY ZONE WARFARE,,4413,Action,"MADFINGER Games, a.s.","Apr 30, 2024",39.99
3def7a4b,2026-06-02,02:34:43,1476970,IDLEON,,8924,Casual,Lavaflame2,"Nov 6, 2025",0.0
d84c3330,2026-06-02,02:34:43,1604030,V RISING,,5559,Action,Stunlock Studios,"May 8, 2024",15.74
51cbbccb,2026-06-02,02:34:43,3265700,VAMPIRE CRAWLERS: THE TURBO WILDCARD FROM VAMPIRE SURVIVORS,,1989,Action,poncle,"Apr 21, 2026",9.99
2537b540,2026-06-02,02:34:43,216150,MAPLESTORY,,10127,Action,NEXON Korea Corporation,"Aug 9, 2012",0.0
cd36ad70,2026-06-02,02:34:43,8930,SID MEIER'S CIVILIZATION® V,,11259,Strategy,Firaxis Games,"Sep 21, 2010",29.99
74a4f132,2026-06-02,02:34:43,1203620,ENSHROUDED,,7684,Action,Keen Games GmbH,"Jan 24, 2024",23.99
1cbb625a,2026-06-02,02:34:43,376210,THE ISLE,,11173,Action,Afterthought LLC,"Dec 1, 2015",19.99
1caf6251,2026-06-02,02:34:43,306130,THE ELDER SCROLLS® ONLINE,,9511,Action,ZeniMax Online Studios,"May 22, 2017",19.99
3f057fa8,2026-06-02,02:34:43,220200,KERBAL SPACE PROGRAM,,6616,Indie,Squad,"Apr 27, 2015",39.99
e952c2f5,2026-06-02,02:34:43,3780860,HELL LET LOOSE VIETNAM: PLAYTEST,,0,Other,,"Apr 20, 2026",0.0
8d589713,2026-06-02,02:34:43,2646460,SOULMASK,,2962,Adventure,CampFire Studio,"Apr 9, 2026",29.99
c99cb5eb,2026-06-02,02:34:43,1449850,YU-GI-OH! MASTER DUEL,,10378,Simulation,KONAMI,"18 Jan, 2022",0.0
7e2eb078,2026-06-02,02:34:43,1716740,STARFIELD,,5109,RPG,Bethesda Game Studios,"Sep 5, 2023",49.99
1af30486,2026-06-02,02:34:43,4025700,HEARTOPIA,,9380,Casual,XD,"16 Jan, 2026",0.0
e9ad87d7,2026-06-02,02:34:43,270880,AMERICAN TRUCK SIMULATOR,,8110,Indie,SCS Software,"Feb 2, 2016",4.99
81cc6402,2026-06-02,02:34:43,2605790,DEEP ROCK GALACTIC: ROGUE CORE,,4628,Action,Ghost Ship Games,"20 May, 2026",29.99
0ccb14af,2026-06-02,02:34:43,227300,EURO TRUCK SIMULATOR 2,,10523,Indie,SCS Software,"Oct 12, 2012",19.99
3fe8b407,2026-06-02,02:34:43,3224770,UMAMUSUME: PRETTY DERBY,,6419,Simulation,"Cygames, Inc.","24 Jun, 2025",0.0
4e36103e,2026-06-02,02:34:43,1874880,ARMA REFORGER,,9494,Action,Bohemia Interactive,"Nov 16, 2023",39.99
e5fe5ea0,2026-06-03,02:41:43,730,COUNTER-STRIKE 2,1,603354,Action,Valve,"21 Aug, 2012",0.0
223aaef2,2026-06-03,02:41:43,570,DOTA 2,2,288503,Action,Valve,"Jul 9, 2013",0.0
685b2cd3,2026-06-03,02:41:43,2694490,PATH OF EXILE 2,3,197743,Action,Grinding Gear Games,"Dec 6, 2024",29.99
8aea0512,2026-06-03,02:41:43,3678970,TBH: TASK BAR HERO,4,182574,Casual,Nugem Studio,"27 May, 2026",0.0
e3a6393c,2026-06-03,02:41:43,578080,PUBG: BATTLEGROUNDS,5,138867,Action,PUBG Corporation,"21 Dec, 2017",0.0
b573be82,2026-06-03,02:41:43,3419430,BONGO CAT,6,125005,Casual,Marcel Zurawka,"Mar 5, 2025",0.0
6c3f1acd,2026-06-03,02:41:43,2676230,FIVEM,7,119697,Other,,,0.0
8455011c,2026-06-03,02:41:43,2483190,FORZA HORIZON 6,8,113602,Racing,Playground Games,"18 May, 2026",69.99
7552181e,2026-06-03,02:41:43,359550,TOM CLANCY'S RAINBOW SIX SIEGE,9,110007,Action,Ubisoft Montreal,"Dec 1, 2015",0.0
d50067f3,2026-06-03,02:41:43,1172470,APEX LEGENDS™,10,85891,Action,Respawn,"4 Nov, 2020",0.0
5de79fc9,2026-06-03,02:41:43,2767030,MARVEL RIVALS,11,86217,Action,NetEase Games,"5 Dec, 2024",0.0
1b1faaf5,2026-06-03,02:41:43,2868840,SLAY THE SPIRE 2,12,85863,Indie,Mega Crit,"Mar 5, 2026",24.99
988c14fb,2026-06-03,02:41:43,2357570,OVERWATCH®,13,66831,Action,"Blizzard Entertainment, Inc.","Aug 10, 2023",0.0
725a0bb0,2026-06-03,02:41:43,431960,WALLPAPER ENGINE,14,65957,Casual,Wallpaper Engine Team,"Nov 16, 2018",4.99
2b009b18,2026-06-03,02:41:43,1422450,DEADLOCK,15,0,Action,Valve,To be announced,0.0
3bbc224b,2026-06-03,02:41:43,252490,RUST,16,55039,Action,Facepunch Studios,"Feb 8, 2018",39.99
42cd23dd,2026-06-03,02:41:43,381210,DEAD BY DAYLIGHT,17,53252,Action,Behaviour Interactive Inc.,"Jun 14, 2016",7.99
19862597,2026-06-03,02:41:43,230410,WARFRAME,18,49456,Action,Digital Extremes,"25 Mar, 2013",0.0
3f49ca60,2026-06-03,02:41:43,413150,STARDEW VALLEY,19,49138,Indie,ConcernedApe,"Feb 26, 2016",14.99
3db541d9,2026-06-03,02:41:43,1808500,ARC RAIDERS,20,47745,Action,Embark Studios,"30 Oct, 2025",39.99
7da384ae,2026-06-03,02:41:43,2507950,DELTA FORCE,21,46338,Action,Team Jade,"4 Dec, 2024",0.0
d67f07a4,2026-06-03,02:41:43,440,TEAM FORTRESS 2,22,44313,Action,Valve,"Oct 10, 2007",0.0
f1ba2688,2026-06-03,02:41:43,322170,GEOMETRY DASH,23,44979,Action,RobTop Games,"Dec 22, 2014",4.99
52005f66,2026-06-03,02:41:43,438100,VRCHAT,24,43626,Adventure,VRChat Inc.,"1 Feb, 2017",0.0
79da2565,2026-06-03,02:41:43,1086940,BALDUR'S GATE 3,25,43377,Adventure,Larian Studios,"Aug 3, 2023",59.99
55faeedf,2026-06-03,02:41:43,271590,GRAND THEFT AUTO V LEGACY,26,41449,Action,Rockstar North,"Apr 13, 2015",0.0
038473cf,2026-06-03,02:41:43,3241660,R.E.P.O.,27,38646,Action,semiwork,"Feb 26, 2025",9.99
9fa7850f,2026-06-03,02:41:43,552990,WORLD OF WARSHIPS,28,36401,Action,Wargaming Group Limited,"Nov 15, 2017",0.0
cd82e343,2026-06-03,02:41:43,3405690,EA SPORTS FC™ 26,29,36034,Simulation,EA Canada,"25 Sep, 2025",20.99
90ad9f24,2026-06-03,02:41:43,2807960,BATTLEFIELD™ 6,30,33974,Action,Battlefield Studios,"10 Oct, 2025",41.99
66f4f295,2026-06-03,02:41:43,1938090,CALL OF DUTY®,31,32999,Action,Treyarch,"Oct 27, 2022",0.0
1a9a21f4,2026-06-03,02:41:43,3240220,GRAND THEFT AUTO V ENHANCED,32,33098,Action,Rockstar North,"Mar 4, 2025",19.79
938279df,2026-06-03,02:41:43,1366800,CROSSHAIR X,33,31449,Action,CenterPoint Gaming,"Aug 17, 2020",9.99
ab76279b,2026-06-03,02:41:43,39210,FINAL FANTASY XIV ONLINE,34,31150,Massively Multiplayer,Square Enix,"Feb 18, 2014",19.99
79d55335,2026-06-03,02:41:43,1973530,LIMBUS COMPANY,35,30099,Other,ProjectMoon,"26 Feb, 2023",0.0
aa02489e,2026-06-03,02:41:43,550,LEFT 4 DEAD 2,36,30108,Action,Valve,"Nov 16, 2009",9.99
f626c653,2026-06-03,02:41:43,236390,WAR THUNDER,37,30001,Action,Gaijin Entertainment,"Aug 15, 2013",0.0
31f141ad,2026-06-03,02:41:43,221100,DAYZ,38,28028,Action,Bohemia Interactive,"Dec 13, 2018",49.99
f2785a05,2026-06-03,02:41:43,1962700,SUBNAUTICA 2,39,27755,Action,Unknown Worlds Entertainment,"May 14, 2026",29.99
cae2c7e4,2026-06-03,02:41:43,1085660,DESTINY 2,40,27398,Action,Bungie,"Oct 1, 2019",0.0
c016040d,2026-06-03,02:41:43,1245620,ELDEN RING,41,27132,Action,"FromSoftware, Inc.","Feb 24, 2022",59.99
c36c27cc,2026-06-03,02:41:43,489830,THE ELDER SCROLLS V: SKYRIM SPECIAL EDITION,42,25826,RPG,Bethesda Game Studios,"Oct 27, 2016",39.99
6e24f01f,2026-06-03,02:41:43,553850,HELLDIVERS™ 2,43,25475,Action,Arrowhead Game Studios,"8 Feb, 2024",39.99
e2b61ec0,2026-06-03,02:41:43,2399830,ARK: SURVIVAL ASCENDED,44,25293,Action,Studio Wildcard,"Oct 25, 2023",44.99
00edc73b,2026-06-03,02:41:43,3768760,007 FIRST LIGHT,45,25064,Action,IO Interactive A/S,"May 26, 2026",69.99
1e8f5091,2026-06-03,02:41:43,218620,PAYDAY 2,46,23673,Action,OVERKILL - a Starbreeze Studio.,"Aug 13, 2013",9.99
6f3ab087,2026-06-03,02:41:43,3321460,CRIMSON DESERT,47,23589,Action,Pearl Abyss,"Mar 19, 2026",69.99
cab02fd0,2026-06-03,02:41:43,108600,PROJECT ZOMBOID,48,23616,Indie,The Indie Stone,"Nov 8, 2013",19.99
bb63ded5,2026-06-03,02:41:43,294100,RIMWORLD,49,23575,Indie,Ludeon Studios,"Oct 17, 2018",34.99
99b43f3a,2026-06-03,02:41:43,3472040,NBA 2K26,50,22932,Sports,Visual Concepts,"Sep 4, 2025",19.99
73b441cb,2026-06-03,02:41:43,289070,SID MEIER’S CIVILIZATION® VI,51,22514,Strategy,Firaxis Games,"Oct 21, 2016",59.99
62591740,2026-06-03,02:41:43,105600,TERRARIA,52,22223,Action,Re-Logic,"May 16, 2011",9.99
616bed49,2026-06-03,02:41:43,1222670,THE SIMS™ 4,53,21669,Adventure,Maxis,"Jun 18, 2020",0.0
5d2f46e2,2026-06-03,02:41:43,394360,HEARTS OF IRON IV,54,21611,Simulation,Paradox Development Studio,"Jun 6, 2016",49.99
f6dbb9f9,2026-06-03,02:41:43,1174180,RED DEAD REDEMPTION 2,55,20225,Action,Rockstar Games,"Dec 5, 2019",59.99
9931bbde,2026-06-03,02:41:43,252950,ROCKET LEAGUE®,56,19745,Action,Psyonix LLC,"Jul 7, 2015",0.0
10cb224f,2026-06-03,02:41:43,1118520,PARALIVES,57,19219,Simulation,Alex Massé and team,"25 May, 2026",44.99
b8a24e55,2026-06-03,02:41:43,1091500,CYBERPUNK 2077,58,19033,RPG,CD PROJEKT RED,"Dec 9, 2020",20.99
c06e2b48,2026-06-03,02:41:43,1142710,TOTAL WAR: WARHAMMER III,59,18726,Action,CREATIVE ASSEMBLY,"Feb 17, 2022",59.99
6a79da85,2026-06-03,02:41:43,1281930,TMODLOADER,60,18382,Action,TML Team,"May 16, 2020",0.0
59f626a7,2026-06-03,02:41:43,2183900,"WARHAMMER 40,000: SPACE MARINE 2",61,17424,Action,Saber Interactive,"9 Sep, 2024",17.99
a755af7b,2026-06-03,02:41:43,3551340,FOOTBALL MANAGER 26,62,17066,Simulation,Sports Interactive,"Nov 4, 2025",59.99
11c88c98,2026-06-03,02:41:43,251570,7 DAYS TO DIE,63,17016,Action,The Fun Pimps,"Jul 25, 2024",44.99
5e255669,2026-06-03,02:41:43,275850,NO MAN'S SKY,64,16406,Action,Hello Games,"Aug 12, 2016",59.99
76260ff0,2026-06-03,02:41:43,526870,SATISFACTORY,65,16218,Adventure,Coffee Stain Studios,"Sep 10, 2024",27.99
2f934282,2026-06-03,02:41:43,4000,GARRY'S MOD,66,16331,Casual,Facepunch Studios,"Nov 29, 2006",4.99
7df0dbf3,2026-06-03,02:41:43,1364780,STREET FIGHTER™ 6,67,16341,Action,"CAPCOM Co., Ltd.","Jun 1, 2023",19.99
8aba1681,2026-06-03,02:41:43,582660,BLACK DESERT,68,16112,Action,Pearl Abyss,"May 24, 2017",0.99
5f92a2f3,2026-06-03,02:41:43,250900,THE BINDING OF ISAAC: REBIRTH,69,15855,Action,"Nicalis, Inc.","Nov 4, 2014",14.99
101fb7db,2026-06-03,02:41:43,2344520,DIABLO® IV,70,15533,Action,"Blizzard Entertainment, Inc.","Oct 17, 2023",49.99
07f2c2fd,2026-06-03,02:41:43,1623730,PALWORLD,71,15265,Action,Pocketpair,"Jan 19, 2024",29.99
b1657d4d,2026-06-03,02:41:43,813780,AGE OF EMPIRES II: DEFINITIVE EDITION,72,15281,Strategy,World's Edge,"Nov 14, 2019",12.24
521b8864,2026-06-03,02:41:43,3041230,WINDROSE,73,14929,Action,Kraken Express,"Apr 14, 2026",29.99
e2dc0d4b,2026-06-03,02:41:43,284160,BEAMNG.DRIVE,74,14884,Racing,BeamNG,"May 29, 2015",24.99
60c58272,2026-06-03,02:41:43,2622380,ELDEN RING NIGHTREIGN,75,14415,Action,"FromSoftware, Inc.","29 May, 2025",39.99
a3ed084f,2026-06-03,02:41:43,346110,ARK: SURVIVAL EVOLVED,76,14455,Action,Studio Wildcard,"Aug 27, 2017",14.99
82230cbd,2026-06-03,02:41:43,440900,CONAN EXILES ENHANCED,77,14393,Action,Funcom,"May 8, 2018",29.99
85dd3c6f,2026-06-03,02:41:43,1665460,EFOOTBALL™,78,14358,Simulation,KONAMI,"Sep 29, 2021",0.0
d0603447,2026-06-03,02:41:43,3527290,PEAK,79,14233,Action,Team PEAK,"16 Jun, 2025",7.49
09eb149e,2026-06-03,02:41:43,240,COUNTER-STRIKE: SOURCE,80,13862,Action,Valve,"1 Nov, 2004",5.79
67eabcb1,2026-06-03,02:41:43,4128580,BIDKING,81,13312,Casual,MindSurge Network & Games,"Apr 15, 2026",2.99
034ce77a,2026-06-03,02:41:43,261550,MOUNT & BLADE II: BANNERLORD,82,13459,Action,TaleWorlds Entertainment,"Oct 25, 2022",24.99
6697af33,2026-06-03,02:41:43,322330,DON'T STARVE TOGETHER,83,13110,Action,Klei Entertainment,"Apr 21, 2016",14.99
5aadeb84,2026-06-03,02:41:43,892970,VALHEIM,84,13165,Action,Iron Gate AB,"Feb 2, 2021",9.99
527eeddf,2026-06-03,02:41:43,4197610,LIBRARIAN: TIDY UP THE ARCANE LIBRARY!,85,13021,Casual,ArtRising,"Apr 30, 2026",5.99
b1364081,2026-06-03,02:41:43,1158310,CRUSADER KINGS III,86,13083,RPG,Paradox Development Studio,"Sep 1, 2020",14.99
c0e5ae43,2026-06-03,02:41:43,427520,FACTORIO,87,12911,Casual,Wube Software LTD.,"Aug 14, 2020",35.0
fbe9aa1a,2026-06-03,02:41:43,2073850,THE FINALS,88,12860,Action,Embark Studios,"Dec 7, 2023",0.0
1811fcbe,2026-06-03,02:41:43,2300320,FARMING SIMULATOR 25,89,12553,Simulation,GIANTS Software,"Nov 12, 2024",29.99
6201c36c,2026-06-03,02:41:43,1905180,OBS STUDIO,90,12644,Utilities,OBS Project,"Mar 21, 2022",0.0
00bab084,2026-06-03,02:41:43,2073620,ARENA BREAKOUT: INFINITE,91,12551,Action,Morefun Studios,"Sep 15, 2025",0.0
f01a5154,2026-06-03,02:41:43,264710,SUBNAUTICA,92,12091,Adventure,Unknown Worlds Entertainment,"Jan 23, 2018",7.49
f50e7c78,2026-06-03,02:41:43,3564740,WHERE WINDS MEET,93,11999,Action,Everstone Studio,"14 Nov, 2025",0.0
9637938d,2026-06-03,02:41:43,3892270,GAMBLE WITH YOUR FRIENDS,94,11683,Adventure,SkyBrave,"1 May, 2026",4.95
d94b56ac,2026-06-03,02:41:43,1623660,MIR4,95,11586,Action,Wemade Next,"Aug 25, 2021",0.0
912dc83b,2026-06-03,02:41:43,4465480,COUNTER-STRIKE:GLOBAL OFFENSIVE,96,11474,Action,Valve,"Aug 21, 2012",0.0
c151aedf,2026-06-03,02:41:43,3932890,ESCAPE FROM TARKOV,97,11384,Action,Battlestate Games,"Nov 15, 2025",49.99
19015470,2026-06-03,02:41:43,2707930,PALIA,98,11351,Adventure,Singularity 6 Corporation,"Mar 25, 2024",0.0
84911a0d,2026-06-03,02:41:43,8930,SID MEIER'S CIVILIZATION® V,99,11370,Strategy,Firaxis Games,"Sep 21, 2010",29.99
a0a404ec,2026-06-03,02:41:43,291550,BRAWLHALLA,100,11311,Action,Blue Mammoth Games,"Oct 17, 2017",0.0
c2e84a39,2026-06-03,02:41:43,1144200,READY OR NOT,,9897,Action,VOID Interactive,"Dec 13, 2023",24.99
be4843be,2026-06-03,02:41:43,1203620,ENSHROUDED,,7436,Action,Keen Games GmbH,"Jan 24, 2024",23.99
9fe04a1a,2026-06-03,02:41:43,960090,BLOONS TD 6,,7889,Strategy,Ninja Kiwi,"Dec 17, 2018",13.99
49df1e04,2026-06-03,02:41:43,2605790,DEEP ROCK GALACTIC: ROGUE CORE,,4145,Action,Ghost Ship Games,"20 May, 2026",29.99
d9fef0df,2026-06-03,02:41:43,216150,MAPLESTORY,,10216,Action,NEXON Korea Corporation,"Aug 9, 2012",0.0
ef225f38,2026-06-03,02:41:43,1449850,YU-GI-OH! MASTER DUEL,,10831,Simulation,KONAMI,"18 Jan, 2022",0.0
d8ac8c9f,2026-06-03,02:41:43,1203220,NARAKA: BLADEPOINT,,10717,Action,24 Entertainment,"11 Aug, 2021",0.0
4be3dc9a,2026-06-03,02:41:43,2923300,BANANA,,11119,Adventure,Sky,"Apr 23, 2024",0.0
643aba59,2026-06-03,02:41:43,1974050,TORCHLIGHT: INFINITE,,692,Action,XD,"May 9, 2023",0.0
500e10fa,2026-06-03,02:41:43,2584990,SHADOWVERSE: WORLDS BEYOND,,4662,Casual,"Cygames, Inc.","Jun 14, 2025",0.0
b36e5c23,2026-06-03,02:41:43,270880,AMERICAN TRUCK SIMULATOR,,8286,Indie,SCS Software,"Feb 2, 2016",4.99
089a60e2,2026-06-03,02:41:43,1476970,IDLEON,,7667,Casual,Lavaflame2,"Nov 6, 2025",0.0
6ff2825f,2026-06-03,02:41:43,594650,HUNT: SHOWDOWN 1896,,8766,Action,Crytek,"Aug 27, 2019",13.49
6f30836a,2026-06-03,02:41:43,3780860,HELL LET LOOSE VIETNAM: PLAYTEST,,0,Other,,"Apr 20, 2026",0.0
4be3444b,2026-06-03,02:41:43,2215200,LEGO® BATMAN™: LEGACY OF THE DARK KNIGHT,,9026,Action,TT Games,"22 May, 2026",28999.0
393811a1,2026-06-03,02:41:43,3224770,UMAMUSUME: PRETTY DERBY,,6229,Simulation,"Cygames, Inc.","24 Jun, 2025",0.0
a4e1031f,2026-06-03,02:41:43,2119830,MISERY,,1118,Action,Platypus Entertainment,"23 Oct, 2025",8.41
fb766a3e,2026-06-03,02:41:43,3357650,PRAGMATA,,2142,Action,"CAPCOM Co., Ltd.","Apr 17, 2026",59.99
aa39dfeb,2026-06-03,02:41:43,3065800,MARATHON,,4720,Action,Bungie,"Mar 5, 2026",31.99
1111494d,2026-06-03,02:41:43,227300,EURO TRUCK SIMULATOR 2,,10608,Indie,SCS Software,"Oct 12, 2012",19.99
8fd54e4e,2026-06-03,02:41:43,2252570,FOOTBALL MANAGER 2024,,10766,Simulation,Sports Interactive,"Nov 6, 2023",0.0
9277c182,2026-06-03,02:41:43,3513350,WUTHERING WAVES,,10887,Action,KURO GAMES,"Apr 28, 2025",0.0
99d5f0e8,2026-06-03,02:41:43,3124540,FAR FAR WEST,,5154,Action,Evil Raptor,"Apr 28, 2026",17.99
82c1f2ce,2026-06-03,02:41:43,1604030,V RISING,,5337,Action,Stunlock Studios,"May 8, 2024",15.74
b7dd1adc,2026-06-03,02:41:43,281990,STELLARIS,,11014,Simulation,Paradox Development Studio,"May 9, 2016",39.99
5201e1fc,2026-06-03,02:41:43,4025700,HEARTOPIA,,9525,Casual,XD,"16 Jan, 2026",0.0
c3be23bd,2026-06-03,02:41:43,739630,PHASMOPHOBIA,,9644,Action,Kinetic Games,"Sep 18, 2020",19.99
1245d3e4,2026-06-03,02:41:43,1295660,SID MEIER'S CIVILIZATION VII,,9686,Simulation,Firaxis Games,"Feb 10, 2025",41.99
31d4383d,2026-06-03,02:41:43,1716740,STARFIELD,,4806,RPG,Bethesda Game Studios,"Sep 5, 2023",49.99
13d1011c,2026-06-03,02:41:43,377160,FALLOUT 4,,9578,RPG,Bethesda Game Studios,"Nov 9, 2015",19.99
7c7204ec,2026-06-03,02:41:43,220200,KERBAL SPACE PROGRAM,,6332,Indie,Squad,"Apr 27, 2015",39.99
7eb73c52,2026-06-03,02:41:43,2646460,SOULMASK,,2802,Adventure,CampFire Studio,"Apr 9, 2026",29.99
604cd46a,2026-06-03,02:41:43,3265700,VAMPIRE CRAWLERS: THE TURBO WILDCARD FROM VAMPIRE SURVIVORS,,1912,Action,poncle,"Apr 21, 2026",9.99
b9868802,2026-06-03,02:41:43,306130,THE ELDER SCROLLS® ONLINE,,9151,Action,ZeniMax Online Studios,"May 22, 2017",19.99
1c46783d,2026-06-03,02:41:43,1874880,ARMA REFORGER,,9178,Action,Bohemia Interactive,"Nov 16, 2023",39.99
c5e7ec31,2026-06-03,02:41:43,3679080,THE SEVEN DEADLY SINS: ORIGIN,,2826,Action,Netmarble F&C,"Mar 16, 2026",0.0
161e14ec,2026-06-03,02:41:43,376210,THE ISLE,,11240,Action,Afterthought LLC,"Dec 1, 2015",19.99
9f99171f,2026-06-03,02:41:43,238960,PATH OF EXILE,,3895,Action,Grinding Gear Games,"23 Oct, 2013",0.0
92c8bffa,2026-06-03,02:41:43,2479810,GRAY ZONE WARFARE,,4166,Action,"MADFINGER Games, a.s.","Apr 30, 2024",39.99
6fa48736,2026-06-03,02:41:43,3105440,HEROES OF MIGHT AND MAGIC: OLDEN ERA,,5266,RPG,Unfrozen,"Apr 30, 2026",29.99
c6eeb2cb,2026-06-03,02:41:43,629520,SOUNDPAD,,9520,Audio Production,Leppsoft,"Sep 30, 2017",4.99
cb2e0be7,2026-06-03,02:41:43,3764200,RESIDENT EVIL REQUIEM,,4295,Action,"CAPCOM Co., Ltd.","Feb 26, 2026",69.99
f1b4030d,2026-06-03,02:41:43,3164500,SCHEDULE I,,11089,Action,TVGS,"Mar 24, 2025",19.99
43d540e8,2026-06-03,02:41:43,304930,UNTURNED,,10592,Action,Smartly Dressed Games,"Jul 7, 2017",0.0
a27deab7,2026-06-04,02:36:46,730,COUNTER-STRIKE 2,1,631931,Action,Valve,"21 Aug, 2012",0.0
41b130e7,2026-06-04,02:36:46,570,DOTA 2,2,286346,Action,Valve,"Jul 9, 2013",0.0
04eacc90,2026-06-04,02:36:46,3678970,TBH: TASK BAR HERO,3,204434,Casual,Nugem Studio,"27 May, 2026",0.0
4cd0c09d,2026-06-04,02:36:46,2694490,PATH OF EXILE 2,4,190119,Action,Grinding Gear Games,"Dec 6, 2024",29.99
e5f51c72,2026-06-04,02:36:46,578080,PUBG: BATTLEGROUNDS,5,142802,Action,PUBG Corporation,"21 Dec, 2017",0.0
a024491c,2026-06-04,02:36:46,3419430,BONGO CAT,6,141662,Casual,Marcel Zurawka,"Mar 5, 2025",0.0
1e8ba37d,2026-06-04,02:36:46,2676230,FIVEM,7,126757,Other,,,0.0
a30178bc,2026-06-04,02:36:46,2483190,FORZA HORIZON 6,8,107780,Racing,Playground Games,"18 May, 2026",69.99
499ea4e4,2026-06-04,02:36:46,359550,TOM CLANCY'S RAINBOW SIX SIEGE,9,99780,Action,Ubisoft Montreal,"Dec 1, 2015",0.0
0ff804a9,2026-06-04,02:36:46,2767030,MARVEL RIVALS,10,84638,Action,NetEase Games,"5 Dec, 2024",0.0
71a5625f,2026-06-04,02:36:46,2868840,SLAY THE SPIRE 2,11,81222,Indie,Mega Crit,"Mar 5, 2026",24.99
2b4d5b76,2026-06-04,02:36:46,1172470,APEX LEGENDS™,12,76813,Action,Respawn,"4 Nov, 2020",0.0
79f20f61,2026-06-04,02:36:46,431960,WALLPAPER ENGINE,13,64478,Casual,Wallpaper Engine Team,"Nov 16, 2018",4.99
ba685f9e,2026-06-04,02:36:46,2357570,OVERWATCH®,14,62555,Action,"Blizzard Entertainment, Inc.","Aug 10, 2023",0.0
02bb4377,2026-06-04,02:36:46,1422450,DEADLOCK,15,0,Action,Valve,To be announced,0.0
509f2834,2026-06-04,02:36:46,381210,DEAD BY DAYLIGHT,16,53730,Action,Behaviour Interactive Inc.,"Jun 14, 2016",7.99
bca62d9b,2026-06-04,02:36:46,252490,RUST,17,49624,Action,Facepunch Studios,"Feb 8, 2018",39.99
524c62b5,2026-06-04,02:36:46,413150,STARDEW VALLEY,18,49334,Indie,ConcernedApe,"Feb 26, 2016",14.99
966fab24,2026-06-04,02:36:46,230410,WARFRAME,19,49266,Action,Digital Extremes,"25 Mar, 2013",0.0
3c9c3c97,2026-06-04,02:36:46,1808500,ARC RAIDERS,20,45935,Action,Embark Studios,"30 Oct, 2025",39.99
97c2ec74,2026-06-04,02:36:46,322170,GEOMETRY DASH,21,44864,Action,RobTop Games,"Dec 22, 2014",4.99
5826c710,2026-06-04,02:36:46,2507950,DELTA FORCE,22,44843,Action,Team Jade,"4 Dec, 2024",0.0
048164b0,2026-06-04,02:36:46,438100,VRCHAT,23,44469,Adventure,VRChat Inc.,"1 Feb, 2017",0.0
90b5f51f,2026-06-04,02:36:46,1086940,BALDUR'S GATE 3,24,42533,Adventure,Larian Studios,"Aug 3, 2023",59.99
6dc61b1f,2026-06-04,02:36:46,271590,GRAND THEFT AUTO V LEGACY,25,41979,Action,Rockstar North,"Apr 13, 2015",0.0
e16cf6db,2026-06-04,02:36:46,552990,WORLD OF WARSHIPS,26,40498,Action,Wargaming Group Limited,"Nov 15, 2017",0.0
09a44afb,2026-06-04,02:36:46,3241660,R.E.P.O.,27,40103,Action,semiwork,"Feb 26, 2025",9.99
f32f0632,2026-06-04,02:36:46,440,TEAM FORTRESS 2,28,36948,Action,Valve,"Oct 10, 2007",0.0
46432119,2026-06-04,02:36:46,3065800,MARATHON,29,37150,Action,Bungie,"Mar 5, 2026",31.99
99afa8c4,2026-06-04,02:36:46,3405690,EA SPORTS FC™ 26,30,36762,Simulation,EA Canada,"25 Sep, 2025",20.99
d0c310c9,2026-06-04,02:36:46,1938090,CALL OF DUTY®,31,34262,Action,Treyarch,"Oct 27, 2022",0.0
8486673a,2026-06-04,02:36:46,3240220,GRAND THEFT AUTO V ENHANCED,32,33682,Action,Rockstar North,"Mar 4, 2025",19.79
69279b8c,2026-06-04,02:36:46,2807960,BATTLEFIELD™ 6,33,32843,Action,Battlefield Studios,"10 Oct, 2025",41.99
b742e662,2026-06-04,02:36:46,550,LEFT 4 DEAD 2,34,31354,Action,Valve,"Nov 16, 2009",9.99
a41cf501,2026-06-04,02:36:46,1366800,CROSSHAIR X,35,31487,Action,CenterPoint Gaming,"Aug 17, 2020",9.99
21576c7f,2026-06-04,02:36:46,236390,WAR THUNDER,36,31506,Action,Gaijin Entertainment,"Aug 15, 2013",0.0
1a42efd1,2026-06-04,02:36:46,39210,FINAL FANTASY XIV ONLINE,37,30326,Massively Multiplayer,Square Enix,"Feb 18, 2014",19.99
60005f7e,2026-06-04,02:36:46,221100,DAYZ,38,28795,Action,Bohemia Interactive,"Dec 13, 2018",49.99
4e4d6ba1,2026-06-04,02:36:46,1245620,ELDEN RING,39,26772,Action,"FromSoftware, Inc.","Feb 24, 2022",59.99
650493a9,2026-06-04,02:36:46,489830,THE ELDER SCROLLS V: SKYRIM SPECIAL EDITION,40,26124,RPG,Bethesda Game Studios,"Oct 27, 2016",39.99
999fb69b,2026-06-04,02:36:46,218620,PAYDAY 2,41,26237,Action,OVERKILL - a Starbreeze Studio.,"Aug 13, 2013",9.99
c4cc14f3,2026-06-04,02:36:46,1085660,DESTINY 2,42,26146,Action,Bungie,"Oct 1, 2019",0.0
626dc2dd,2026-06-04,02:36:46,1962700,SUBNAUTICA 2,43,25140,Action,Unknown Worlds Entertainment,"May 14, 2026",29.99
2950b7c4,2026-06-04,02:36:46,553850,HELLDIVERS™ 2,44,24499,Action,Arrowhead Game Studios,"8 Feb, 2024",39.99
d12ac576,2026-06-04,02:36:46,108600,PROJECT ZOMBOID,45,23920,Indie,The Indie Stone,"Nov 8, 2013",19.99
41e8d273,2026-06-04,02:36:46,294100,RIMWORLD,46,23037,Indie,Ludeon Studios,"Oct 17, 2018",34.99
e0257acc,2026-06-04,02:36:46,3768760,007 FIRST LIGHT,47,22134,Action,IO Interactive A/S,"May 26, 2026",69.99
109a2c94,2026-06-04,02:36:46,105600,TERRARIA,48,21810,Action,Re-Logic,"May 16, 2011",9.99
5bf04af7,2026-06-04,02:36:46,1222670,THE SIMS™ 4,49,21709,Adventure,Maxis,"Jun 18, 2020",0.0
8241194b,2026-06-04,02:36:46,289070,SID MEIER’S CIVILIZATION® VI,50,21683,Strategy,Firaxis Games,"Oct 21, 2016",59.99
8bdc7379,2026-06-04,02:36:46,3321460,CRIMSON DESERT,51,20979,Action,Pearl Abyss,"Mar 19, 2026",69.99
680725e0,2026-06-04,02:36:46,394360,HEARTS OF IRON IV,52,20743,Simulation,Paradox Development Studio,"Jun 6, 2016",49.99
c8cf4362,2026-06-04,02:36:46,3472040,NBA 2K26,53,20379,Sports,Visual Concepts,"Sep 4, 2025",19.99
3f400d45,2026-06-04,02:36:46,4465480,COUNTER-STRIKE:GLOBAL OFFENSIVE,54,19984,Action,Valve,"Aug 21, 2012",0.0
cbdd7508,2026-06-04,02:36:46,252950,ROCKET LEAGUE®,55,19848,Action,Psyonix LLC,"Jul 7, 2015",0.0
63fc3ade,2026-06-04,02:36:46,1174180,RED DEAD REDEMPTION 2,56,19994,Action,Rockstar Games,"Dec 5, 2019",59.99
514948d5,2026-06-04,02:36:46,1281930,TMODLOADER,57,19247,Action,TML Team,"May 16, 2020",0.0
136fbb39,2026-06-04,02:36:46,1091500,CYBERPUNK 2077,58,18916,RPG,CD PROJEKT RED,"Dec 9, 2020",20.99
ff81c299,2026-06-04,02:36:46,1142710,TOTAL WAR: WARHAMMER III,59,18413,Action,CREATIVE ASSEMBLY,"Feb 17, 2022",59.99
8a8752bb,2026-06-04,02:36:46,1118520,PARALIVES,60,17779,Simulation,Alex Massé and team,"25 May, 2026",44.99
4511d2be,2026-06-04,02:36:46,526870,SATISFACTORY,61,17675,Adventure,Coffee Stain Studios,"Sep 10, 2024",27.99
d2c36004,2026-06-04,02:36:46,240,COUNTER-STRIKE: SOURCE,62,17360,Action,Valve,"1 Nov, 2004",5.79
45c951fc,2026-06-04,02:36:46,4000,GARRY'S MOD,63,17099,Casual,Facepunch Studios,"Nov 29, 2006",4.99
7c3956c1,2026-06-04,02:36:46,2923300,BANANA,64,16860,Adventure,Sky,"Apr 23, 2024",0.0
88a66a13,2026-06-04,02:36:46,2183900,"WARHAMMER 40,000: SPACE MARINE 2",65,17075,Action,Saber Interactive,"9 Sep, 2024",17.99
6e637da7,2026-06-04,02:36:46,3551340,FOOTBALL MANAGER 26,66,16662,Simulation,Sports Interactive,"Nov 4, 2025",59.99
c79427d8,2026-06-04,02:36:46,251570,7 DAYS TO DIE,67,16554,Action,The Fun Pimps,"Jul 25, 2024",44.99
b33f4afb,2026-06-04,02:36:46,250900,THE BINDING OF ISAAC: REBIRTH,68,16555,Action,"Nicalis, Inc.","Nov 4, 2014",14.99
a2b5f2da,2026-06-04,02:36:46,275850,NO MAN'S SKY,69,16255,Action,Hello Games,"Aug 12, 2016",59.99
1fff15fc,2026-06-04,02:36:46,284160,BEAMNG.DRIVE,70,15298,Racing,BeamNG,"May 29, 2015",24.99
3752f863,2026-06-04,02:36:46,813780,AGE OF EMPIRES II: DEFINITIVE EDITION,71,15348,Strategy,World's Edge,"Nov 14, 2019",12.24
d4817391,2026-06-04,02:36:46,2399830,ARK: SURVIVAL ASCENDED,72,15155,Action,Studio Wildcard,"Oct 25, 2023",44.99
cf63453a,2026-06-04,02:36:46,3527290,PEAK,73,14883,Action,Team PEAK,"16 Jun, 2025",7.49
f9b60e57,2026-06-04,02:36:46,1623730,PALWORLD,74,14624,Action,Pocketpair,"Jan 19, 2024",29.99
7603d504,2026-06-04,02:36:46,2344520,DIABLO® IV,75,14612,Action,"Blizzard Entertainment, Inc.","Oct 17, 2023",49.99
51858239,2026-06-04,02:36:46,582660,BLACK DESERT,76,14500,Action,Pearl Abyss,"May 24, 2017",0.99
f72584d5,2026-06-04,02:36:46,3041230,WINDROSE,77,14263,Action,Kraken Express,"Apr 14, 2026",29.99
fd8e4116,2026-06-04,02:36:46,346110,ARK: SURVIVAL EVOLVED,78,14359,Action,Studio Wildcard,"Aug 27, 2017",14.99
2a219fc6,2026-06-04,02:36:46,440900,CONAN EXILES ENHANCED,79,14158,Action,Funcom,"May 8, 2018",29.99
7c530c81,2026-06-04,02:36:46,2622380,ELDEN RING NIGHTREIGN,80,13932,Action,"FromSoftware, Inc.","29 May, 2025",39.99
0ba53da2,2026-06-04,02:36:46,1364780,STREET FIGHTER™ 6,81,13623,Action,"CAPCOM Co., Ltd.","Jun 1, 2023",19.99
72b3655e,2026-06-04,02:36:46,261550,MOUNT & BLADE II: BANNERLORD,82,13267,Action,TaleWorlds Entertainment,"Oct 25, 2022",24.99
dadc4928,2026-06-04,02:36:46,322330,DON'T STARVE TOGETHER,83,13271,Action,Klei Entertainment,"Apr 21, 2016",14.99
393f6ebe,2026-06-04,02:36:46,2300320,FARMING SIMULATOR 25,84,13109,Simulation,GIANTS Software,"Nov 12, 2024",29.99
dcb3e554,2026-06-04,02:36:46,4128580,BIDKING,85,12935,Casual,MindSurge Network & Games,"Apr 15, 2026",2.99
18e811f0,2026-06-04,02:36:46,2073620,ARENA BREAKOUT: INFINITE,86,12930,Action,Morefun Studios,"Sep 15, 2025",0.0
e13156b5,2026-06-04,02:36:46,1158310,CRUSADER KINGS III,87,12813,RPG,Paradox Development Studio,"Sep 1, 2020",14.99
ce6a4170,2026-06-04,02:36:46,892970,VALHEIM,88,12853,Action,Iron Gate AB,"Feb 2, 2021",9.99
5364a105,2026-06-04,02:36:46,427520,FACTORIO,89,12797,Casual,Wube Software LTD.,"Aug 14, 2020",35.0
d630c845,2026-06-04,02:36:46,2073850,THE FINALS,90,12663,Action,Embark Studios,"Dec 7, 2023",0.0
a528f33f,2026-06-04,02:36:46,1905180,OBS STUDIO,91,12524,Utilities,OBS Project,"Mar 21, 2022",0.0
9b4de517,2026-06-04,02:36:46,291550,BRAWLHALLA,92,12395,Action,Blue Mammoth Games,"Oct 17, 2017",0.0
745026e7,2026-06-04,02:36:46,1203220,NARAKA: BLADEPOINT,93,12009,Action,24 Entertainment,"11 Aug, 2021",0.0
568d0668,2026-06-04,02:36:46,4197610,LIBRARIAN: TIDY UP THE ARCANE LIBRARY!,94,12013,Casual,ArtRising,"Apr 30, 2026",5.99
70ca6a1d,2026-06-04,02:36:46,227300,EURO TRUCK SIMULATOR 2,95,11907,Indie,SCS Software,"Oct 12, 2012",19.99
6da3c990,2026-06-04,02:36:46,1623660,MIR4,96,11536,Action,Wemade Next,"Aug 25, 2021",0.0
56fbadf0,2026-06-04,02:36:46,3932890,ESCAPE FROM TARKOV,97,11379,Action,Battlestate Games,"Nov 15, 2025",49.99
8ec33c51,2026-06-04,02:36:46,264710,SUBNAUTICA,98,11339,Adventure,Unknown Worlds Entertainment,"Jan 23, 2018",7.49
76a79681,2026-06-04,02:36:46,376210,THE ISLE,99,11246,Action,Afterthought LLC,"Dec 1, 2015",19.99
2102b558,2026-06-04,02:36:46,3564740,WHERE WINDS MEET,100,11175,Action,Everstone Studio,"14 Nov, 2025",0.0
a8f0792e,2026-06-04,02:36:46,1144200,READY OR NOT,,9730,Action,VOID Interactive,"Dec 13, 2023",24.99
659f140c,2026-06-04,02:36:46,216150,MAPLESTORY,,11062,Action,NEXON Korea Corporation,"Aug 9, 2012",0.0
ab3cd73e,2026-06-04,02:36:46,238960,PATH OF EXILE,,3208,Action,Grinding Gear Games,"23 Oct, 2013",0.0
85b9d94b,2026-06-04,02:36:46,8930,SID MEIER'S CIVILIZATION® V,,11080,Strategy,Firaxis Games,"Sep 21, 2010",29.99
40037b9e,2026-06-04,02:36:46,281990,STELLARIS,,10856,Simulation,Paradox Development Studio,"May 9, 2016",39.99
af4e2aad,2026-06-04,02:36:46,1203620,ENSHROUDED,,7199,Action,Keen Games GmbH,"Jan 24, 2024",23.99
b44c894c,2026-06-04,02:36:46,2707930,PALIA,,10696,Adventure,Singularity 6 Corporation,"Mar 25, 2024",0.0
210f859e,2026-06-04,02:36:46,2479810,GRAY ZONE WARFARE,,3899,Action,"MADFINGER Games, a.s.","Apr 30, 2024",39.99
eb2a6643,2026-06-04,02:36:46,3124540,FAR FAR WEST,,4621,Action,Evil Raptor,"Apr 28, 2026",17.99
e1f2dcb7,2026-06-04,02:36:46,2605790,DEEP ROCK GALACTIC: ROGUE CORE,,4176,Action,Ghost Ship Games,"20 May, 2026",29.99
5286d015,2026-06-04,02:36:46,3513350,WUTHERING WAVES,,10343,Action,KURO GAMES,"Apr 28, 2025",0.0
4d77ab6a,2026-06-04,02:36:46,1295660,SID MEIER'S CIVILIZATION VII,,9267,Simulation,Firaxis Games,"Feb 10, 2025",41.99
222e6f00,2026-06-04,02:36:46,2646460,SOULMASK,,2766,Adventure,CampFire Studio,"Apr 9, 2026",29.99
f2e4f930,2026-06-04,02:36:46,1874880,ARMA REFORGER,,9916,Action,Bohemia Interactive,"Nov 16, 2023",39.99
3cb0170f,2026-06-04,02:36:46,304930,UNTURNED,,10229,Action,Smartly Dressed Games,"Jul 7, 2017",0.0
96a093bb,2026-06-04,02:36:46,4025700,HEARTOPIA,,8984,Casual,XD,"16 Jan, 2026",0.0
772bb39a,2026-06-04,02:36:46,1449850,YU-GI-OH! MASTER DUEL,,9566,Simulation,KONAMI,"18 Jan, 2022",0.0
ef02f4c8,2026-06-04,02:36:46,1476970,IDLEON,,7863,Casual,Lavaflame2,"Nov 6, 2025",0.0
530f5076,2026-06-04,02:36:46,306130,THE ELDER SCROLLS® ONLINE,,9357,Action,ZeniMax Online Studios,"May 22, 2017",19.99
218319ea,2026-06-04,02:36:46,3780860,HELL LET LOOSE VIETNAM: PLAYTEST,,0,Other,,"Apr 20, 2026",0.0
3aa8b2d4,2026-06-04,02:36:46,3764200,RESIDENT EVIL REQUIEM,,4336,Action,"CAPCOM Co., Ltd.","Feb 26, 2026",69.99
346d8395,2026-06-04,02:36:46,3679080,THE SEVEN DEADLY SINS: ORIGIN,,571,Action,Netmarble F&C,"Mar 16, 2026",0.0
b91defaa,2026-06-04,02:36:46,594650,HUNT: SHOWDOWN 1896,,9386,Action,Crytek,"Aug 27, 2019",13.49
0588001e,2026-06-04,02:36:46,3105440,HEROES OF MIGHT AND MAGIC: OLDEN ERA,,4944,RPG,Unfrozen,"Apr 30, 2026",29.99
2051fee3,2026-06-04,02:36:46,739630,PHASMOPHOBIA,,9888,Action,Kinetic Games,"Sep 18, 2020",19.99
0a8c497c,2026-06-04,02:36:46,629520,SOUNDPAD,,10208,Audio Production,Leppsoft,"Sep 30, 2017",4.99
b407089b,2026-06-04,02:36:46,270880,AMERICAN TRUCK SIMULATOR,,8136,Indie,SCS Software,"Feb 2, 2016",4.99
0bd11a98,2026-06-04,02:36:46,2119830,MISERY,,1075,Action,Platypus Entertainment,"23 Oct, 2025",8.41
7d2dd3f5,2026-06-04,02:36:46,2215200,LEGO® BATMAN™: LEGACY OF THE DARK KNIGHT,,8381,Action,TT Games,"22 May, 2026",28999.0
f0c127c9,2026-06-04,02:36:46,3357650,PRAGMATA,,2083,Action,"CAPCOM Co., Ltd.","Apr 17, 2026",59.99
e8861c30,2026-06-04,02:36:46,1665460,EFOOTBALL™,,3975,Simulation,KONAMI,"Sep 29, 2021",0.0
fd6aacb5,2026-06-04,02:36:46,1604030,V RISING,,5308,Action,Stunlock Studios,"May 8, 2024",15.74
d248cf5b,2026-06-04,02:36:46,3224770,UMAMUSUME: PRETTY DERBY,,6187,Simulation,"Cygames, Inc.","24 Jun, 2025",0.0
e31296ad,2026-06-04,02:36:46,3892270,GAMBLE WITH YOUR FRIENDS,,10802,Adventure,SkyBrave,"1 May, 2026",4.95
6e3db70d,2026-06-04,02:36:46,2252570,FOOTBALL MANAGER 2024,,10061,Simulation,Sports Interactive,"Nov 6, 2023",0.0
3798f2a4,2026-06-04,02:36:46,3265700,VAMPIRE CRAWLERS: THE TURBO WILDCARD FROM VAMPIRE SURVIVORS,,1716,Action,poncle,"Apr 21, 2026",9.99
fac1695f,2026-06-04,02:36:46,1716740,STARFIELD,,4758,RPG,Bethesda Game Studios,"Sep 5, 2023",49.99
479abd31,2026-06-04,02:36:46,3164500,SCHEDULE I,,10712,Action,TVGS,"Mar 24, 2025",19.99
3c7647c2,2026-06-04,02:36:46,377160,FALLOUT 4,,9649,RPG,Bethesda Game Studios,"Nov 9, 2015",19.99
5589cca2,2026-06-04,02:36:46,1974050,TORCHLIGHT: INFINITE,,665,Action,XD,"May 9, 2023",0.0
10196123,2026-06-04,02:36:46,960090,BLOONS TD 6,,8942,Strategy,Ninja Kiwi,"Dec 17, 2018",13.99
0e8fcf0c,2026-06-04,02:36:46,220200,KERBAL SPACE PROGRAM,,6143,Indie,Squad,"Apr 27, 2015",39.99
f1483885,2026-06-04,02:36:46,2584990,SHADOWVERSE: WORLDS BEYOND,,3912,Casual,"Cygames, Inc.","Jun 14, 2025",0.0
50903118,2026-06-04,02:36:46,1973530,LIMBUS COMPANY,,3457,Other,ProjectMoon,"26 Feb, 2023",0.0
62bb1de9,2026-06-05,02:11:51,730,COUNTER-STRIKE 2,1,612638,Action,Valve,"21 Aug, 2012",0.0
b97890c0,2026-06-05,02:11:51,570,DOTA 2,2,294208,Action,Valve,"Jul 9, 2013",0.0
67f6f5e8,2026-06-05,02:11:51,3678970,TBH: TASK BAR HERO,3,243617,Casual,Nugem Studio,"27 May, 2026",0.0
b0a788f8,2026-06-05,02:11:51,2694490,PATH OF EXILE 2,4,195262,Action,Grinding Gear Games,"Dec 6, 2024",29.99
625637ec,2026-06-05,02:11:51,3419430,BONGO CAT,5,139209,Casual,Marcel Zurawka,"Mar 5, 2025",0.0
135de1b4,2026-06-05,02:11:51,2676230,FIVEM,6,127739,Other,,,0.0
e366a7bd,2026-06-05,02:11:51,578080,PUBG: BATTLEGROUNDS,7,125066,Action,PUBG Corporation,"21 Dec, 2017",0.0
a62386de,2026-06-05,02:11:51,252490,RUST,8,113570,Action,Facepunch Studios,"Feb 8, 2018",39.99
18a321f0,2026-06-05,02:11:51,2483190,FORZA HORIZON 6,9,110146,Racing,Playground Games,"18 May, 2026",69.99
f2cabfdd,2026-06-05,02:11:51,359550,TOM CLANCY'S RAINBOW SIX SIEGE,10,97009,Action,Ubisoft Montreal,"Dec 1, 2015",0.0
97430cde,2026-06-05,02:11:51,2767030,MARVEL RIVALS,11,87025,Action,NetEase Games,"5 Dec, 2024",0.0
1b30b184,2026-06-05,02:11:51,2868840,SLAY THE SPIRE 2,12,78631,Indie,Mega Crit,"Mar 5, 2026",24.99
3a8ad659,2026-06-05,02:11:51,1172470,APEX LEGENDS™,13,72536,Action,Respawn,"4 Nov, 2020",0.0
38998139,2026-06-05,02:11:51,1422450,DEADLOCK,14,0,Action,Valve,To be announced,0.0
0fb40b07,2026-06-05,02:11:51,2357570,OVERWATCH®,15,61790,Action,"Blizzard Entertainment, Inc.","Aug 10, 2023",0.0
96b51805,2026-06-05,02:11:51,431960,WALLPAPER ENGINE,16,61046,Casual,Wallpaper Engine Team,"Nov 16, 2018",4.99
0cd8bcec,2026-06-05,02:11:51,552990,WORLD OF WARSHIPS,17,55235,Action,Wargaming Group Limited,"Nov 15, 2017",0.0
7f18403f,2026-06-05,02:11:51,381210,DEAD BY DAYLIGHT,18,52925,Action,Behaviour Interactive Inc.,"Jun 14, 2016",7.99
8e9f27fe,2026-06-05,02:11:51,438100,VRCHAT,19,50864,Adventure,VRChat Inc.,"1 Feb, 2017",0.0
b5b280f4,2026-06-05,02:11:51,230410,WARFRAME,20,49132,Action,Digital Extremes,"25 Mar, 2013",0.0
a1f7a395,2026-06-05,02:11:51,322170,GEOMETRY DASH,21,47451,Action,RobTop Games,"Dec 22, 2014",4.99
f915e46f,2026-06-05,02:11:51,413150,STARDEW VALLEY,22,48139,Indie,ConcernedApe,"Feb 26, 2016",14.99
b5fbbe02,2026-06-05,02:11:51,440,TEAM FORTRESS 2,23,46355,Action,Valve,"Oct 10, 2007",0.0
22f7257d,2026-06-05,02:11:51,1808500,ARC RAIDERS,24,45399,Action,Embark Studios,"30 Oct, 2025",39.99
2adc70a9,2026-06-05,02:11:51,3405690,EA SPORTS FC™ 26,25,45068,Simulation,EA Canada,"25 Sep, 2025",20.99
ff7a07d9,2026-06-05,02:11:51,2507950,DELTA FORCE,26,43074,Action,Team Jade,"4 Dec, 2024",0.0
578a9f44,2026-06-05,02:11:51,1086940,BALDUR'S GATE 3,27,42699,Adventure,Larian Studios,"Aug 3, 2023",59.99
3daed9fb,2026-06-05,02:11:51,271590,GRAND THEFT AUTO V LEGACY,28,42363,Action,Rockstar North,"Apr 13, 2015",0.0
94e7e023,2026-06-05,02:11:51,1938090,CALL OF DUTY®,29,37617,Action,Treyarch,"Oct 27, 2022",0.0
69d280b5,2026-06-05,02:11:51,3241660,R.E.P.O.,30,37477,Action,semiwork,"Feb 26, 2025",9.99
2ac1f1d1,2026-06-05,02:11:51,3065800,MARATHON,31,33648,Action,Bungie,"Mar 5, 2026",31.99
fe9e7090,2026-06-05,02:11:51,2807960,BATTLEFIELD™ 6,32,33373,Action,Battlefield Studios,"10 Oct, 2025",41.99
44f8b0e9,2026-06-05,02:11:51,3240220,GRAND THEFT AUTO V ENHANCED,33,31848,Action,Rockstar North,"Mar 4, 2025",19.79
0509a61b,2026-06-05,02:11:51,236390,WAR THUNDER,34,31701,Action,Gaijin Entertainment,"Aug 15, 2013",0.0
25896bff,2026-06-05,02:11:51,1366800,CROSSHAIR X,35,31412,Action,CenterPoint Gaming,"Aug 17, 2020",9.99
6b988f1b,2026-06-05,02:11:51,1973530,LIMBUS COMPANY,36,31270,Other,ProjectMoon,"26 Feb, 2023",0.0
24f96a08,2026-06-05,02:11:51,550,LEFT 4 DEAD 2,37,31231,Action,Valve,"Nov 16, 2009",9.99
67424f14,2026-06-05,02:11:51,39210,FINAL FANTASY XIV ONLINE,38,30226,Massively Multiplayer,Square Enix,"Feb 18, 2014",19.99
1149e05a,2026-06-05,02:11:51,1085660,DESTINY 2,39,29237,Action,Bungie,"Oct 1, 2019",0.0
05af6f90,2026-06-05,02:11:51,221100,DAYZ,40,28446,Action,Bohemia Interactive,"Dec 13, 2018",49.99
62532acf,2026-06-05,02:11:51,1245620,ELDEN RING,41,27148,Action,"FromSoftware, Inc.","Feb 24, 2022",59.99
1e4ef51d,2026-06-05,02:11:51,489830,THE ELDER SCROLLS V: SKYRIM SPECIAL EDITION,42,26300,RPG,Bethesda Game Studios,"Oct 27, 2016",39.99
0fbb44cd,2026-06-05,02:11:51,553850,HELLDIVERS™ 2,43,26050,Action,Arrowhead Game Studios,"8 Feb, 2024",39.99
bd9155b0,2026-06-05,02:11:51,218620,PAYDAY 2,44,25302,Action,OVERKILL - a Starbreeze Studio.,"Aug 13, 2013",9.99
a01aed07,2026-06-05,02:11:51,4465480,COUNTER-STRIKE:GLOBAL OFFENSIVE,45,24306,Action,Valve,"Aug 21, 2012",0.0
b6d23ece,2026-06-05,02:11:51,108600,PROJECT ZOMBOID,46,24252,Indie,The Indie Stone,"Nov 8, 2013",19.99
da37bf29,2026-06-05,02:11:51,1962700,SUBNAUTICA 2,47,23989,Action,Unknown Worlds Entertainment,"May 14, 2026",29.99
40a86a1e,2026-06-05,02:11:51,2399830,ARK: SURVIVAL ASCENDED,48,23503,Action,Studio Wildcard,"Oct 25, 2023",44.99
c2d24713,2026-06-05,02:11:51,294100,RIMWORLD,49,22786,Indie,Ludeon Studios,"Oct 17, 2018",34.99
8065e197,2026-06-05,02:11:51,1222670,THE SIMS™ 4,50,21994,Adventure,Maxis,"Jun 18, 2020",0.0
8f4acfed,2026-06-05,02:11:51,289070,SID MEIER’S CIVILIZATION® VI,51,21503,Strategy,Firaxis Games,"Oct 21, 2016",59.99
cbd28d9a,2026-06-05,02:11:51,240,COUNTER-STRIKE: SOURCE,52,21432,Action,Valve,"1 Nov, 2004",5.79
e92ad3fd,2026-06-05,02:11:51,394360,HEARTS OF IRON IV,53,21374,Simulation,Paradox Development Studio,"Jun 6, 2016",49.99
5fb05e8d,2026-06-05,02:11:51,105600,TERRARIA,54,21271,Action,Re-Logic,"May 16, 2011",9.99
c45638d6,2026-06-05,02:11:51,3321460,CRIMSON DESERT,55,21014,Action,Pearl Abyss,"Mar 19, 2026",69.99
88a651df,2026-06-05,02:11:51,3768760,007 FIRST LIGHT,56,20513,Action,IO Interactive A/S,"May 26, 2026",69.99
35c7afd5,2026-06-05,02:11:51,1665460,EFOOTBALL™,57,20474,Simulation,KONAMI,"Sep 29, 2021",0.0
1969f5df,2026-06-05,02:11:51,252950,ROCKET LEAGUE®,58,20426,Action,Psyonix LLC,"Jul 7, 2015",0.0
4bf0ca8f,2026-06-05,02:11:51,3472040,NBA 2K26,59,20296,Sports,Visual Concepts,"Sep 4, 2025",19.99
45ca0f08,2026-06-05,02:11:51,1174180,RED DEAD REDEMPTION 2,60,19790,Action,Rockstar Games,"Dec 5, 2019",59.99
7b1f8239,2026-06-05,02:11:51,526870,SATISFACTORY,61,18898,Adventure,Coffee Stain Studios,"Sep 10, 2024",27.99
fa842d95,2026-06-05,02:11:51,1281930,TMODLOADER,62,18925,Action,TML Team,"May 16, 2020",0.0
175f1f0c,2026-06-05,02:11:51,1091500,CYBERPUNK 2077,63,18667,RPG,CD PROJEKT RED,"Dec 9, 2020",20.99
6122ca1e,2026-06-05,02:11:51,1142710,TOTAL WAR: WARHAMMER III,64,18428,Action,CREATIVE ASSEMBLY,"Feb 17, 2022",59.99
ce3e8cfd,2026-06-05,02:11:51,4000,GARRY'S MOD,65,17575,Casual,Facepunch Studios,"Nov 29, 2006",4.99
f42ce460,2026-06-05,02:11:51,1118520,PARALIVES,66,17337,Simulation,Alex Massé and team,"25 May, 2026",44.99
b34ed363,2026-06-05,02:11:51,2923300,BANANA,67,16922,Adventure,Sky,"Apr 23, 2024",0.0
0d59fcd6,2026-06-05,02:11:51,3551340,FOOTBALL MANAGER 26,68,16791,Simulation,Sports Interactive,"Nov 4, 2025",59.99
bbd24ca5,2026-06-05,02:11:51,1449850,YU-GI-OH! MASTER DUEL,69,16816,Simulation,KONAMI,"18 Jan, 2022",0.0
0bff2f1f,2026-06-05,02:11:51,251570,7 DAYS TO DIE,70,16377,Action,The Fun Pimps,"Jul 25, 2024",44.99
94a04b98,2026-06-05,02:11:51,582660,BLACK DESERT,71,16330,Action,Pearl Abyss,"May 24, 2017",0.99
c748e16a,2026-06-05,02:11:51,250900,THE BINDING OF ISAAC: REBIRTH,72,16263,Action,"Nicalis, Inc.","Nov 4, 2014",14.99
1e1fd8b0,2026-06-05,02:11:51,275850,NO MAN'S SKY,73,16001,Action,Hello Games,"Aug 12, 2016",59.99
01a150c2,2026-06-05,02:11:51,284160,BEAMNG.DRIVE,74,15831,Racing,BeamNG,"May 29, 2015",24.99
8d8c654e,2026-06-05,02:11:51,2183900,"WARHAMMER 40,000: SPACE MARINE 2",75,15908,Action,Saber Interactive,"9 Sep, 2024",17.99
072473c4,2026-06-05,02:11:51,813780,AGE OF EMPIRES II: DEFINITIVE EDITION,76,15306,Strategy,World's Edge,"Nov 14, 2019",12.24
d5c15ef7,2026-06-05,02:11:51,1623730,PALWORLD,77,14711,Action,Pocketpair,"Jan 19, 2024",29.99
97a4d7c6,2026-06-05,02:11:51,3041230,WINDROSE,78,14314,Action,Kraken Express,"Apr 14, 2026",29.99
8282a934,2026-06-05,02:11:51,440900,CONAN EXILES ENHANCED,79,14231,Action,Funcom,"May 8, 2018",29.99
b43c8dca,2026-06-05,02:11:51,3527290,PEAK,80,14263,Action,Team PEAK,"16 Jun, 2025",7.49
05b5a59d,2026-06-05,02:11:51,2344520,DIABLO® IV,81,14104,Action,"Blizzard Entertainment, Inc.","Oct 17, 2023",49.99
322a183e,2026-06-05,02:11:51,2300320,FARMING SIMULATOR 25,82,13579,Simulation,GIANTS Software,"Nov 12, 2024",29.99
c9e44441,2026-06-05,02:11:51,322330,DON'T STARVE TOGETHER,83,13776,Action,Klei Entertainment,"Apr 21, 2016",14.99
ab89e3c5,2026-06-05,02:11:51,346110,ARK: SURVIVAL EVOLVED,84,13776,Action,Studio Wildcard,"Aug 27, 2017",14.99
cf45ad21,2026-06-05,02:11:51,2073620,ARENA BREAKOUT: INFINITE,85,13118,Action,Morefun Studios,"Sep 15, 2025",0.0
2d2d1a4e,2026-06-05,02:11:51,2622380,ELDEN RING NIGHTREIGN,86,13222,Action,"FromSoftware, Inc.","29 May, 2025",39.99
b75e4d3d,2026-06-05,02:11:51,1364780,STREET FIGHTER™ 6,87,13069,Action,"CAPCOM Co., Ltd.","Jun 1, 2023",19.99
8a1af619,2026-06-05,02:11:51,261550,MOUNT & BLADE II: BANNERLORD,88,13038,Action,TaleWorlds Entertainment,"Oct 25, 2022",24.99
f887400c,2026-06-05,02:11:51,1158310,CRUSADER KINGS III,89,12913,RPG,Paradox Development Studio,"Sep 1, 2020",14.99
de30466f,2026-06-05,02:11:51,892970,VALHEIM,90,12939,Action,Iron Gate AB,"Feb 2, 2021",9.99
9f4a1128,2026-06-05,02:11:51,427520,FACTORIO,91,12849,Casual,Wube Software LTD.,"Aug 14, 2020",35.0
4f73cd26,2026-06-05,02:11:51,2073850,THE FINALS,92,12845,Action,Embark Studios,"Dec 7, 2023",0.0
b0b6a1fd,2026-06-05,02:11:51,227300,EURO TRUCK SIMULATOR 2,93,12478,Indie,SCS Software,"Oct 12, 2012",19.99
85e45ac3,2026-06-05,02:11:51,1905180,OBS STUDIO,94,12673,Utilities,OBS Project,"Mar 21, 2022",0.0
00a5286b,2026-06-05,02:11:51,291550,BRAWLHALLA,95,12382,Action,Blue Mammoth Games,"Oct 17, 2017",0.0
082f109f,2026-06-05,02:11:51,4197610,LIBRARIAN: TIDY UP THE ARCANE LIBRARY!,96,11681,Casual,ArtRising,"Apr 30, 2026",5.99
177d4ffb,2026-06-05,02:11:51,8930,SID MEIER'S CIVILIZATION® V,97,11503,Strategy,Firaxis Games,"Sep 21, 2010",29.99
34eababa,2026-06-05,02:11:51,1623660,MIR4,98,11477,Action,Wemade Next,"Aug 25, 2021",0.0
b89fe485,2026-06-05,02:11:51,376210,THE ISLE,99,11304,Action,Afterthought LLC,"Dec 1, 2015",19.99
a572f20b,2026-06-05,02:11:51,264710,SUBNAUTICA,100,10865,Adventure,Unknown Worlds Entertainment,"Jan 23, 2018",7.49
539bf6d1,2026-06-05,02:11:51,220200,KERBAL SPACE PROGRAM,,6344,Indie,Squad,"Apr 27, 2015",39.99
b4ab2ff8,2026-06-05,02:11:51,3357650,PRAGMATA,,1995,Action,"CAPCOM Co., Ltd.","Apr 17, 2026",59.99
dc65beaf,2026-06-05,02:11:51,2707930,PALIA,,10238,Adventure,Singularity 6 Corporation,"Mar 25, 2024",0.0
cc19dfee,2026-06-05,02:11:51,281990,STELLARIS,,10780,Simulation,Paradox Development Studio,"May 9, 2016",39.99
d2cb8839,2026-06-05,02:11:51,4128580,BIDKING,,4934,Casual,MindSurge Network & Games,"Apr 15, 2026",2.99
8fa8cb06,2026-06-05,02:11:51,1974050,TORCHLIGHT: INFINITE,,614,Action,XD,"May 9, 2023",0.0
18e16c58,2026-06-05,02:11:51,2605790,DEEP ROCK GALACTIC: ROGUE CORE,,3772,Action,Ghost Ship Games,"20 May, 2026",29.99
2a224e34,2026-06-05,02:11:51,2119830,MISERY,,1066,Action,Platypus Entertainment,"23 Oct, 2025",8.41
fab73310,2026-06-05,02:11:51,306130,THE ELDER SCROLLS® ONLINE,,9626,Action,ZeniMax Online Studios,"May 22, 2017",19.99
907c9983,2026-06-05,02:11:51,2584990,SHADOWVERSE: WORLDS BEYOND,,3665,Casual,"Cygames, Inc.","Jun 14, 2025",0.0
ca0700bb,2026-06-05,02:11:51,1716740,STARFIELD,,4865,RPG,Bethesda Game Studios,"Sep 5, 2023",49.99
77deaa65,2026-06-05,02:11:51,2479810,GRAY ZONE WARFARE,,4176,Action,"MADFINGER Games, a.s.","Apr 30, 2024",39.99
ad0ac0ae,2026-06-05,02:11:51,1203220,NARAKA: BLADEPOINT,,1207,Action,24 Entertainment,"11 Aug, 2021",0.0
e1dfacc5,2026-06-05,02:11:51,1295660,SID MEIER'S CIVILIZATION VII,,9588,Simulation,Firaxis Games,"Feb 10, 2025",41.99
d8e83e88,2026-06-05,02:11:51,1604030,V RISING,,5099,Action,Stunlock Studios,"May 8, 2024",15.74
2aae3657,2026-06-05,02:11:51,216150,MAPLESTORY,,9671,Action,NEXON Korea Corporation,"Aug 9, 2012",0.0
c40b76ec,2026-06-05,02:11:51,3124540,FAR FAR WEST,,4563,Action,Evil Raptor,"Apr 28, 2026",17.99
4fbe36db,2026-06-05,02:11:51,4025700,HEARTOPIA,,8546,Casual,XD,"16 Jan, 2026",0.0
1eeb3e0c,2026-06-05,02:11:51,304930,UNTURNED,,10270,Action,Smartly Dressed Games,"Jul 7, 2017",0.0
58454927,2026-06-05,02:11:51,2646460,SOULMASK,,2728,Adventure,CampFire Studio,"Apr 9, 2026",29.99
99343980,2026-06-05,02:11:51,3564740,WHERE WINDS MEET,,10725,Action,Everstone Studio,"14 Nov, 2025",0.0
58ec9950,2026-06-05,02:11:51,1144200,READY OR NOT,,9263,Action,VOID Interactive,"Dec 13, 2023",24.99
9f7f3c66,2026-06-05,02:11:51,2252570,FOOTBALL MANAGER 2024,,10277,Simulation,Sports Interactive,"Nov 6, 2023",0.0
3576143c,2026-06-05,02:11:51,3679080,THE SEVEN DEADLY SINS: ORIGIN,,8725,Action,Netmarble F&C,"Mar 16, 2026",0.0
0062efec,2026-06-05,02:11:51,2215200,LEGO® BATMAN™: LEGACY OF THE DARK KNIGHT,,8101,Action,TT Games,"22 May, 2026",28999.0
1032c413,2026-06-05,02:11:51,3764200,RESIDENT EVIL REQUIEM,,4769,Action,"CAPCOM Co., Ltd.","Feb 26, 2026",69.99
edeb7d6a,2026-06-05,02:11:51,238960,PATH OF EXILE,,3498,Action,Grinding Gear Games,"23 Oct, 2013",0.0
b1a841fd,2026-06-05,02:11:51,3164500,SCHEDULE I,,10806,Action,TVGS,"Mar 24, 2025",19.99
eb54bc04,2026-06-05,02:11:51,960090,BLOONS TD 6,,8919,Strategy,Ninja Kiwi,"Dec 17, 2018",13.99
89581f5c,2026-06-05,02:11:51,1203620,ENSHROUDED,,7316,Action,Keen Games GmbH,"Jan 24, 2024",23.99
ee380206,2026-06-05,02:11:51,3224770,UMAMUSUME: PRETTY DERBY,,8885,Simulation,"Cygames, Inc.","24 Jun, 2025",0.0
9cc3f18a,2026-06-05,02:11:51,270880,AMERICAN TRUCK SIMULATOR,,8181,Indie,SCS Software,"Feb 2, 2016",4.99
00dce139,2026-06-05,02:11:51,3932890,ESCAPE FROM TARKOV,,10957,Action,Battlestate Games,"Nov 15, 2025",49.99
1fd226dd,2026-06-05,02:11:51,1874880,ARMA REFORGER,,9990,Action,Bohemia Interactive,"Nov 16, 2023",39.99
8ffa774d,2026-06-05,02:11:51,594650,HUNT: SHOWDOWN 1896,,9012,Action,Crytek,"Aug 27, 2019",13.49
ced0607d,2026-06-05,02:11:51,3780860,HELL LET LOOSE VIETNAM: PLAYTEST,,0,Other,,"Apr 20, 2026",0.0
649635f0,2026-06-05,02:11:51,3265700,VAMPIRE CRAWLERS: THE TURBO WILDCARD FROM VAMPIRE SURVIVORS,,1680,Action,poncle,"Apr 21, 2026",9.99
dbad9729,2026-06-05,02:11:51,3105440,HEROES OF MIGHT AND MAGIC: OLDEN ERA,,4768,RPG,Unfrozen,"Apr 30, 2026",29.99
3a79e79d,2026-06-05,02:11:51,3892270,GAMBLE WITH YOUR FRIENDS,,10224,Adventure,SkyBrave,"1 May, 2026",4.95
0f38b435,2026-06-05,02:11:51,1476970,IDLEON,,7950,Casual,Lavaflame2,"Nov 6, 2025",0.0
973ca7d8,2026-06-05,02:11:51,739630,PHASMOPHOBIA,,9425,Action,Kinetic Games,"Sep 18, 2020",19.99
a2ef0e93,2026-06-05,02:11:51,629520,SOUNDPAD,,10203,Audio Production,Leppsoft,"Sep 30, 2017",4.99
43718787,2026-06-05,02:11:51,377160,FALLOUT 4,,10126,RPG,Bethesda Game Studios,"Nov 9, 2015",19.99
c5130c2a,2026-06-05,02:11:51,3513350,WUTHERING WAVES,,10815,Action,KURO GAMES,"Apr 28, 2025",0.0
ca110583,2026-06-06,02:03:21,730,COUNTER-STRIKE 2,1,654838,Action,Valve,"21 Aug, 2012",0.0
a9995970,2026-06-06,02:03:21,570,DOTA 2,2,336623,Action,Valve,"Jul 9, 2013",0.0
d6acb770,2026-06-06,02:03:21,3678970,TBH: TASK BAR HERO,3,266714,Casual,Nugem Studio,"27 May, 2026",0.0
7dd591dd,2026-06-06,02:03:21,2694490,PATH OF EXILE 2,4,206230,Action,Grinding Gear Games,"Dec 6, 2024",29.99
24999dde,2026-06-06,02:03:21,578080,PUBG: BATTLEGROUNDS,5,133361,Action,PUBG Corporation,"21 Dec, 2017",0.0
4ca43ccd,2026-06-06,02:03:21,3419430,BONGO CAT,6,138005,Casual,Marcel Zurawka,"Mar 5, 2025",0.0
783838ee,2026-06-06,02:03:21,2676230,FIVEM,7,136092,Other,,,0.0
93fd0714,2026-06-06,02:03:21,2483190,FORZA HORIZON 6,8,113617,Racing,Playground Games,"18 May, 2026",69.99
b0eadab0,2026-06-06,02:03:21,252490,RUST,9,109629,Action,Facepunch Studios,"Feb 8, 2018",39.99
be003dde,2026-06-06,02:03:21,359550,TOM CLANCY'S RAINBOW SIX SIEGE,10,92322,Action,Ubisoft Montreal,"Dec 1, 2015",0.0
b9027285,2026-06-06,02:03:21,2767030,MARVEL RIVALS,11,85947,Action,NetEase Games,"5 Dec, 2024",0.0
ee1db34f,2026-06-06,02:03:21,2868840,SLAY THE SPIRE 2,12,81380,Indie,Mega Crit,"Mar 5, 2026",24.99
b15f11f5,2026-06-06,02:03:21,1172470,APEX LEGENDS™,13,79619,Action,Respawn,"4 Nov, 2020",0.0
6f31cb9e,2026-06-06,02:03:21,431960,WALLPAPER ENGINE,14,68630,Casual,Wallpaper Engine Team,"Nov 16, 2018",4.99
30fa2958,2026-06-06,02:03:21,2357570,OVERWATCH®,15,64651,Action,"Blizzard Entertainment, Inc.","Aug 10, 2023",0.0
c73fe07e,2026-06-06,02:03:21,438100,VRCHAT,16,59007,Adventure,VRChat Inc.,"1 Feb, 2017",0.0
f3fee2cb,2026-06-06,02:03:21,1422450,DEADLOCK,17,0,Action,Valve,To be announced,0.0
756bafa4,2026-06-06,02:03:21,552990,WORLD OF WARSHIPS,18,49376,Action,Wargaming Group Limited,"Nov 15, 2017",0.0
67e6f947,2026-06-06,02:03:21,230410,WARFRAME,19,54959,Action,Digital Extremes,"25 Mar, 2013",0.0
e0a08e59,2026-06-06,02:03:21,381210,DEAD BY DAYLIGHT,20,54359,Action,Behaviour Interactive Inc.,"Jun 14, 2016",7.99
cc3e39e4,2026-06-06,02:03:21,322170,GEOMETRY DASH,21,53780,Action,RobTop Games,"Dec 22, 2014",4.99
b7917092,2026-06-06,02:03:21,413150,STARDEW VALLEY,22,50997,Indie,ConcernedApe,"Feb 26, 2016",14.99
0ae1f120,2026-06-06,02:03:21,3405690,EA SPORTS FC™ 26,23,50945,Simulation,EA Canada,"25 Sep, 2025",20.99
7647746d,2026-06-06,02:03:21,440,TEAM FORTRESS 2,24,50367,Action,Valve,"Oct 10, 2007",0.0
5d6b8374,2026-06-06,02:03:21,2507950,DELTA FORCE,25,47022,Action,Team Jade,"4 Dec, 2024",0.0
7c52e30a,2026-06-06,02:03:21,1808500,ARC RAIDERS,26,47270,Action,Embark Studios,"30 Oct, 2025",39.99
5c1f6a2f,2026-06-06,02:03:21,271590,GRAND THEFT AUTO V LEGACY,27,45906,Action,Rockstar North,"Apr 13, 2015",0.0
f30af103,2026-06-06,02:03:21,3241660,R.E.P.O.,28,44009,Action,semiwork,"Feb 26, 2025",9.99
c62d5ff1,2026-06-06,02:03:21,1086940,BALDUR'S GATE 3,29,44096,Adventure,Larian Studios,"Aug 3, 2023",59.99
31697760,2026-06-06,02:03:21,1938090,CALL OF DUTY®,30,40299,Action,Treyarch,"Oct 27, 2022",0.0
8399ebc5,2026-06-06,02:03:21,236390,WAR THUNDER,31,38577,Action,Gaijin Entertainment,"Aug 15, 2013",0.0
a34efcd7,2026-06-06,02:03:21,1973530,LIMBUS COMPANY,32,36631,Other,ProjectMoon,"26 Feb, 2023",0.0
9e2705a7,2026-06-06,02:03:21,2807960,BATTLEFIELD™ 6,33,36559,Action,Battlefield Studios,"10 Oct, 2025",41.99
e0e6b010,2026-06-06,02:03:21,3240220,GRAND THEFT AUTO V ENHANCED,34,36000,Action,Rockstar North,"Mar 4, 2025",19.79
7918ae1f,2026-06-06,02:03:21,550,LEFT 4 DEAD 2,35,33578,Action,Valve,"Nov 16, 2009",9.99
dc07f6c9,2026-06-06,02:03:21,221100,DAYZ,36,33811,Action,Bohemia Interactive,"Dec 13, 2018",49.99
6e17bee4,2026-06-06,02:03:21,1366800,CROSSHAIR X,37,32567,Action,CenterPoint Gaming,"Aug 17, 2020",9.99
de697b36,2026-06-06,02:03:21,1085660,DESTINY 2,38,31199,Action,Bungie,"Oct 1, 2019",0.0
3216e848,2026-06-06,02:03:21,3065800,MARATHON,39,31097,Action,Bungie,"Mar 5, 2026",31.99
67f8c02e,2026-06-06,02:03:21,1245620,ELDEN RING,40,30376,Action,"FromSoftware, Inc.","Feb 24, 2022",59.99
94c7d859,2026-06-06,02:03:21,39210,FINAL FANTASY XIV ONLINE,41,30193,Massively Multiplayer,Square Enix,"Feb 18, 2014",19.99
9442c63f,2026-06-06,02:03:21,553850,HELLDIVERS™ 2,42,28666,Action,Arrowhead Game Studios,"8 Feb, 2024",39.99
8f1c91de,2026-06-06,02:03:21,3321460,CRIMSON DESERT,43,27621,Action,Pearl Abyss,"Mar 19, 2026",69.99
885b11f6,2026-06-06,02:03:21,489830,THE ELDER SCROLLS V: SKYRIM SPECIAL EDITION,44,27161,RPG,Bethesda Game Studios,"Oct 27, 2016",39.99
55372b2f,2026-06-06,02:03:21,394360,HEARTS OF IRON IV,45,26839,Simulation,Paradox Development Studio,"Jun 6, 2016",49.99
21fa77eb,2026-06-06,02:03:21,2399830,ARK: SURVIVAL ASCENDED,46,27151,Action,Studio Wildcard,"Oct 25, 2023",44.99
8a971909,2026-06-06,02:03:21,289070,SID MEIER’S CIVILIZATION® VI,47,25643,Strategy,Firaxis Games,"Oct 21, 2016",59.99
a4a166a7,2026-06-06,02:03:21,108600,PROJECT ZOMBOID,48,25815,Indie,The Indie Stone,"Nov 8, 2013",19.99
f8678035,2026-06-06,02:03:21,294100,RIMWORLD,49,25767,Indie,Ludeon Studios,"Oct 17, 2018",34.99
9cfbc3da,2026-06-06,02:03:21,1962700,SUBNAUTICA 2,50,25385,Action,Unknown Worlds Entertainment,"May 14, 2026",29.99
2dd4e647,2026-06-06,02:03:21,218620,PAYDAY 2,51,25235,Action,OVERKILL - a Starbreeze Studio.,"Aug 13, 2013",9.99
29cbd34f,2026-06-06,02:03:21,4465480,COUNTER-STRIKE:GLOBAL OFFENSIVE,52,23479,Action,Valve,"Aug 21, 2012",0.0
e2b8f6a6,2026-06-06,02:03:21,105600,TERRARIA,53,23175,Action,Re-Logic,"May 16, 2011",9.99
49ebf8db,2026-06-06,02:03:21,3472040,NBA 2K26,54,22368,Sports,Visual Concepts,"Sep 4, 2025",19.99
af984c61,2026-06-06,02:03:21,1222670,THE SIMS™ 4,55,22984,Adventure,Maxis,"Jun 18, 2020",0.0
66117637,2026-06-06,02:03:21,1174180,RED DEAD REDEMPTION 2,56,22052,Action,Rockstar Games,"Dec 5, 2019",59.99
362adf63,2026-06-06,02:03:21,1281930,TMODLOADER,57,21779,Action,TML Team,"May 16, 2020",0.0
f33adb3a,2026-06-06,02:03:21,3768760,007 FIRST LIGHT,58,21832,Action,IO Interactive A/S,"May 26, 2026",69.99
9135586c,2026-06-06,02:03:21,1142710,TOTAL WAR: WARHAMMER III,59,21585,Action,CREATIVE ASSEMBLY,"Feb 17, 2022",59.99
d172d596,2026-06-06,02:03:21,526870,SATISFACTORY,60,21636,Adventure,Coffee Stain Studios,"Sep 10, 2024",27.99
046c73e6,2026-06-06,02:03:21,1091500,CYBERPUNK 2077,61,20673,RPG,CD PROJEKT RED,"Dec 9, 2020",20.99
e5f05d02,2026-06-06,02:03:21,252950,ROCKET LEAGUE®,62,20442,Action,Psyonix LLC,"Jul 7, 2015",0.0
fa28c634,2026-06-06,02:03:21,1364780,STREET FIGHTER™ 6,63,19647,Action,"CAPCOM Co., Ltd.","Jun 1, 2023",19.99
ea810e83,2026-06-06,02:03:21,4000,GARRY'S MOD,64,20081,Casual,Facepunch Studios,"Nov 29, 2006",4.99
2288b0ed,2026-06-06,02:03:21,3551340,FOOTBALL MANAGER 26,65,19673,Simulation,Sports Interactive,"Nov 4, 2025",59.99
7a676f25,2026-06-06,02:03:21,251570,7 DAYS TO DIE,66,18996,Action,The Fun Pimps,"Jul 25, 2024",44.99
f54eaff5,2026-06-06,02:03:21,1665460,EFOOTBALL™,67,18735,Simulation,KONAMI,"Sep 29, 2021",0.0
3f9cd451,2026-06-06,02:03:21,240,COUNTER-STRIKE: SOURCE,68,17454,Action,Valve,"1 Nov, 2004",5.79
3443b586,2026-06-06,02:03:21,1449850,YU-GI-OH! MASTER DUEL,69,17932,Simulation,KONAMI,"18 Jan, 2022",0.0
83c0a972,2026-06-06,02:03:21,1623730,PALWORLD,70,18247,Action,Pocketpair,"Jan 19, 2024",29.99
c31e2f99,2026-06-06,02:03:21,2923300,BANANA,71,17289,Adventure,Sky,"Apr 23, 2024",0.0
cebc3c72,2026-06-06,02:03:21,813780,AGE OF EMPIRES II: DEFINITIVE EDITION,72,17483,Strategy,World's Edge,"Nov 14, 2019",12.24
161527e8,2026-06-06,02:03:21,1118520,PARALIVES,73,17641,Simulation,Alex Massé and team,"25 May, 2026",44.99
9bac5fe5,2026-06-06,02:03:21,275850,NO MAN'S SKY,74,17341,Action,Hello Games,"Aug 12, 2016",59.99
937bb7ff,2026-06-06,02:03:21,284160,BEAMNG.DRIVE,75,17278,Racing,BeamNG,"May 29, 2015",24.99
0d6a438f,2026-06-06,02:03:21,2183900,"WARHAMMER 40,000: SPACE MARINE 2",76,17215,Action,Saber Interactive,"9 Sep, 2024",17.99
5b457e68,2026-06-06,02:03:21,582660,BLACK DESERT,77,17022,Action,Pearl Abyss,"May 24, 2017",0.99
76512aff,2026-06-06,02:03:21,322330,DON'T STARVE TOGETHER,78,16378,Action,Klei Entertainment,"Apr 21, 2016",14.99
025c077a,2026-06-06,02:03:21,250900,THE BINDING OF ISAAC: REBIRTH,79,16970,Action,"Nicalis, Inc.","Nov 4, 2014",14.99
c389523a,2026-06-06,02:03:21,346110,ARK: SURVIVAL EVOLVED,80,16896,Action,Studio Wildcard,"Aug 27, 2017",14.99
a107d84d,2026-06-06,02:03:21,2622380,ELDEN RING NIGHTREIGN,81,16097,Action,"FromSoftware, Inc.","29 May, 2025",39.99
214c82ed,2026-06-06,02:03:21,3041230,WINDROSE,82,16007,Action,Kraken Express,"Apr 14, 2026",29.99
f85b3003,2026-06-06,02:03:21,3527290,PEAK,83,15797,Action,Team PEAK,"16 Jun, 2025",7.49
9d2679f0,2026-06-06,02:03:21,261550,MOUNT & BLADE II: BANNERLORD,84,15569,Action,TaleWorlds Entertainment,"Oct 25, 2022",24.99
35b4ec50,2026-06-06,02:03:21,440900,CONAN EXILES ENHANCED,85,15427,Action,Funcom,"May 8, 2018",29.99
e40f1224,2026-06-06,02:03:21,1158310,CRUSADER KINGS III,86,15234,RPG,Paradox Development Studio,"Sep 1, 2020",14.99
b8d646e2,2026-06-06,02:03:21,2344520,DIABLO® IV,87,14838,Action,"Blizzard Entertainment, Inc.","Oct 17, 2023",49.99
babbb0dd,2026-06-06,02:03:21,2300320,FARMING SIMULATOR 25,88,14949,Simulation,GIANTS Software,"Nov 12, 2024",29.99
e8b08662,2026-06-06,02:03:21,1297900,GOTHIC 1 REMAKE,89,14797,Action,Alkimia Interactive,"5 Jun, 2026",33.99
b3980f25,2026-06-06,02:03:21,1203220,NARAKA: BLADEPOINT,90,13941,Action,24 Entertainment,"11 Aug, 2021",0.0
00c49729,2026-06-06,02:03:21,227300,EURO TRUCK SIMULATOR 2,91,14704,Indie,SCS Software,"Oct 12, 2012",19.99
fc1825fa,2026-06-06,02:03:21,427520,FACTORIO,92,14612,Casual,Wube Software LTD.,"Aug 14, 2020",35.0
5d9a030f,2026-06-06,02:03:21,1905180,OBS STUDIO,93,14255,Utilities,OBS Project,"Mar 21, 2022",0.0
f9931955,2026-06-06,02:03:21,2073620,ARENA BREAKOUT: INFINITE,94,14001,Action,Morefun Studios,"Sep 15, 2025",0.0
8146635b,2026-06-06,02:03:21,892970,VALHEIM,95,13804,Action,Iron Gate AB,"Feb 2, 2021",9.99
323aeb22,2026-06-06,02:03:21,4128580,BIDKING,96,13375,Casual,MindSurge Network & Games,"Apr 15, 2026",2.99
bb0d61bc,2026-06-06,02:03:21,3932890,ESCAPE FROM TARKOV,97,13674,Action,Battlestate Games,"Nov 15, 2025",49.99
a72cc679,2026-06-06,02:03:21,2246340,MONSTER HUNTER WILDS,98,13315,Action,"CAPCOM Co., Ltd.","27 Feb, 2025",22.04
4efac728,2026-06-06,02:03:21,3513350,WUTHERING WAVES,99,12850,Action,KURO GAMES,"Apr 28, 2025",0.0
f41874bc,2026-06-06,02:03:21,291550,BRAWLHALLA,100,12800,Action,Blue Mammoth Games,"Oct 17, 2017",0.0
b6c6d187,2026-06-06,02:03:21,304930,UNTURNED,,10673,Action,Smartly Dressed Games,"Jul 7, 2017",0.0
df532d49,2026-06-06,02:03:21,1623660,MIR4,,11423,Action,Wemade Next,"Aug 25, 2021",0.0
3e1342b1,2026-06-06,02:03:21,264710,SUBNAUTICA,,11598,Adventure,Unknown Worlds Entertainment,"Jan 23, 2018",7.49
5608fb1c,2026-06-06,02:03:21,1203620,ENSHROUDED,,8503,Action,Keen Games GmbH,"Jan 24, 2024",23.99
882686f9,2026-06-06,02:03:21,1604030,V RISING,,5531,Action,Stunlock Studios,"May 8, 2024",15.74
8a765022,2026-06-06,02:03:21,3764200,RESIDENT EVIL REQUIEM,,6861,Action,"CAPCOM Co., Ltd.","Feb 26, 2026",69.99
74d7f37b,2026-06-06,02:03:21,4197610,LIBRARIAN: TIDY UP THE ARCANE LIBRARY!,,11937,Casual,ArtRising,"Apr 30, 2026",5.99
37e549da,2026-06-06,02:03:21,1476970,IDLEON,,8139,Casual,Lavaflame2,"Nov 6, 2025",0.0
ea419d90,2026-06-06,02:03:21,1144200,READY OR NOT,,9855,Action,VOID Interactive,"Dec 13, 2023",24.99
2459ea90,2026-06-06,02:03:21,8930,SID MEIER'S CIVILIZATION® V,,12494,Strategy,Firaxis Games,"Sep 21, 2010",29.99
c5cacbde,2026-06-06,02:03:21,2073850,THE FINALS,,12263,Action,Embark Studios,"Dec 7, 2023",0.0
06173e6b,2026-06-06,02:03:21,3564740,WHERE WINDS MEET,,11847,Action,Everstone Studio,"14 Nov, 2025",0.0
b14ef32b,2026-06-06,02:03:21,739630,PHASMOPHOBIA,,10341,Action,Kinetic Games,"Sep 18, 2020",19.99
853b0538,2026-06-06,02:03:21,270880,AMERICAN TRUCK SIMULATOR,,8865,Indie,SCS Software,"Feb 2, 2016",4.99
429283ad,2026-06-06,02:03:21,2605790,DEEP ROCK GALACTIC: ROGUE CORE,,4035,Action,Ghost Ship Games,"20 May, 2026",29.99
305a6249,2026-06-06,02:03:21,3265700,VAMPIRE CRAWLERS: THE TURBO WILDCARD FROM VAMPIRE SURVIVORS,,1870,Action,poncle,"Apr 21, 2026",9.99
97518ec6,2026-06-06,02:03:21,376210,THE ISLE,,12116,Action,Afterthought LLC,"Dec 1, 2015",19.99
126fc4b5,2026-06-06,02:03:21,3124540,FAR FAR WEST,,6249,Action,Evil Raptor,"Apr 28, 2026",17.99
f7b30f8f,2026-06-06,02:03:21,594650,HUNT: SHOWDOWN 1896,,10002,Action,Crytek,"Aug 27, 2019",13.49
8e79cb26,2026-06-06,02:03:21,2707930,PALIA,,10401,Adventure,Singularity 6 Corporation,"Mar 25, 2024",0.0
e3c7c535,2026-06-06,02:03:21,1295660,SID MEIER'S CIVILIZATION VII,,10842,Simulation,Firaxis Games,"Feb 10, 2025",41.99
410ab2e8,2026-06-06,02:03:21,306130,THE ELDER SCROLLS® ONLINE,,9924,Action,ZeniMax Online Studios,"May 22, 2017",19.99
3697d202,2026-06-06,02:03:21,2215200,LEGO® BATMAN™: LEGACY OF THE DARK KNIGHT,,7767,Action,TT Games,"22 May, 2026",28999.0
273472f1,2026-06-06,02:03:21,377160,FALLOUT 4,,10685,RPG,Bethesda Game Studios,"Nov 9, 2015",19.99
4ae9ba9d,2026-06-06,02:03:21,1974050,TORCHLIGHT: INFINITE,,717,Action,XD,"May 9, 2023",0.0
164f3431,2026-06-06,02:03:21,1716740,STARFIELD,,5149,RPG,Bethesda Game Studios,"Sep 5, 2023",49.99
f3f16c86,2026-06-06,02:03:21,2479810,GRAY ZONE WARFARE,,4806,Action,"MADFINGER Games, a.s.","Apr 30, 2024",39.99
378e279c,2026-06-06,02:03:21,3164500,SCHEDULE I,,10992,Action,TVGS,"Mar 24, 2025",19.99
86031ea2,2026-06-06,02:03:21,3780860,HELL LET LOOSE VIETNAM: PLAYTEST,,0,Other,,"Apr 20, 2026",0.0
b29136a2,2026-06-06,02:03:21,281990,STELLARIS,,12347,Simulation,Paradox Development Studio,"May 9, 2016",39.99
739889c2,2026-06-06,02:03:21,1874880,ARMA REFORGER,,11429,Action,Bohemia Interactive,"Nov 16, 2023",39.99
f380ad1b,2026-06-06,02:03:21,3892270,GAMBLE WITH YOUR FRIENDS,,10936,Adventure,SkyBrave,"1 May, 2026",4.95
b288ca2f,2026-06-06,02:03:21,2119830,MISERY,,1039,Action,Platypus Entertainment,"23 Oct, 2025",8.41
a0a76e90,2026-06-06,02:03:21,3679080,THE SEVEN DEADLY SINS: ORIGIN,,7612,Action,Netmarble F&C,"Mar 16, 2026",0.0
28fee0c2,2026-06-06,02:03:21,2584990,SHADOWVERSE: WORLDS BEYOND,,5097,Casual,"Cygames, Inc.","Jun 14, 2025",0.0
4f0928b5,2026-06-06,02:03:21,960090,BLOONS TD 6,,9387,Strategy,Ninja Kiwi,"Dec 17, 2018",13.99
5a51e03c,2026-06-06,02:03:21,3357650,PRAGMATA,,2504,Action,"CAPCOM Co., Ltd.","Apr 17, 2026",59.99
0b687432,2026-06-06,02:03:21,220200,KERBAL SPACE PROGRAM,,6596,Indie,Squad,"Apr 27, 2015",39.99
1a6d2a99,2026-06-06,02:03:21,2252570,FOOTBALL MANAGER 2024,,11638,Simulation,Sports Interactive,"Nov 6, 2023",0.0
bf497781,2026-06-06,02:03:21,238960,PATH OF EXILE,,3693,Action,Grinding Gear Games,"23 Oct, 2013",0.0
55cd67a5,2026-06-06,02:03:21,2646460,SOULMASK,,3378,Adventure,CampFire Studio,"Apr 9, 2026",29.99
b63317d6,2026-06-06,02:03:21,3224770,UMAMUSUME: PRETTY DERBY,,7542,Simulation,"Cygames, Inc.","24 Jun, 2025",0.0
2afa1cce,2026-06-06,02:03:21,4025700,HEARTOPIA,,10080,Casual,XD,"16 Jan, 2026",0.0
519b688f,2026-06-06,02:03:21,216150,MAPLESTORY,,10509,Action,NEXON Korea Corporation,"Aug 9, 2012",0.0
3f55cfa3,2026-06-06,02:03:21,629520,SOUNDPAD,,11088,Audio Production,Leppsoft,"Sep 30, 2017",4.99
773403b7,2026-06-06,02:03:21,3105440,HEROES OF MIGHT AND MAGIC: OLDEN ERA,,6167,RPG,Unfrozen,"Apr 30, 2026",29.99
97f9dc49,2026-06-07,02:29:55,730,COUNTER-STRIKE 2,1,660203,Action,Valve,"21 Aug, 2012",0.0
8797eb82,2026-06-07,02:29:55,570,DOTA 2,2,364796,Action,Valve,"Jul 9, 2013",0.0
44d57fd6,2026-06-07,02:29:55,3678970,TBH: TASK BAR HERO,3,325249,Casual,Nugem Studio,"27 May, 2026",0.0
1bc96274,2026-06-07,02:29:55,2694490,PATH OF EXILE 2,4,208732,Action,Grinding Gear Games,"Dec 6, 2024",29.99
813ce60b,2026-06-07,02:29:55,578080,PUBG: BATTLEGROUNDS,5,170464,Action,PUBG Corporation,"21 Dec, 2017",0.0
cc383926,2026-06-07,02:29:55,3419430,BONGO CAT,6,135308,Casual,Marcel Zurawka,"Mar 5, 2025",0.0
49d36c06,2026-06-07,02:29:55,2676230,FIVEM,7,130193,Other,,,0.0
01591024,2026-06-07,02:29:55,2483190,FORZA HORIZON 6,8,115228,Racing,Playground Games,"18 May, 2026",69.99
73d7d40e,2026-06-07,02:29:55,252490,RUST,9,101236,Action,Facepunch Studios,"Feb 8, 2018",39.99
536b3cf0,2026-06-07,02:29:55,359550,TOM CLANCY'S RAINBOW SIX SIEGE,10,93441,Action,Ubisoft Montreal,"Dec 1, 2015",0.0
966b0527,2026-06-07,02:29:55,1172470,APEX LEGENDS™,11,93245,Action,Respawn,"4 Nov, 2020",0.0
12d1f9b8,2026-06-07,02:29:55,2868840,SLAY THE SPIRE 2,12,89964,Indie,Mega Crit,"Mar 5, 2026",24.99
bfe444e2,2026-06-07,02:29:55,2767030,MARVEL RIVALS,13,86246,Action,NetEase Games,"5 Dec, 2024",0.0
1916a8bc,2026-06-07,02:29:55,431960,WALLPAPER ENGINE,14,73637,Casual,Wallpaper Engine Team,"Nov 16, 2018",4.99
6b99e85a,2026-06-07,02:29:55,2357570,OVERWATCH®,15,64832,Action,"Blizzard Entertainment, Inc.","Aug 10, 2023",0.0
951ef1cd,2026-06-07,02:29:55,438100,VRCHAT,16,63459,Adventure,VRChat Inc.,"1 Feb, 2017",0.0
c4a57dc7,2026-06-07,02:29:55,1422450,DEADLOCK,17,0,Action,Valve,To be announced,0.0
dc4755b0,2026-06-07,02:29:55,413150,STARDEW VALLEY,18,58425,Indie,ConcernedApe,"Feb 26, 2016",14.99
281e9258,2026-06-07,02:29:55,230410,WARFRAME,19,55798,Action,Digital Extremes,"25 Mar, 2013",0.0
a8451a29,2026-06-07,02:29:55,381210,DEAD BY DAYLIGHT,20,55595,Action,Behaviour Interactive Inc.,"Jun 14, 2016",7.99
1c450d3b,2026-06-07,02:29:55,2507950,DELTA FORCE,21,54307,Action,Team Jade,"4 Dec, 2024",0.0
8d20552f,2026-06-07,02:29:55,1086940,BALDUR'S GATE 3,22,50703,Adventure,Larian Studios,"Aug 3, 2023",59.99
c6f442f4,2026-06-07,02:29:55,322170,GEOMETRY DASH,23,50245,Action,RobTop Games,"Dec 22, 2014",4.99
64b5cfa9,2026-06-07,02:29:55,3405690,EA SPORTS FC™ 26,24,48850,Simulation,EA Canada,"25 Sep, 2025",20.99
8f6ec247,2026-06-07,02:29:55,440,TEAM FORTRESS 2,25,47993,Action,Valve,"Oct 10, 2007",0.0
33c05079,2026-06-07,02:29:55,1808500,ARC RAIDERS,26,47738,Action,Embark Studios,"30 Oct, 2025",39.99
d47e6c43,2026-06-07,02:29:55,3241660,R.E.P.O.,27,47056,Action,semiwork,"Feb 26, 2025",9.99
cab02ba9,2026-06-07,02:29:55,271590,GRAND THEFT AUTO V LEGACY,28,46290,Action,Rockstar North,"Apr 13, 2015",0.0
3a25a767,2026-06-07,02:29:55,236390,WAR THUNDER,29,41908,Action,Gaijin Entertainment,"Aug 15, 2013",0.0
cf20973a,2026-06-07,02:29:55,1938090,CALL OF DUTY®,30,40321,Action,Treyarch,"Oct 27, 2022",0.0
a97cb868,2026-06-07,02:29:55,3240220,GRAND THEFT AUTO V ENHANCED,31,40310,Action,Rockstar North,"Mar 4, 2025",19.79
f98d6ea1,2026-06-07,02:29:55,2807960,BATTLEFIELD™ 6,32,38930,Action,Battlefield Studios,"10 Oct, 2025",41.99
8a8e67ce,2026-06-07,02:29:55,550,LEFT 4 DEAD 2,33,38046,Action,Valve,"Nov 16, 2009",9.99
ee94cb6e,2026-06-07,02:29:55,552990,WORLD OF WARSHIPS,34,35780,Action,Wargaming Group Limited,"Nov 15, 2017",0.0
b904925c,2026-06-07,02:29:55,1973530,LIMBUS COMPANY,35,35764,Other,ProjectMoon,"26 Feb, 2023",0.0
c290ae96,2026-06-07,02:29:55,1245620,ELDEN RING,36,35046,Action,"FromSoftware, Inc.","Feb 24, 2022",59.99
4d8399f2,2026-06-07,02:29:55,1366800,CROSSHAIR X,37,34593,Action,CenterPoint Gaming,"Aug 17, 2020",9.99
d4812bdd,2026-06-07,02:29:55,1085660,DESTINY 2,38,34061,Action,Bungie,"Oct 1, 2019",0.0
4aaa4702,2026-06-07,02:29:55,221100,DAYZ,39,33996,Action,Bohemia Interactive,"Dec 13, 2018",49.99
6f0afd3a,2026-06-07,02:29:55,3321460,CRIMSON DESERT,40,31574,Action,Pearl Abyss,"Mar 19, 2026",69.99
bbfb0cb2,2026-06-07,02:29:55,39210,FINAL FANTASY XIV ONLINE,41,31239,Massively Multiplayer,Square Enix,"Feb 18, 2014",19.99
29952f1e,2026-06-07,02:29:55,553850,HELLDIVERS™ 2,42,30489,Action,Arrowhead Game Studios,"8 Feb, 2024",39.99
6bd4bb0e,2026-06-07,02:29:55,3065800,MARATHON,43,30055,Action,Bungie,"Mar 5, 2026",31.99
a497bdd2,2026-06-07,02:29:55,289070,SID MEIER’S CIVILIZATION® VI,44,29583,Strategy,Firaxis Games,"Oct 21, 2016",59.99
254ebd29,2026-06-07,02:29:55,489830,THE ELDER SCROLLS V: SKYRIM SPECIAL EDITION,45,29295,RPG,Bethesda Game Studios,"Oct 27, 2016",39.99
7ab63cef,2026-06-07,02:29:55,2399830,ARK: SURVIVAL ASCENDED,46,29115,Action,Studio Wildcard,"Oct 25, 2023",44.99
3aa42010,2026-06-07,02:29:55,294100,RIMWORLD,47,28960,Indie,Ludeon Studios,"Oct 17, 2018",34.99
d5db582f,2026-06-07,02:29:55,394360,HEARTS OF IRON IV,48,28873,Simulation,Paradox Development Studio,"Jun 6, 2016",49.99
f8e4d454,2026-06-07,02:29:55,108600,PROJECT ZOMBOID,49,28305,Indie,The Indie Stone,"Nov 8, 2013",19.99
622c6e17,2026-06-07,02:29:55,218620,PAYDAY 2,50,27202,Action,OVERKILL - a Starbreeze Studio.,"Aug 13, 2013",9.99
29f726e4,2026-06-07,02:29:55,3472040,NBA 2K26,51,26829,Sports,Visual Concepts,"Sep 4, 2025",19.99
3192ab2b,2026-06-07,02:29:55,4465480,COUNTER-STRIKE:GLOBAL OFFENSIVE,52,25905,Action,Valve,"Aug 21, 2012",0.0
af52f6ce,2026-06-07,02:29:55,1962700,SUBNAUTICA 2,53,26404,Action,Unknown Worlds Entertainment,"May 14, 2026",29.99
bb10a20a,2026-06-07,02:29:55,105600,TERRARIA,54,25712,Action,Re-Logic,"May 16, 2011",9.99
b93c6302,2026-06-07,02:29:55,1281930,TMODLOADER,55,25087,Action,TML Team,"May 16, 2020",0.0
caa4db40,2026-06-07,02:29:55,1174180,RED DEAD REDEMPTION 2,56,24412,Action,Rockstar Games,"Dec 5, 2019",59.99
491beb9a,2026-06-07,02:29:55,526870,SATISFACTORY,57,24528,Adventure,Coffee Stain Studios,"Sep 10, 2024",27.99
429ed9ae,2026-06-07,02:29:55,1623730,PALWORLD,58,24552,Action,Pocketpair,"Jan 19, 2024",29.99
90dd309a,2026-06-07,02:29:55,3768760,007 FIRST LIGHT,59,24566,Action,IO Interactive A/S,"May 26, 2026",69.99
3afe34f4,2026-06-07,02:29:55,1222670,THE SIMS™ 4,60,24155,Adventure,Maxis,"Jun 18, 2020",0.0
086735be,2026-06-07,02:29:55,1091500,CYBERPUNK 2077,61,23744,RPG,CD PROJEKT RED,"Dec 9, 2020",20.99
00075797,2026-06-07,02:29:55,1142710,TOTAL WAR: WARHAMMER III,62,23645,Action,CREATIVE ASSEMBLY,"Feb 17, 2022",59.99
89fa2db1,2026-06-07,02:29:55,240,COUNTER-STRIKE: SOURCE,63,22187,Action,Valve,"1 Nov, 2004",5.79
f494578a,2026-06-07,02:29:55,1364780,STREET FIGHTER™ 6,64,22221,Action,"CAPCOM Co., Ltd.","Jun 1, 2023",19.99
1ad32016,2026-06-07,02:29:55,251570,7 DAYS TO DIE,65,22193,Action,The Fun Pimps,"Jul 25, 2024",44.99
5a12f4ee,2026-06-07,02:29:55,4000,GARRY'S MOD,66,20733,Casual,Facepunch Studios,"Nov 29, 2006",4.99
6b741e40,2026-06-07,02:29:55,2246340,MONSTER HUNTER WILDS,67,20925,Action,"CAPCOM Co., Ltd.","27 Feb, 2025",22.04
cf4c5100,2026-06-07,02:29:55,813780,AGE OF EMPIRES II: DEFINITIVE EDITION,68,20021,Strategy,World's Edge,"Nov 14, 2019",12.24
cecf1078,2026-06-07,02:29:55,3551340,FOOTBALL MANAGER 26,69,19675,Simulation,Sports Interactive,"Nov 4, 2025",59.99
1835e199,2026-06-07,02:29:55,252950,ROCKET LEAGUE®,70,19383,Action,Psyonix LLC,"Jul 7, 2015",0.0
fcaccc40,2026-06-07,02:29:55,2923300,BANANA,71,18344,Adventure,Sky,"Apr 23, 2024",0.0
357f8196,2026-06-07,02:29:55,1203220,NARAKA: BLADEPOINT,72,19018,Action,24 Entertainment,"11 Aug, 2021",0.0
877e8a3c,2026-06-07,02:29:55,322330,DON'T STARVE TOGETHER,73,18995,Action,Klei Entertainment,"Apr 21, 2016",14.99
4fb0aeaf,2026-06-07,02:29:55,2622380,ELDEN RING NIGHTREIGN,74,18987,Action,"FromSoftware, Inc.","29 May, 2025",39.99
1e6a693b,2026-06-07,02:29:55,1118520,PARALIVES,75,18725,Simulation,Alex Massé and team,"25 May, 2026",44.99
147b9962,2026-06-07,02:29:55,275850,NO MAN'S SKY,76,18771,Action,Hello Games,"Aug 12, 2016",59.99
cd6a12fc,2026-06-07,02:29:55,346110,ARK: SURVIVAL EVOLVED,77,18530,Action,Studio Wildcard,"Aug 27, 2017",14.99
f16a719a,2026-06-07,02:29:55,1449850,YU-GI-OH! MASTER DUEL,78,18479,Simulation,KONAMI,"18 Jan, 2022",0.0
9b839199,2026-06-07,02:29:55,261550,MOUNT & BLADE II: BANNERLORD,79,17977,Action,TaleWorlds Entertainment,"Oct 25, 2022",24.99
10df1c85,2026-06-07,02:29:55,2183900,"WARHAMMER 40,000: SPACE MARINE 2",80,17662,Action,Saber Interactive,"9 Sep, 2024",17.99
3d0ff01b,2026-06-07,02:29:55,1326470,SONS OF THE FOREST,81,17365,Action,Endnight Games Ltd,"22 Feb, 2024",8.69
905186dc,2026-06-07,02:29:55,1665460,EFOOTBALL™,82,17223,Simulation,KONAMI,"Sep 29, 2021",0.0
9a14f6bb,2026-06-07,02:29:55,3041230,WINDROSE,83,17159,Action,Kraken Express,"Apr 14, 2026",29.99
f59514cf,2026-06-07,02:29:55,582660,BLACK DESERT,84,17043,Action,Pearl Abyss,"May 24, 2017",0.99
c4eebf9d,2026-06-07,02:29:55,284160,BEAMNG.DRIVE,85,17063,Racing,BeamNG,"May 29, 2015",24.99
af3d33d5,2026-06-07,02:29:55,250900,THE BINDING OF ISAAC: REBIRTH,86,16985,Action,"Nicalis, Inc.","Nov 4, 2014",14.99
dbec8d3c,2026-06-07,02:29:55,3527290,PEAK,87,16900,Action,Team PEAK,"16 Jun, 2025",7.49
9c861f08,2026-06-07,02:29:55,582010,MONSTER HUNTER: WORLD,88,16756,Action,"CAPCOM Co., Ltd.","Aug 8, 2018",7.79
efb33769,2026-06-07,02:29:55,1158310,CRUSADER KINGS III,89,16414,RPG,Paradox Development Studio,"Sep 1, 2020",14.99
560efc3f,2026-06-07,02:29:55,427520,FACTORIO,90,16390,Casual,Wube Software LTD.,"Aug 14, 2020",35.0
010f3d0f,2026-06-07,02:29:55,2050650,RESIDENT EVIL 4,91,16322,Action,"CAPCOM Co., Ltd.","23 Mar, 2023",9.99
3f7c640f,2026-06-07,02:29:55,2300320,FARMING SIMULATOR 25,92,15944,Simulation,GIANTS Software,"Nov 12, 2024",29.99
be30ce32,2026-06-07,02:29:55,2344520,DIABLO® IV,93,16015,Action,"Blizzard Entertainment, Inc.","Oct 17, 2023",49.99
fd606e91,2026-06-07,02:29:55,440900,CONAN EXILES ENHANCED,94,15866,Action,Funcom,"May 8, 2018",29.99
eaffd1dd,2026-06-07,02:29:55,4128580,BIDKING,95,15925,Casual,MindSurge Network & Games,"Apr 15, 2026",2.99
3974872d,2026-06-07,02:29:55,1297900,GOTHIC 1 REMAKE,96,15023,Action,Alkimia Interactive,"5 Jun, 2026",33.99
4b2632ab,2026-06-07,02:29:55,892970,VALHEIM,97,15342,Action,Iron Gate AB,"Feb 2, 2021",9.99
11b094d4,2026-06-07,02:29:55,3513350,WUTHERING WAVES,98,15112,Action,KURO GAMES,"Apr 28, 2025",0.0
cdfdb7c5,2026-06-07,02:29:55,227300,EURO TRUCK SIMULATOR 2,99,14934,Indie,SCS Software,"Oct 12, 2012",19.99
ee0af30d,2026-06-07,02:29:55,3932890,ESCAPE FROM TARKOV,100,14951,Action,Battlestate Games,"Nov 15, 2025",49.99
13f299d4,2026-06-07,02:29:55,264710,SUBNAUTICA,,11844,Adventure,Unknown Worlds Entertainment,"Jan 23, 2018",7.49
f105df64,2026-06-07,02:29:55,2646460,SOULMASK,,3768,Adventure,CampFire Studio,"Apr 9, 2026",29.99
60c92543,2026-06-07,02:29:55,1295660,SID MEIER'S CIVILIZATION VII,,11747,Simulation,Firaxis Games,"Feb 10, 2025",41.99
71797e95,2026-06-07,02:29:55,8930,SID MEIER'S CIVILIZATION® V,,13574,Strategy,Firaxis Games,"Sep 21, 2010",29.99
6d8b4491,2026-06-07,02:29:55,376210,THE ISLE,,12707,Action,Afterthought LLC,"Dec 1, 2015",19.99
31d83d89,2026-06-07,02:29:55,3164500,SCHEDULE I,,11899,Action,TVGS,"Mar 24, 2025",19.99
fb79527e,2026-06-07,02:29:55,960090,BLOONS TD 6,,9292,Strategy,Ninja Kiwi,"Dec 17, 2018",13.99
c914a64c,2026-06-07,02:29:55,3892270,GAMBLE WITH YOUR FRIENDS,,12354,Adventure,SkyBrave,"1 May, 2026",4.95
402461da,2026-06-07,02:29:55,1604030,V RISING,,6024,Action,Stunlock Studios,"May 8, 2024",15.74
881fc1a4,2026-06-07,02:29:55,2479810,GRAY ZONE WARFARE,,5334,Action,"MADFINGER Games, a.s.","Apr 30, 2024",39.99
1c881e08,2026-06-07,02:29:55,2584990,SHADOWVERSE: WORLDS BEYOND,,5777,Casual,"Cygames, Inc.","Jun 14, 2025",0.0
d5b9a991,2026-06-07,02:29:55,2073620,ARENA BREAKOUT: INFINITE,,14655,Action,Morefun Studios,"Sep 15, 2025",0.0
fb6a84ea,2026-06-07,02:29:55,238960,PATH OF EXILE,,3766,Action,Grinding Gear Games,"23 Oct, 2013",0.0
a8f35b73,2026-06-07,02:29:55,220200,KERBAL SPACE PROGRAM,,6740,Indie,Squad,"Apr 27, 2015",39.99
484627fc,2026-06-07,02:29:55,1623660,MIR4,,11516,Action,Wemade Next,"Aug 25, 2021",0.0
c016b1a7,2026-06-07,02:29:55,291550,BRAWLHALLA,,12627,Action,Blue Mammoth Games,"Oct 17, 2017",0.0
cc05b104,2026-06-07,02:29:55,1905180,OBS STUDIO,,14808,Utilities,OBS Project,"Mar 21, 2022",0.0
f28b09e4,2026-06-07,02:29:55,1144200,READY OR NOT,,10391,Action,VOID Interactive,"Dec 13, 2023",24.99
da1efec8,2026-06-07,02:29:55,1716740,STARFIELD,,5727,RPG,Bethesda Game Studios,"Sep 5, 2023",49.99
d16b63a6,2026-06-07,02:29:55,1974050,TORCHLIGHT: INFINITE,,761,Action,XD,"May 9, 2023",0.0
d52bf4a4,2026-06-07,02:29:55,3105440,HEROES OF MIGHT AND MAGIC: OLDEN ERA,,6747,RPG,Unfrozen,"Apr 30, 2026",29.99
a2e3d86b,2026-06-07,02:29:55,3124540,FAR FAR WEST,,6104,Action,Evil Raptor,"Apr 28, 2026",17.99
c95bb636,2026-06-07,02:29:55,216150,MAPLESTORY,,10552,Action,NEXON Korea Corporation,"Aug 9, 2012",0.0
01c281d8,2026-06-07,02:29:55,3265700,VAMPIRE CRAWLERS: THE TURBO WILDCARD FROM VAMPIRE SURVIVORS,,2155,Action,poncle,"Apr 21, 2026",9.99
ffc8085f,2026-06-07,02:29:55,594650,HUNT: SHOWDOWN 1896,,11290,Action,Crytek,"Aug 27, 2019",13.49
5cf46ce6,2026-06-07,02:29:55,1874880,ARMA REFORGER,,11922,Action,Bohemia Interactive,"Nov 16, 2023",39.99
3d443a21,2026-06-07,02:29:55,3224770,UMAMUSUME: PRETTY DERBY,,7477,Simulation,"Cygames, Inc.","24 Jun, 2025",0.0
e906c1d8,2026-06-07,02:29:55,3780860,HELL LET LOOSE VIETNAM: PLAYTEST,,0,Other,,"Apr 20, 2026",0.0
54ea43b8,2026-06-07,02:29:55,2707930,PALIA,,10208,Adventure,Singularity 6 Corporation,"Mar 25, 2024",0.0
cc04bccf,2026-06-07,02:29:55,281990,STELLARIS,,13764,Simulation,Paradox Development Studio,"May 9, 2016",39.99
faccf3aa,2026-06-07,02:29:55,3764200,RESIDENT EVIL REQUIEM,,9099,Action,"CAPCOM Co., Ltd.","Feb 26, 2026",69.99
83d84cff,2026-06-07,02:29:55,629520,SOUNDPAD,,11202,Audio Production,Leppsoft,"Sep 30, 2017",4.99
bff11e69,2026-06-07,02:29:55,377160,FALLOUT 4,,11764,RPG,Bethesda Game Studios,"Nov 9, 2015",19.99
c5b6e377,2026-06-07,02:29:55,739630,PHASMOPHOBIA,,10661,Action,Kinetic Games,"Sep 18, 2020",19.99
9321af87,2026-06-07,02:29:55,1476970,IDLEON,,9129,Casual,Lavaflame2,"Nov 6, 2025",0.0
46765d16,2026-06-07,02:29:55,2073850,THE FINALS,,12879,Action,Embark Studios,"Dec 7, 2023",0.0
7c68218b,2026-06-07,02:29:55,3564740,WHERE WINDS MEET,,13484,Action,Everstone Studio,"14 Nov, 2025",0.0
e115c92d,2026-06-07,02:29:55,4025700,HEARTOPIA,,10977,Casual,XD,"16 Jan, 2026",0.0
30d1a24f,2026-06-07,02:29:55,270880,AMERICAN TRUCK SIMULATOR,,9585,Indie,SCS Software,"Feb 2, 2016",4.99
bc50688a,2026-06-07,02:29:55,3357650,PRAGMATA,,3154,Action,"CAPCOM Co., Ltd.","Apr 17, 2026",59.99
d2234ede,2026-06-07,02:29:55,4197610,LIBRARIAN: TIDY UP THE ARCANE LIBRARY!,,11943,Casual,ArtRising,"Apr 30, 2026",5.99
ba988976,2026-06-07,02:29:55,2119830,MISERY,,1141,Action,Platypus Entertainment,"23 Oct, 2025",8.41
fd83c9bd,2026-06-07,02:29:55,1203620,ENSHROUDED,,9377,Action,Keen Games GmbH,"Jan 24, 2024",23.99
bdb9febe,2026-06-07,02:29:55,304930,UNTURNED,,12257,Action,Smartly Dressed Games,"Jul 7, 2017",0.0
df4ccc08,2026-06-07,02:29:55,306130,THE ELDER SCROLLS® ONLINE,,10135,Action,ZeniMax Online Studios,"May 22, 2017",19.99
b3d808f7,2026-06-07,02:29:55,2252570,FOOTBALL MANAGER 2024,,12209,Simulation,Sports Interactive,"Nov 6, 2023",0.0
8c695a84,2026-06-07,02:29:55,2215200,LEGO® BATMAN™: LEGACY OF THE DARK KNIGHT,,8015,Action,TT Games,"22 May, 2026",28999.0
bb96034f,2026-06-07,02:29:55,2605790,DEEP ROCK GALACTIC: ROGUE CORE,,4186,Action,Ghost Ship Games,"20 May, 2026",29.99
fc391b59,2026-06-07,02:29:55,3679080,THE SEVEN DEADLY SINS: ORIGIN,,6842,Action,Netmarble F&C,"Mar 16, 2026",0.0
bc2d4deb,2026-06-08,02:34:54,730,COUNTER-STRIKE 2,1,597691,Action,Valve,"21 Aug, 2012",0.0
3f796035,2026-06-08,02:34:54,3678970,TBH: TASK BAR HERO,2,344136,Casual,Nugem Studio,"27 May, 2026",0.0
c3680307,2026-06-08,02:34:54,570,DOTA 2,3,333126,Action,Valve,"Jul 9, 2013",0.0
01674b6d,2026-06-08,02:34:54,2694490,PATH OF EXILE 2,4,179915,Action,Grinding Gear Games,"Dec 6, 2024",29.99
b38eecb4,2026-06-08,02:34:54,3419430,BONGO CAT,5,145492,Casual,Marcel Zurawka,"Mar 5, 2025",0.0
255325b9,2026-06-08,02:34:54,578080,PUBG: BATTLEGROUNDS,6,131334,Action,PUBG Corporation,"21 Dec, 2017",0.0
e5188caa,2026-06-08,02:34:54,2676230,FIVEM,7,117882,Other,,,0.0
283a1e40,2026-06-08,02:34:54,359550,TOM CLANCY'S RAINBOW SIX SIEGE,8,92554,Action,Ubisoft Montreal,"Dec 1, 2015",0.0
1d360395,2026-06-08,02:34:54,2483190,FORZA HORIZON 6,9,91420,Racing,Playground Games,"18 May, 2026",69.99
dc253825,2026-06-08,02:34:54,2767030,MARVEL RIVALS,10,86335,Action,NetEase Games,"5 Dec, 2024",0.0
75e916f7,2026-06-08,02:34:54,252490,RUST,11,83287,Action,Facepunch Studios,"Feb 8, 2018",39.99
4733c9ae,2026-06-08,02:34:54,2868840,SLAY THE SPIRE 2,12,80942,Indie,Mega Crit,"Mar 5, 2026",24.99
9bd2cd9e,2026-06-08,02:34:54,1172470,APEX LEGENDS™,13,73667,Action,Respawn,"4 Nov, 2020",0.0
6f57b030,2026-06-08,02:34:54,431960,WALLPAPER ENGINE,14,66082,Casual,Wallpaper Engine Team,"Nov 16, 2018",4.99
bb53b4a0,2026-06-08,02:34:54,2357570,OVERWATCH®,15,60992,Action,"Blizzard Entertainment, Inc.","Aug 10, 2023",0.0
1613007b,2026-06-08,02:34:54,1422450,DEADLOCK,16,0,Action,Valve,To be announced,0.0
845b4d62,2026-06-08,02:34:54,552990,WORLD OF WARSHIPS,17,53668,Action,Wargaming Group Limited,"Nov 15, 2017",0.0
d794ccdc,2026-06-08,02:34:54,230410,WARFRAME,18,53271,Action,Digital Extremes,"25 Mar, 2013",0.0
4a0a33fa,2026-06-08,02:34:54,381210,DEAD BY DAYLIGHT,19,52800,Action,Behaviour Interactive Inc.,"Jun 14, 2016",7.99
0c09a4f2,2026-06-08,02:34:54,413150,STARDEW VALLEY,20,52492,Indie,ConcernedApe,"Feb 26, 2016",14.99
a6fdd875,2026-06-08,02:34:54,438100,VRCHAT,21,51064,Adventure,VRChat Inc.,"1 Feb, 2017",0.0
69d86b51,2026-06-08,02:34:54,1086940,BALDUR'S GATE 3,22,47691,Adventure,Larian Studios,"Aug 3, 2023",59.99
87b9982d,2026-06-08,02:34:54,440,TEAM FORTRESS 2,23,47670,Action,Valve,"Oct 10, 2007",0.0
a9023f54,2026-06-08,02:34:54,1808500,ARC RAIDERS,24,45908,Action,Embark Studios,"30 Oct, 2025",39.99
90dec5e8,2026-06-08,02:34:54,322170,GEOMETRY DASH,25,43678,Action,RobTop Games,"Dec 22, 2014",4.99
9c223f6f,2026-06-08,02:34:54,3405690,EA SPORTS FC™ 26,26,43633,Simulation,EA Canada,"25 Sep, 2025",20.99
a96a5f89,2026-06-08,02:34:54,2507950,DELTA FORCE,27,42998,Action,Team Jade,"4 Dec, 2024",0.0
3882d20e,2026-06-08,02:34:54,3241660,R.E.P.O.,28,42446,Action,semiwork,"Feb 26, 2025",9.99
d1e59c63,2026-06-08,02:34:54,271590,GRAND THEFT AUTO V LEGACY,29,41571,Action,Rockstar North,"Apr 13, 2015",0.0
48d0d3ff,2026-06-08,02:34:54,1938090,CALL OF DUTY®,30,36719,Action,Treyarch,"Oct 27, 2022",0.0
13e80ad7,2026-06-08,02:34:54,550,LEFT 4 DEAD 2,31,35192,Action,Valve,"Nov 16, 2009",9.99
456139b3,2026-06-08,02:34:54,2807960,BATTLEFIELD™ 6,32,34167,Action,Battlefield Studios,"10 Oct, 2025",41.99
4959314c,2026-06-08,02:34:54,1085660,DESTINY 2,33,34176,Action,Bungie,"Oct 1, 2019",0.0
e8c77dbb,2026-06-08,02:34:54,3240220,GRAND THEFT AUTO V ENHANCED,34,33905,Action,Rockstar North,"Mar 4, 2025",19.79
95e3d01c,2026-06-08,02:34:54,236390,WAR THUNDER,35,33488,Action,Gaijin Entertainment,"Aug 15, 2013",0.0
0515eac8,2026-06-08,02:34:54,1366800,CROSSHAIR X,36,33361,Action,CenterPoint Gaming,"Aug 17, 2020",9.99
4398965c,2026-06-08,02:34:54,3513350,WUTHERING WAVES,37,32964,Action,KURO GAMES,"Apr 28, 2025",0.0
c46a4d08,2026-06-08,02:34:54,1245620,ELDEN RING,38,31437,Action,"FromSoftware, Inc.","Feb 24, 2022",59.99
b4dd6c2d,2026-06-08,02:34:54,221100,DAYZ,39,30233,Action,Bohemia Interactive,"Dec 13, 2018",49.99
44408c8d,2026-06-08,02:34:54,39210,FINAL FANTASY XIV ONLINE,40,28450,Massively Multiplayer,Square Enix,"Feb 18, 2014",19.99
8ecc698d,2026-06-08,02:34:54,4465480,COUNTER-STRIKE:GLOBAL OFFENSIVE,41,28654,Action,Valve,"Aug 21, 2012",0.0
336c4564,2026-06-08,02:34:54,3065800,MARATHON,42,28258,Action,Bungie,"Mar 5, 2026",31.99
1620f61b,2026-06-08,02:34:54,489830,THE ELDER SCROLLS V: SKYRIM SPECIAL EDITION,43,27977,RPG,Bethesda Game Studios,"Oct 27, 2016",39.99
1247c8e3,2026-06-08,02:34:54,218620,PAYDAY 2,44,26641,Action,OVERKILL - a Starbreeze Studio.,"Aug 13, 2013",9.99
c3126a86,2026-06-08,02:34:54,553850,HELLDIVERS™ 2,45,26235,Action,Arrowhead Game Studios,"8 Feb, 2024",39.99
01e50d61,2026-06-08,02:34:54,108600,PROJECT ZOMBOID,46,25826,Indie,The Indie Stone,"Nov 8, 2013",19.99
bd7a5403,2026-06-08,02:34:54,3321460,CRIMSON DESERT,47,24600,Action,Pearl Abyss,"Mar 19, 2026",69.99
d0adb7a7,2026-06-08,02:34:54,294100,RIMWORLD,48,24750,Indie,Ludeon Studios,"Oct 17, 2018",34.99
9216c4b7,2026-06-08,02:34:54,1973530,LIMBUS COMPANY,49,24520,Other,ProjectMoon,"26 Feb, 2023",0.0
d6c4e28a,2026-06-08,02:34:54,289070,SID MEIER’S CIVILIZATION® VI,50,24011,Strategy,Firaxis Games,"Oct 21, 2016",59.99
0c604583,2026-06-08,02:34:54,526870,SATISFACTORY,51,23002,Adventure,Coffee Stain Studios,"Sep 10, 2024",27.99
722e8a94,2026-06-08,02:34:54,1222670,THE SIMS™ 4,52,23001,Adventure,Maxis,"Jun 18, 2020",0.0
aae01d36,2026-06-08,02:34:54,240,COUNTER-STRIKE: SOURCE,53,22585,Action,Valve,"1 Nov, 2004",5.79
06eb9174,2026-06-08,02:34:54,2399830,ARK: SURVIVAL ASCENDED,54,22426,Action,Studio Wildcard,"Oct 25, 2023",44.99
73208d40,2026-06-08,02:34:54,394360,HEARTS OF IRON IV,55,22304,Simulation,Paradox Development Studio,"Jun 6, 2016",49.99
3e6580fd,2026-06-08,02:34:54,1962700,SUBNAUTICA 2,56,22143,Action,Unknown Worlds Entertainment,"May 14, 2026",29.99
e4b73260,2026-06-08,02:34:54,1623730,PALWORLD,57,22201,Action,Pocketpair,"Jan 19, 2024",29.99
b1014fd9,2026-06-08,02:34:54,105600,TERRARIA,58,22140,Action,Re-Logic,"May 16, 2011",9.99
6a23c8f0,2026-06-08,02:34:54,2923300,BANANA,59,21323,Adventure,Sky,"Apr 23, 2024",0.0
eda3aa38,2026-06-08,02:34:54,1281930,TMODLOADER,60,21462,Action,TML Team,"May 16, 2020",0.0
f14de1fc,2026-06-08,02:34:54,3472040,NBA 2K26,61,21041,Sports,Visual Concepts,"Sep 4, 2025",19.99
f3aab777,2026-06-08,02:34:54,1091500,CYBERPUNK 2077,62,20885,RPG,CD PROJEKT RED,"Dec 9, 2020",20.99
144d259e,2026-06-08,02:34:54,1174180,RED DEAD REDEMPTION 2,63,20704,Action,Rockstar Games,"Dec 5, 2019",59.99
54ae315e,2026-06-08,02:34:54,3768760,007 FIRST LIGHT,64,19966,Action,IO Interactive A/S,"May 26, 2026",69.99
2bd4cce9,2026-06-08,02:34:54,252950,ROCKET LEAGUE®,65,19269,Action,Psyonix LLC,"Jul 7, 2015",0.0
98fa0822,2026-06-08,02:34:54,1142710,TOTAL WAR: WARHAMMER III,66,19058,Action,CREATIVE ASSEMBLY,"Feb 17, 2022",59.99
fa068377,2026-06-08,02:34:54,251570,7 DAYS TO DIE,67,18421,Action,The Fun Pimps,"Jul 25, 2024",44.99
2f7b1cb0,2026-06-08,02:34:54,813780,AGE OF EMPIRES II: DEFINITIVE EDITION,68,18368,Strategy,World's Edge,"Nov 14, 2019",12.24
ff69c6f3,2026-06-08,02:34:54,4000,GARRY'S MOD,69,18017,Casual,Facepunch Studios,"Nov 29, 2006",4.99
712ffdd8,2026-06-08,02:34:54,1326470,SONS OF THE FOREST,70,18058,Action,Endnight Games Ltd,"22 Feb, 2024",8.69
2317a0d0,2026-06-08,02:34:54,275850,NO MAN'S SKY,71,16802,Action,Hello Games,"Aug 12, 2016",59.99
a4f7cdf1,2026-06-08,02:34:54,1118520,PARALIVES,72,16760,Simulation,Alex Massé and team,"25 May, 2026",44.99
c6b4b697,2026-06-08,02:34:54,2246340,MONSTER HUNTER WILDS,73,16566,Action,"CAPCOM Co., Ltd.","27 Feb, 2025",22.04
f516a010,2026-06-08,02:34:54,250900,THE BINDING OF ISAAC: REBIRTH,74,16085,Action,"Nicalis, Inc.","Nov 4, 2014",14.99
4aa92198,2026-06-08,02:34:54,3551340,FOOTBALL MANAGER 26,75,16004,Simulation,Sports Interactive,"Nov 4, 2025",59.99
12093297,2026-06-08,02:34:54,582660,BLACK DESERT,76,15911,Action,Pearl Abyss,"May 24, 2017",0.99
0f19d525,2026-06-08,02:34:54,284160,BEAMNG.DRIVE,77,15383,Racing,BeamNG,"May 29, 2015",24.99
354fe7f7,2026-06-08,02:34:54,1665460,EFOOTBALL™,78,15625,Simulation,KONAMI,"Sep 29, 2021",0.0
279ecf7c,2026-06-08,02:34:54,892970,VALHEIM,79,15608,Action,Iron Gate AB,"Feb 2, 2021",9.99
7d25d919,2026-06-08,02:34:54,1943950,ESCAPE THE BACKROOMS,80,15386,Action,Fancy Games,"Oct 23, 2025",7.99
c35ccb7f,2026-06-08,02:34:54,3564740,WHERE WINDS MEET,81,15394,Action,Everstone Studio,"14 Nov, 2025",0.0
0ce797d0,2026-06-08,02:34:54,3892270,GAMBLE WITH YOUR FRIENDS,82,15105,Adventure,SkyBrave,"1 May, 2026",4.95
729f5b40,2026-06-08,02:34:54,346110,ARK: SURVIVAL EVOLVED,83,15000,Action,Studio Wildcard,"Aug 27, 2017",14.99
381fd887,2026-06-08,02:34:54,322330,DON'T STARVE TOGETHER,84,14246,Action,Klei Entertainment,"Apr 21, 2016",14.99
65fb1d87,2026-06-08,02:34:54,427520,FACTORIO,85,14766,Casual,Wube Software LTD.,"Aug 14, 2020",35.0
0358e23e,2026-06-08,02:34:54,2183900,"WARHAMMER 40,000: SPACE MARINE 2",86,14790,Action,Saber Interactive,"9 Sep, 2024",17.99
85fac01b,2026-06-08,02:34:54,3527290,PEAK,87,14737,Action,Team PEAK,"16 Jun, 2025",7.49
03a3ca9a,2026-06-08,02:34:54,2300320,FARMING SIMULATOR 25,88,14597,Simulation,GIANTS Software,"Nov 12, 2024",29.99
7d355b7e,2026-06-08,02:34:54,3041230,WINDROSE,89,14326,Action,Kraken Express,"Apr 14, 2026",29.99
ab2fe7a9,2026-06-08,02:34:54,1158310,CRUSADER KINGS III,90,14336,RPG,Paradox Development Studio,"Sep 1, 2020",14.99
0737ac3c,2026-06-08,02:34:54,261550,MOUNT & BLADE II: BANNERLORD,91,14350,Action,TaleWorlds Entertainment,"Oct 25, 2022",24.99
f92f1a54,2026-06-08,02:34:54,2050650,RESIDENT EVIL 4,92,14055,Action,"CAPCOM Co., Ltd.","23 Mar, 2023",9.99
61e03aa6,2026-06-08,02:34:54,1364780,STREET FIGHTER™ 6,93,13682,Action,"CAPCOM Co., Ltd.","Jun 1, 2023",19.99
75ea32a4,2026-06-08,02:34:54,440900,CONAN EXILES ENHANCED,94,13683,Action,Funcom,"May 8, 2018",29.99
198a41af,2026-06-08,02:34:54,2622380,ELDEN RING NIGHTREIGN,95,13563,Action,"FromSoftware, Inc.","29 May, 2025",39.99
2a8605be,2026-06-08,02:34:54,2344520,DIABLO® IV,96,13382,Action,"Blizzard Entertainment, Inc.","Oct 17, 2023",49.99
e073c971,2026-06-08,02:34:54,1905180,OBS STUDIO,97,13459,Utilities,OBS Project,"Mar 21, 2022",0.0
46c35613,2026-06-08,02:34:54,1449850,YU-GI-OH! MASTER DUEL,98,13343,Simulation,KONAMI,"18 Jan, 2022",0.0
a447acb7,2026-06-08,02:34:54,2073850,THE FINALS,99,13152,Action,Embark Studios,"Dec 7, 2023",0.0
4fe5f91d,2026-06-08,02:34:54,1297900,GOTHIC 1 REMAKE,100,13177,Action,Alkimia Interactive,"5 Jun, 2026",33.99
cf13b0d2,2026-06-08,02:34:54,1144200,READY OR NOT,,8687,Action,VOID Interactive,"Dec 13, 2023",24.99
6576afc9,2026-06-08,02:34:54,8930,SID MEIER'S CIVILIZATION® V,,12266,Strategy,Firaxis Games,"Sep 21, 2010",29.99
6d212fe6,2026-06-08,02:34:54,2584990,SHADOWVERSE: WORLDS BEYOND,,3836,Casual,"Cygames, Inc.","Jun 14, 2025",0.0
4ea69e85,2026-06-08,02:34:54,3780860,HELL LET LOOSE VIETNAM: PLAYTEST,,0,Other,,"Apr 20, 2026",0.0
03a39b1f,2026-06-08,02:34:54,2073620,ARENA BREAKOUT: INFINITE,,12482,Action,Morefun Studios,"Sep 15, 2025",0.0
86e95b37,2026-06-08,02:34:54,1623660,MIR4,,11269,Action,Wemade Next,"Aug 25, 2021",0.0
62a98576,2026-06-08,02:34:54,1604030,V RISING,,5316,Action,Stunlock Studios,"May 8, 2024",15.74
76eefe5c,2026-06-08,02:34:54,3124540,FAR FAR WEST,,5386,Action,Evil Raptor,"Apr 28, 2026",17.99
74565e52,2026-06-08,02:34:54,270880,AMERICAN TRUCK SIMULATOR,,8969,Indie,SCS Software,"Feb 2, 2016",4.99
43e8deb3,2026-06-08,02:34:54,227300,EURO TRUCK SIMULATOR 2,,10848,Indie,SCS Software,"Oct 12, 2012",19.99
416dbb2f,2026-06-08,02:34:54,3679080,THE SEVEN DEADLY SINS: ORIGIN,,5741,Action,Netmarble F&C,"Mar 16, 2026",0.0
575bdc26,2026-06-08,02:34:54,264710,SUBNAUTICA,,9761,Adventure,Unknown Worlds Entertainment,"Jan 23, 2018",7.49
24a023ad,2026-06-08,02:34:54,4025700,HEARTOPIA,,8704,Casual,XD,"16 Jan, 2026",0.0
567a9ec5,2026-06-08,02:34:54,304930,UNTURNED,,10163,Action,Smartly Dressed Games,"Jul 7, 2017",0.0
89b346c5,2026-06-08,02:34:54,594650,HUNT: SHOWDOWN 1896,,9133,Action,Crytek,"Aug 27, 2019",13.49
33518584,2026-06-08,02:34:54,377160,FALLOUT 4,,10886,RPG,Bethesda Game Studios,"Nov 9, 2015",19.99
8340d722,2026-06-08,02:34:54,2252570,FOOTBALL MANAGER 2024,,9709,Simulation,Sports Interactive,"Nov 6, 2023",0.0
783e25db,2026-06-08,02:34:54,960090,BLOONS TD 6,,8573,Strategy,Ninja Kiwi,"Dec 17, 2018",13.99
d6b512e4,2026-06-08,02:34:54,3224770,UMAMUSUME: PRETTY DERBY,,7169,Simulation,"Cygames, Inc.","24 Jun, 2025",0.0
7c58a39a,2026-06-08,02:34:54,376210,THE ISLE,,11069,Action,Afterthought LLC,"Dec 1, 2015",19.99
3337a1d3,2026-06-08,02:34:54,2605790,DEEP ROCK GALACTIC: ROGUE CORE,,3278,Action,Ghost Ship Games,"20 May, 2026",29.99
88b00a5b,2026-06-08,02:34:54,238960,PATH OF EXILE,,3425,Action,Grinding Gear Games,"23 Oct, 2013",0.0
4876297a,2026-06-08,02:34:54,220200,KERBAL SPACE PROGRAM,,6073,Indie,Squad,"Apr 27, 2015",39.99
68f8e5ea,2026-06-08,02:34:54,291550,BRAWLHALLA,,11534,Action,Blue Mammoth Games,"Oct 17, 2017",0.0
2088ad4d,2026-06-08,02:34:54,1974050,TORCHLIGHT: INFINITE,,532,Action,XD,"May 9, 2023",0.0
d018af31,2026-06-08,02:34:54,3265700,VAMPIRE CRAWLERS: THE TURBO WILDCARD FROM VAMPIRE SURVIVORS,,1809,Action,poncle,"Apr 21, 2026",9.99
5eb5876b,2026-06-08,02:34:54,582010,MONSTER HUNTER: WORLD,,12857,Action,"CAPCOM Co., Ltd.","Aug 8, 2018",7.79
81e132ab,2026-06-08,02:34:54,2479810,GRAY ZONE WARFARE,,4349,Action,"MADFINGER Games, a.s.","Apr 30, 2024",39.99
113016e5,2026-06-08,02:34:54,2707930,PALIA,,9650,Adventure,Singularity 6 Corporation,"Mar 25, 2024",0.0
63ec8038,2026-06-08,02:34:54,2215200,LEGO® BATMAN™: LEGACY OF THE DARK KNIGHT,,7461,Action,TT Games,"22 May, 2026",28999.0
7a3590f1,2026-06-08,02:34:54,739630,PHASMOPHOBIA,,10608,Action,Kinetic Games,"Sep 18, 2020",19.99
a4d7503a,2026-06-08,02:34:54,1295660,SID MEIER'S CIVILIZATION VII,,10176,Simulation,Firaxis Games,"Feb 10, 2025",41.99
f890d947,2026-06-08,02:34:54,1203220,NARAKA: BLADEPOINT,,11716,Action,24 Entertainment,"11 Aug, 2021",0.0
b1c148ed,2026-06-08,02:34:54,4197610,LIBRARIAN: TIDY UP THE ARCANE LIBRARY!,,10932,Casual,ArtRising,"Apr 30, 2026",5.99
5ef4e38c,2026-06-08,02:34:54,3164500,SCHEDULE I,,12139,Action,TVGS,"Mar 24, 2025",19.99
b4147f62,2026-06-08,02:34:54,281990,STELLARIS,,11768,Simulation,Paradox Development Studio,"May 9, 2016",39.99
ddff7ae9,2026-06-08,02:34:54,3764200,RESIDENT EVIL REQUIEM,,7745,Action,"CAPCOM Co., Ltd.","Feb 26, 2026",69.99
b3c7a628,2026-06-08,02:34:54,1874880,ARMA REFORGER,,10711,Action,Bohemia Interactive,"Nov 16, 2023",39.99
cb9b7a4d,2026-06-08,02:34:54,4128580,BIDKING,,12623,Casual,MindSurge Network & Games,"Apr 15, 2026",2.99
75e6bd3b,2026-06-08,02:34:54,3105440,HEROES OF MIGHT AND MAGIC: OLDEN ERA,,4584,RPG,Unfrozen,"Apr 30, 2026",29.99
cd9755de,2026-06-08,02:34:54,629520,SOUNDPAD,,10260,Audio Production,Leppsoft,"Sep 30, 2017",4.99
6b42956e,2026-06-08,02:34:54,2646460,SOULMASK,,2923,Adventure,CampFire Studio,"Apr 9, 2026",29.99
962ab8f9,2026-06-08,02:34:54,3932890,ESCAPE FROM TARKOV,,11942,Action,Battlestate Games,"Nov 15, 2025",49.99
85e6260c,2026-06-08,02:34:54,1203620,ENSHROUDED,,8318,Action,Keen Games GmbH,"Jan 24, 2024",23.99
66c97428,2026-06-08,02:34:54,306130,THE ELDER SCROLLS® ONLINE,,9155,Action,ZeniMax Online Studios,"May 22, 2017",19.99
01413115,2026-06-08,02:34:54,1716740,STARFIELD,,5180,RPG,Bethesda Game Studios,"Sep 5, 2023",49.99
3c58ec9c,2026-06-08,02:34:54,3357650,PRAGMATA,,2320,Action,"CAPCOM Co., Ltd.","Apr 17, 2026",59.99
c0401557,2026-06-08,02:34:54,216150,MAPLESTORY,,9758,Action,NEXON Korea Corporation,"Aug 9, 2012",0.0
906dded0,2026-06-08,02:34:54,2119830,MISERY,,976,Action,Platypus Entertainment,"23 Oct, 2025",8.41
1ce6df36,2026-06-08,02:34:54,1476970,IDLEON,,8387,Casual,Lavaflame2,"Nov 6, 2025",0.0
0bb9117f,2026-06-09,01:59:37,730,COUNTER-STRIKE 2,1,559953,Action,Valve,"21 Aug, 2012",0.0
ad561edd,2026-06-09,01:59:37,3678970,TBH: TASK BAR HERO,2,363226,Casual,Nugem Studio,"27 May, 2026",0.0
3141b1c1,2026-06-09,01:59:37,570,DOTA 2,3,314153,Action,Valve,"Jul 9, 2013",0.0
1cb9a112,2026-06-09,01:59:37,2694490,PATH OF EXILE 2,4,179670,Action,Grinding Gear Games,"Dec 6, 2024",29.99
b4a58937,2026-06-09,01:59:37,3419430,BONGO CAT,5,135898,Casual,Marcel Zurawka,"Mar 5, 2025",0.0
46dac861,2026-06-09,01:59:37,2676230,FIVEM,6,124434,Other,,,0.0
a25b03cc,2026-06-09,01:59:37,578080,PUBG: BATTLEGROUNDS,7,113305,Action,PUBG Corporation,"21 Dec, 2017",0.0
97fdc227,2026-06-09,01:59:37,359550,TOM CLANCY'S RAINBOW SIX SIEGE,8,86537,Action,Ubisoft Montreal,"Dec 1, 2015",0.0
b9c29913,2026-06-09,01:59:37,252490,RUST,9,85090,Action,Facepunch Studios,"Feb 8, 2018",39.99
dabf76f9,2026-06-09,01:59:37,2483190,FORZA HORIZON 6,10,83538,Racing,Playground Games,"18 May, 2026",69.99
fcf8ed8d,2026-06-09,01:59:37,2767030,MARVEL RIVALS,11,80709,Action,NetEase Games,"5 Dec, 2024",0.0
3d4d7a0a,2026-06-09,01:59:37,2868840,SLAY THE SPIRE 2,12,75279,Indie,Mega Crit,"Mar 5, 2026",24.99
038d7216,2026-06-09,01:59:37,1172470,APEX LEGENDS™,13,65395,Action,Respawn,"4 Nov, 2020",0.0
e031710e,2026-06-09,01:59:37,1422450,DEADLOCK,14,0,Action,Valve,To be announced,0.0
0a0a0766,2026-06-09,01:59:37,2357570,OVERWATCH®,15,59088,Action,"Blizzard Entertainment, Inc.","Aug 10, 2023",0.0
51d9e65d,2026-06-09,01:59:37,431960,WALLPAPER ENGINE,16,57351,Casual,Wallpaper Engine Team,"Nov 16, 2018",4.99
713914df,2026-06-09,01:59:37,381210,DEAD BY DAYLIGHT,17,51934,Action,Behaviour Interactive Inc.,"Jun 14, 2016",7.99
d553e428,2026-06-09,01:59:37,440,TEAM FORTRESS 2,18,48686,Action,Valve,"Oct 10, 2007",0.0
ca21cb2d,2026-06-09,01:59:37,413150,STARDEW VALLEY,19,48300,Indie,ConcernedApe,"Feb 26, 2016",14.99
8807a221,2026-06-09,01:59:37,230410,WARFRAME,20,48130,Action,Digital Extremes,"25 Mar, 2013",0.0
f3d6a3be,2026-06-09,01:59:37,3405690,EA SPORTS FC™ 26,21,46516,Simulation,EA Canada,"25 Sep, 2025",20.99
28b90cb5,2026-06-09,01:59:37,1086940,BALDUR'S GATE 3,22,45243,Adventure,Larian Studios,"Aug 3, 2023",59.99
e5b47096,2026-06-09,01:59:37,322170,GEOMETRY DASH,23,44859,Action,RobTop Games,"Dec 22, 2014",4.99
767099c7,2026-06-09,01:59:37,438100,VRCHAT,24,43770,Adventure,VRChat Inc.,"1 Feb, 2017",0.0
88a19e52,2026-06-09,01:59:37,1808500,ARC RAIDERS,25,42931,Action,Embark Studios,"30 Oct, 2025",39.99
cbf861e0,2026-06-09,01:59:37,271590,GRAND THEFT AUTO V LEGACY,26,41429,Action,Rockstar North,"Apr 13, 2015",0.0
88ad4e56,2026-06-09,01:59:37,2507950,DELTA FORCE,27,40147,Action,Team Jade,"4 Dec, 2024",0.0
c1d69c32,2026-06-09,01:59:37,1085660,DESTINY 2,28,37598,Action,Bungie,"Oct 1, 2019",0.0
af180553,2026-06-09,01:59:37,3241660,R.E.P.O.,29,36650,Action,semiwork,"Feb 26, 2025",9.99
fafe64ec,2026-06-09,01:59:37,1938090,CALL OF DUTY®,30,36179,Action,Treyarch,"Oct 27, 2022",0.0
6859a308,2026-06-09,01:59:37,1366800,CROSSHAIR X,31,34153,Action,CenterPoint Gaming,"Aug 17, 2020",9.99
d8e7fe75,2026-06-09,01:59:37,2807960,BATTLEFIELD™ 6,32,32364,Action,Battlefield Studios,"10 Oct, 2025",41.99
f6fcecb7,2026-06-09,01:59:37,236390,WAR THUNDER,33,31984,Action,Gaijin Entertainment,"Aug 15, 2013",0.0
4a14bc3d,2026-06-09,01:59:37,3240220,GRAND THEFT AUTO V ENHANCED,34,30306,Action,Rockstar North,"Mar 4, 2025",19.79
e97f0a68,2026-06-09,01:59:37,1245620,ELDEN RING,35,30601,Action,"FromSoftware, Inc.","Feb 24, 2022",59.99
e7ba8e83,2026-06-09,01:59:37,221100,DAYZ,36,30264,Action,Bohemia Interactive,"Dec 13, 2018",49.99
211c896e,2026-06-09,01:59:37,39210,FINAL FANTASY XIV ONLINE,37,29093,Massively Multiplayer,Square Enix,"Feb 18, 2014",19.99
0bf9e8f3,2026-06-09,01:59:37,550,LEFT 4 DEAD 2,38,28263,Action,Valve,"Nov 16, 2009",9.99
f882b8fa,2026-06-09,01:59:37,489830,THE ELDER SCROLLS V: SKYRIM SPECIAL EDITION,39,26616,RPG,Bethesda Game Studios,"Oct 27, 2016",39.99
2b2cac15,2026-06-09,01:59:37,218620,PAYDAY 2,40,25920,Action,OVERKILL - a Starbreeze Studio.,"Aug 13, 2013",9.99
4c9cac5c,2026-06-09,01:59:37,3065800,MARATHON,41,25695,Action,Bungie,"Mar 5, 2026",31.99
11ddcabd,2026-06-09,01:59:37,3513350,WUTHERING WAVES,42,25582,Action,KURO GAMES,"Apr 28, 2025",0.0
b584c580,2026-06-09,01:59:37,108600,PROJECT ZOMBOID,43,24283,Indie,The Indie Stone,"Nov 8, 2013",19.99
a7158ee5,2026-06-09,01:59:37,553850,HELLDIVERS™ 2,44,24125,Action,Arrowhead Game Studios,"8 Feb, 2024",39.99
94f9b26f,2026-06-09,01:59:37,294100,RIMWORLD,45,23204,Indie,Ludeon Studios,"Oct 17, 2018",34.99
cee8df75,2026-06-09,01:59:37,4465480,COUNTER-STRIKE:GLOBAL OFFENSIVE,46,22856,Action,Valve,"Aug 21, 2012",0.0
1b1b9061,2026-06-09,01:59:37,2399830,ARK: SURVIVAL ASCENDED,47,22775,Action,Studio Wildcard,"Oct 25, 2023",44.99
2cd0c189,2026-06-09,01:59:37,1222670,THE SIMS™ 4,48,22809,Adventure,Maxis,"Jun 18, 2020",0.0
1816b551,2026-06-09,01:59:37,1973530,LIMBUS COMPANY,49,22514,Other,ProjectMoon,"26 Feb, 2023",0.0
b560cf37,2026-06-09,01:59:37,526870,SATISFACTORY,50,22725,Adventure,Coffee Stain Studios,"Sep 10, 2024",27.99
aefc8864,2026-06-09,01:59:37,3321460,CRIMSON DESERT,51,21900,Action,Pearl Abyss,"Mar 19, 2026",69.99
5e317418,2026-06-09,01:59:37,289070,SID MEIER’S CIVILIZATION® VI,52,21679,Strategy,Firaxis Games,"Oct 21, 2016",59.99
4eb40fdb,2026-06-09,01:59:37,1623730,PALWORLD,53,21605,Action,Pocketpair,"Jan 19, 2024",29.99
ea3095b8,2026-06-09,01:59:37,394360,HEARTS OF IRON IV,54,21482,Simulation,Paradox Development Studio,"Jun 6, 2016",49.99
d28c7e9a,2026-06-09,01:59:37,105600,TERRARIA,55,21196,Action,Re-Logic,"May 16, 2011",9.99
fa24ba68,2026-06-09,01:59:37,2923300,BANANA,56,20169,Adventure,Sky,"Apr 23, 2024",0.0
1c868905,2026-06-09,01:59:37,252950,ROCKET LEAGUE®,57,20169,Action,Psyonix LLC,"Jul 7, 2015",0.0
28e07763,2026-06-09,01:59:37,240,COUNTER-STRIKE: SOURCE,58,19749,Action,Valve,"1 Nov, 2004",5.79
062fee02,2026-06-09,01:59:37,1091500,CYBERPUNK 2077,59,19521,RPG,CD PROJEKT RED,"Dec 9, 2020",20.99
a1de4adc,2026-06-09,01:59:37,1281930,TMODLOADER,60,19214,Action,TML Team,"May 16, 2020",0.0
ccab467e,2026-06-09,01:59:37,1174180,RED DEAD REDEMPTION 2,61,19120,Action,Rockstar Games,"Dec 5, 2019",59.99
93271b70,2026-06-09,01:59:37,1962700,SUBNAUTICA 2,62,18949,Action,Unknown Worlds Entertainment,"May 14, 2026",29.99
acd9510d,2026-06-09,01:59:37,1142710,TOTAL WAR: WARHAMMER III,63,18197,Action,CREATIVE ASSEMBLY,"Feb 17, 2022",59.99
bf67415c,2026-06-09,01:59:37,4000,GARRY'S MOD,64,18132,Casual,Facepunch Studios,"Nov 29, 2006",4.99
0289f0ce,2026-06-09,01:59:37,3472040,NBA 2K26,65,17990,Sports,Visual Concepts,"Sep 4, 2025",19.99
3d7b9904,2026-06-09,01:59:37,552990,WORLD OF WARSHIPS,66,17719,Action,Wargaming Group Limited,"Nov 15, 2017",0.0
b08c8bf4,2026-06-09,01:59:37,251570,7 DAYS TO DIE,67,16861,Action,The Fun Pimps,"Jul 25, 2024",44.99
e0d30391,2026-06-09,01:59:37,1326470,SONS OF THE FOREST,68,16876,Action,Endnight Games Ltd,"22 Feb, 2024",8.69
81ed5079,2026-06-09,01:59:37,3551340,FOOTBALL MANAGER 26,69,16757,Simulation,Sports Interactive,"Nov 4, 2025",59.99
d408219f,2026-06-09,01:59:37,813780,AGE OF EMPIRES II: DEFINITIVE EDITION,70,16706,Strategy,World's Edge,"Nov 14, 2019",12.24
19512d9d,2026-06-09,01:59:37,582660,BLACK DESERT,71,16422,Action,Pearl Abyss,"May 24, 2017",0.99
2988048d,2026-06-09,01:59:37,250900,THE BINDING OF ISAAC: REBIRTH,72,16406,Action,"Nicalis, Inc.","Nov 4, 2014",14.99
db69626d,2026-06-09,01:59:37,2246340,MONSTER HUNTER WILDS,73,16261,Action,"CAPCOM Co., Ltd.","27 Feb, 2025",22.04
105fb9b7,2026-06-09,01:59:37,3768760,007 FIRST LIGHT,74,15917,Action,IO Interactive A/S,"May 26, 2026",69.99
d63d5de5,2026-06-09,01:59:37,284160,BEAMNG.DRIVE,75,15393,Racing,BeamNG,"May 29, 2015",24.99
b6518374,2026-06-09,01:59:37,892970,VALHEIM,76,15506,Action,Iron Gate AB,"Feb 2, 2021",9.99
a4bc27ec,2026-06-09,01:59:37,275850,NO MAN'S SKY,77,15317,Action,Hello Games,"Aug 12, 2016",59.99
9a36c266,2026-06-09,01:59:37,1665460,EFOOTBALL™,78,14985,Simulation,KONAMI,"Sep 29, 2021",0.0
e0e8ae5c,2026-06-09,01:59:37,1118520,PARALIVES,79,14521,Simulation,Alex Massé and team,"25 May, 2026",44.99
be4e65a1,2026-06-09,01:59:37,2300320,FARMING SIMULATOR 25,80,14491,Simulation,GIANTS Software,"Nov 12, 2024",29.99
c9e64326,2026-06-09,01:59:37,346110,ARK: SURVIVAL EVOLVED,81,14071,Action,Studio Wildcard,"Aug 27, 2017",14.99
f4cccb8e,2026-06-09,01:59:37,427520,FACTORIO,82,13971,Casual,Wube Software LTD.,"Aug 14, 2020",35.0
bac71d90,2026-06-09,01:59:37,2183900,"WARHAMMER 40,000: SPACE MARINE 2",83,13832,Action,Saber Interactive,"9 Sep, 2024",17.99
78e015a7,2026-06-09,01:59:37,1158310,CRUSADER KINGS III,84,13740,RPG,Paradox Development Studio,"Sep 1, 2020",14.99
05cb1243,2026-06-09,01:59:37,1297900,GOTHIC 1 REMAKE,85,13542,Action,Alkimia Interactive,"5 Jun, 2026",33.99
c9397671,2026-06-09,01:59:37,3892270,GAMBLE WITH YOUR FRIENDS,86,13509,Adventure,SkyBrave,"1 May, 2026",4.95
4cb33a01,2026-06-09,01:59:37,1364780,STREET FIGHTER™ 6,87,13422,Action,"CAPCOM Co., Ltd.","Jun 1, 2023",19.99
8d834303,2026-06-09,01:59:37,261550,MOUNT & BLADE II: BANNERLORD,88,13233,Action,TaleWorlds Entertainment,"Oct 25, 2022",24.99
4bb458e3,2026-06-09,01:59:37,440900,CONAN EXILES ENHANCED,89,13149,Action,Funcom,"May 8, 2018",29.99
21ef7f2d,2026-06-09,01:59:37,2050650,RESIDENT EVIL 4,90,13062,Action,"CAPCOM Co., Ltd.","23 Mar, 2023",9.99
cf7849d9,2026-06-09,01:59:37,1943950,ESCAPE THE BACKROOMS,91,13113,Action,Fancy Games,"Oct 23, 2025",7.99
eda0b018,2026-06-09,01:59:37,3041230,WINDROSE,92,13001,Action,Kraken Express,"Apr 14, 2026",29.99
6f2a3ea9,2026-06-09,01:59:37,2073620,ARENA BREAKOUT: INFINITE,93,12999,Action,Morefun Studios,"Sep 15, 2025",0.0
ddb49a03,2026-06-09,01:59:37,1449850,YU-GI-OH! MASTER DUEL,94,12856,Simulation,KONAMI,"18 Jan, 2022",0.0
152e7d7b,2026-06-09,01:59:37,3527290,PEAK,95,12593,Action,Team PEAK,"16 Jun, 2025",7.49
e3ed92ab,2026-06-09,01:59:37,2073850,THE FINALS,96,12651,Action,Embark Studios,"Dec 7, 2023",0.0
776c5490,2026-06-09,01:59:37,322330,DON'T STARVE TOGETHER,97,12605,Action,Klei Entertainment,"Apr 21, 2016",14.99
c6a0da79,2026-06-09,01:59:37,306130,THE ELDER SCROLLS® ONLINE,98,12537,Action,ZeniMax Online Studios,"May 22, 2017",19.99
37e1750d,2026-06-09,01:59:37,1905180,OBS STUDIO,99,12399,Utilities,OBS Project,"Mar 21, 2022",0.0
4660c015,2026-06-09,01:59:37,2622380,ELDEN RING NIGHTREIGN,100,12226,Action,"FromSoftware, Inc.","29 May, 2025",39.99
ea437613,2026-06-09,01:59:37,291550,BRAWLHALLA,,11701,Action,Blue Mammoth Games,"Oct 17, 2017",0.0
4f4c11d6,2026-06-09,01:59:37,304930,UNTURNED,,9710,Action,Smartly Dressed Games,"Jul 7, 2017",0.0
0c6bb85d,2026-06-09,01:59:37,3932890,ESCAPE FROM TARKOV,,11145,Action,Battlestate Games,"Nov 15, 2025",49.99
19c21784,2026-06-09,01:59:37,281990,STELLARIS,,10677,Simulation,Paradox Development Studio,"May 9, 2016",39.99
2593b5ae,2026-06-09,01:59:37,3764200,RESIDENT EVIL REQUIEM,,7064,Action,"CAPCOM Co., Ltd.","Feb 26, 2026",69.99
05f2ada6,2026-06-09,01:59:37,4197610,LIBRARIAN: TIDY UP THE ARCANE LIBRARY!,,10069,Casual,ArtRising,"Apr 30, 2026",5.99
2032d37c,2026-06-09,01:59:37,2252570,FOOTBALL MANAGER 2024,,9736,Simulation,Sports Interactive,"Nov 6, 2023",0.0
e0fb2398,2026-06-09,01:59:37,3105440,HEROES OF MIGHT AND MAGIC: OLDEN ERA,,4122,RPG,Unfrozen,"Apr 30, 2026",29.99
2867a538,2026-06-09,01:59:37,220200,KERBAL SPACE PROGRAM,,5952,Indie,Squad,"Apr 27, 2015",39.99
423c720c,2026-06-09,01:59:37,3780860,HELL LET LOOSE VIETNAM: PLAYTEST,,0,Other,,"Apr 20, 2026",0.0
be08d1f4,2026-06-09,01:59:37,3679080,THE SEVEN DEADLY SINS: ORIGIN,,5724,Action,Netmarble F&C,"Mar 16, 2026",0.0
20530218,2026-06-09,01:59:37,1144200,READY OR NOT,,7607,Action,VOID Interactive,"Dec 13, 2023",24.99
83c27656,2026-06-09,01:59:37,3124540,FAR FAR WEST,,4666,Action,Evil Raptor,"Apr 28, 2026",17.99
41e849f3,2026-06-09,01:59:37,4128580,BIDKING,,11208,Casual,MindSurge Network & Games,"Apr 15, 2026",2.99
27ad1938,2026-06-09,01:59:37,8930,SID MEIER'S CIVILIZATION® V,,11665,Strategy,Firaxis Games,"Sep 21, 2010",29.99
25e2420d,2026-06-09,01:59:37,594650,HUNT: SHOWDOWN 1896,,9134,Action,Crytek,"Aug 27, 2019",13.49
32bfd3aa,2026-06-09,01:59:37,1874880,ARMA REFORGER,,10592,Action,Bohemia Interactive,"Nov 16, 2023",39.99
2ca4456a,2026-06-09,01:59:37,1203220,NARAKA: BLADEPOINT,,9101,Action,24 Entertainment,"11 Aug, 2021",0.0
f191273e,2026-06-09,01:59:37,1476970,IDLEON,,8465,Casual,Lavaflame2,"Nov 6, 2025",0.0
c43a6a2a,2026-06-09,01:59:37,3357650,PRAGMATA,,1926,Action,"CAPCOM Co., Ltd.","Apr 17, 2026",59.99
1b9df240,2026-06-09,01:59:37,376210,THE ISLE,,11013,Action,Afterthought LLC,"Dec 1, 2015",19.99
d348fd9f,2026-06-09,01:59:37,3164500,SCHEDULE I,,11544,Action,TVGS,"Mar 24, 2025",19.99
829e7c4a,2026-06-09,01:59:37,3564740,WHERE WINDS MEET,,11597,Action,Everstone Studio,"14 Nov, 2025",0.0
49afc7d0,2026-06-09,01:59:37,1716740,STARFIELD,,4709,RPG,Bethesda Game Studios,"Sep 5, 2023",49.99
2aeee00a,2026-06-09,01:59:37,2605790,DEEP ROCK GALACTIC: ROGUE CORE,,2755,Action,Ghost Ship Games,"20 May, 2026",29.99
c80cd059,2026-06-09,01:59:37,2707930,PALIA,,9477,Adventure,Singularity 6 Corporation,"Mar 25, 2024",0.0
2d37157f,2026-06-09,01:59:37,238960,PATH OF EXILE,,3360,Action,Grinding Gear Games,"23 Oct, 2013",0.0
6b182d25,2026-06-09,01:59:37,2479810,GRAY ZONE WARFARE,,3950,Action,"MADFINGER Games, a.s.","Apr 30, 2024",39.99
ad23e7fb,2026-06-09,01:59:37,377160,FALLOUT 4,,10662,RPG,Bethesda Game Studios,"Nov 9, 2015",19.99
6e8d5ad2,2026-06-09,01:59:37,1974050,TORCHLIGHT: INFINITE,,474,Action,XD,"May 9, 2023",0.0
0e716f8d,2026-06-09,01:59:37,3224770,UMAMUSUME: PRETTY DERBY,,6195,Simulation,"Cygames, Inc.","24 Jun, 2025",0.0
4c37d19c,2026-06-09,01:59:37,2584990,SHADOWVERSE: WORLDS BEYOND,,3548,Casual,"Cygames, Inc.","Jun 14, 2025",0.0
848616f7,2026-06-09,01:59:37,1604030,V RISING,,5038,Action,Stunlock Studios,"May 8, 2024",15.74
85c32d3d,2026-06-09,01:59:37,2344520,DIABLO® IV,,11941,Action,"Blizzard Entertainment, Inc.","Oct 17, 2023",49.99
d79bd14c,2026-06-09,01:59:37,270880,AMERICAN TRUCK SIMULATOR,,8325,Indie,SCS Software,"Feb 2, 2016",4.99
edcd9217,2026-06-09,01:59:37,4025700,HEARTOPIA,,8257,Casual,XD,"16 Jan, 2026",0.0
b217688d,2026-06-09,01:59:37,227300,EURO TRUCK SIMULATOR 2,,11320,Indie,SCS Software,"Oct 12, 2012",19.99
f28d8d30,2026-06-09,01:59:37,739630,PHASMOPHOBIA,,9266,Action,Kinetic Games,"Sep 18, 2020",19.99
c36e8677,2026-06-09,01:59:37,2215200,LEGO® BATMAN™: LEGACY OF THE DARK KNIGHT,,6246,Action,TT Games,"22 May, 2026",28999.0
5cd5ecbb,2026-06-09,01:59:37,582010,MONSTER HUNTER: WORLD,,11242,Action,"CAPCOM Co., Ltd.","Aug 8, 2018",7.79
f181edfc,2026-06-09,01:59:37,1623660,MIR4,,6284,Action,Wemade Next,"Aug 25, 2021",0.0
4c53d240,2026-06-09,01:59:37,216150,MAPLESTORY,,9639,Action,NEXON Korea Corporation,"Aug 9, 2012",0.0
3afe69d9,2026-06-09,01:59:37,264710,SUBNAUTICA,,8711,Adventure,Unknown Worlds Entertainment,"Jan 23, 2018",7.49
eecfa5d5,2026-06-09,01:59:37,629520,SOUNDPAD,,10107,Audio Production,Leppsoft,"Sep 30, 2017",4.99
97a024af,2026-06-09,01:59:37,960090,BLOONS TD 6,,8303,Strategy,Ninja Kiwi,"Dec 17, 2018",13.99
1edcec61,2026-06-09,01:59:37,3265700,VAMPIRE CRAWLERS: THE TURBO WILDCARD FROM VAMPIRE SURVIVORS,,1635,Action,poncle,"Apr 21, 2026",9.99
fffd4331,2026-06-09,01:59:37,2119830,MISERY,,861,Action,Platypus Entertainment,"23 Oct, 2025",8.41
c8ac5cc3,2026-06-09,01:59:37,1295660,SID MEIER'S CIVILIZATION VII,,9219,Simulation,Firaxis Games,"Feb 10, 2025",41.99
bcc74d21,2026-06-09,01:59:37,1203620,ENSHROUDED,,7717,Action,Keen Games GmbH,"Jan 24, 2024",23.99
9eeafadb,2026-06-09,01:59:37,2646460,SOULMASK,,2549,Adventure,CampFire Studio,"Apr 9, 2026",29.99
007e60d8,2026-06-10,02:11:42,730,COUNTER-STRIKE 2,1,572673,Action,Valve,"21 Aug, 2012",0.0
7f3012cf,2026-06-10,02:11:42,3678970,TBH: TASK BAR HERO,2,416286,Casual,Nugem Studio,"27 May, 2026",0.0
4c68258d,2026-06-10,02:11:42,570,DOTA 2,3,308678,Action,Valve,"Jul 9, 2013",0.0
771e9909,2026-06-10,02:11:42,1085660,DESTINY 2,4,166387,Action,Bungie,"Oct 1, 2019",0.0
0a43ec3e,2026-06-10,02:11:42,2694490,PATH OF EXILE 2,5,163690,Action,Grinding Gear Games,"Dec 6, 2024",29.99
1caf8ade,2026-06-10,02:11:42,3419430,BONGO CAT,6,136533,Casual,Marcel Zurawka,"Mar 5, 2025",0.0
7d406acf,2026-06-10,02:11:42,2676230,FIVEM,7,120679,Other,,,0.0
63ae135e,2026-06-10,02:11:42,578080,PUBG: BATTLEGROUNDS,8,110523,Action,PUBG Corporation,"21 Dec, 2017",0.0
06093f5c,2026-06-10,02:11:42,2767030,MARVEL RIVALS,9,86579,Action,NetEase Games,"5 Dec, 2024",0.0
8a3de395,2026-06-10,02:11:42,359550,TOM CLANCY'S RAINBOW SIX SIEGE,10,83778,Action,Ubisoft Montreal,"Dec 1, 2015",0.0
4a8503b0,2026-06-10,02:11:42,252490,RUST,11,76519,Action,Facepunch Studios,"Feb 8, 2018",39.99
06021a52,2026-06-10,02:11:42,2483190,FORZA HORIZON 6,12,76399,Racing,Playground Games,"18 May, 2026",69.99
1984287e,2026-06-10,02:11:42,2868840,SLAY THE SPIRE 2,13,74722,Indie,Mega Crit,"Mar 5, 2026",24.99
dc5a5a39,2026-06-10,02:11:42,1172470,APEX LEGENDS™,14,66340,Action,Respawn,"4 Nov, 2020",0.0
d17c57cc,2026-06-10,02:11:42,431960,WALLPAPER ENGINE,15,64887,Casual,Wallpaper Engine Team,"Nov 16, 2018",4.99
b631888a,2026-06-10,02:11:42,2357570,OVERWATCH®,16,58786,Action,"Blizzard Entertainment, Inc.","Aug 10, 2023",0.0
fd0093bd,2026-06-10,02:11:42,1422450,DEADLOCK,17,0,Action,Valve,To be announced,0.0
4d4ea976,2026-06-10,02:11:42,381210,DEAD BY DAYLIGHT,18,54063,Action,Behaviour Interactive Inc.,"Jun 14, 2016",7.99
bbc9b2ed,2026-06-10,02:11:42,413150,STARDEW VALLEY,19,46799,Indie,ConcernedApe,"Feb 26, 2016",14.99
78428dd7,2026-06-10,02:11:42,440,TEAM FORTRESS 2,20,45264,Action,Valve,"Oct 10, 2007",0.0
49af5a26,2026-06-10,02:11:42,230410,WARFRAME,21,44588,Action,Digital Extremes,"25 Mar, 2013",0.0
bd10bc59,2026-06-10,02:11:42,3405690,EA SPORTS FC™ 26,22,44365,Simulation,EA Canada,"25 Sep, 2025",20.99
b5ef7401,2026-06-10,02:11:42,322170,GEOMETRY DASH,23,43566,Action,RobTop Games,"Dec 22, 2014",4.99
41cd9b45,2026-06-10,02:11:42,1086940,BALDUR'S GATE 3,24,43069,Adventure,Larian Studios,"Aug 3, 2023",59.99
eb846484,2026-06-10,02:11:42,552990,WORLD OF WARSHIPS,25,41898,Action,Wargaming Group Limited,"Nov 15, 2017",0.0
740ac031,2026-06-10,02:11:42,2807960,BATTLEFIELD™ 6,26,41764,Action,Battlefield Studios,"10 Oct, 2025",41.99
48b119b1,2026-06-10,02:11:42,1808500,ARC RAIDERS,27,41405,Action,Embark Studios,"30 Oct, 2025",39.99
6c10f761,2026-06-10,02:11:42,271590,GRAND THEFT AUTO V LEGACY,28,40054,Action,Rockstar North,"Apr 13, 2015",0.0
c50f258f,2026-06-10,02:11:42,438100,VRCHAT,29,38311,Adventure,VRChat Inc.,"1 Feb, 2017",0.0
4763a4ff,2026-06-10,02:11:42,2507950,DELTA FORCE,30,35527,Action,Team Jade,"4 Dec, 2024",0.0
2894e121,2026-06-10,02:11:42,1366800,CROSSHAIR X,31,35026,Action,CenterPoint Gaming,"Aug 17, 2020",9.99
0dd05196,2026-06-10,02:11:42,1938090,CALL OF DUTY®,32,34714,Action,Treyarch,"Oct 27, 2022",0.0
4960df99,2026-06-10,02:11:42,3241660,R.E.P.O.,33,34622,Action,semiwork,"Feb 26, 2025",9.99
7714251c,2026-06-10,02:11:42,236390,WAR THUNDER,34,31497,Action,Gaijin Entertainment,"Aug 15, 2013",0.0
7d45d46c,2026-06-10,02:11:42,1245620,ELDEN RING,35,30319,Action,"FromSoftware, Inc.","Feb 24, 2022",59.99
ea011d86,2026-06-10,02:11:42,3240220,GRAND THEFT AUTO V ENHANCED,36,29712,Action,Rockstar North,"Mar 4, 2025",19.79
e16929d8,2026-06-10,02:11:42,550,LEFT 4 DEAD 2,37,28495,Action,Valve,"Nov 16, 2009",9.99
6ad3db6e,2026-06-10,02:11:42,221100,DAYZ,38,27977,Action,Bohemia Interactive,"Dec 13, 2018",49.99
a3718844,2026-06-10,02:11:42,39210,FINAL FANTASY XIV ONLINE,39,28246,Massively Multiplayer,Square Enix,"Feb 18, 2014",19.99
ea543c67,2026-06-10,02:11:42,553850,HELLDIVERS™ 2,40,25637,Action,Arrowhead Game Studios,"8 Feb, 2024",39.99
1aa88366,2026-06-10,02:11:42,489830,THE ELDER SCROLLS V: SKYRIM SPECIAL EDITION,41,25188,RPG,Bethesda Game Studios,"Oct 27, 2016",39.99
ac5d8c22,2026-06-10,02:11:42,108600,PROJECT ZOMBOID,42,23204,Indie,The Indie Stone,"Nov 8, 2013",19.99
ac3f0ea6,2026-06-10,02:11:42,294100,RIMWORLD,43,22936,Indie,Ludeon Studios,"Oct 17, 2018",34.99
d9cbc3d1,2026-06-10,02:11:42,105600,TERRARIA,44,22823,Action,Re-Logic,"May 16, 2011",9.99
56e9f9d4,2026-06-10,02:11:42,1973530,LIMBUS COMPANY,45,22213,Other,ProjectMoon,"26 Feb, 2023",0.0
adbf135d,2026-06-10,02:11:42,2399830,ARK: SURVIVAL ASCENDED,46,21919,Action,Studio Wildcard,"Oct 25, 2023",44.99
423bfe84,2026-06-10,02:11:42,289070,SID MEIER’S CIVILIZATION® VI,47,21458,Strategy,Firaxis Games,"Oct 21, 2016",59.99
eb86544a,2026-06-10,02:11:42,1222670,THE SIMS™ 4,48,21247,Adventure,Maxis,"Jun 18, 2020",0.0
f5a1d7c6,2026-06-10,02:11:42,1623730,PALWORLD,49,21241,Action,Pocketpair,"Jan 19, 2024",29.99
32358f38,2026-06-10,02:11:42,394360,HEARTS OF IRON IV,50,21256,Simulation,Paradox Development Studio,"Jun 6, 2016",49.99
aef3a95a,2026-06-10,02:11:42,526870,SATISFACTORY,51,20892,Adventure,Coffee Stain Studios,"Sep 10, 2024",27.99
c6badca1,2026-06-10,02:11:42,3513350,WUTHERING WAVES,52,20722,Action,KURO GAMES,"Apr 28, 2025",0.0
dbfe79b7,2026-06-10,02:11:42,3321460,CRIMSON DESERT,53,20194,Action,Pearl Abyss,"Mar 19, 2026",69.99
89c1dfd7,2026-06-10,02:11:42,252950,ROCKET LEAGUE®,54,19899,Action,Psyonix LLC,"Jul 7, 2015",0.0
9ff3fb54,2026-06-10,02:11:42,3472040,NBA 2K26,55,19749,Sports,Visual Concepts,"Sep 4, 2025",19.99
84196ed1,2026-06-10,02:11:42,3065800,MARATHON,56,19497,Action,Bungie,"Mar 5, 2026",31.99
549ffb26,2026-06-10,02:11:42,1091500,CYBERPUNK 2077,57,19054,RPG,CD PROJEKT RED,"Dec 9, 2020",20.99
666da870,2026-06-10,02:11:42,1174180,RED DEAD REDEMPTION 2,58,18429,Action,Rockstar Games,"Dec 5, 2019",59.99
093d4eb9,2026-06-10,02:11:42,4000,GARRY'S MOD,59,17946,Casual,Facepunch Studios,"Nov 29, 2006",4.99
662b96b0,2026-06-10,02:11:42,1142710,TOTAL WAR: WARHAMMER III,60,17548,Action,CREATIVE ASSEMBLY,"Feb 17, 2022",59.99
5232b6d6,2026-06-10,02:11:42,1281930,TMODLOADER,61,17172,Action,TML Team,"May 16, 2020",0.0
3761f081,2026-06-10,02:11:42,2923300,BANANA,62,16982,Adventure,Sky,"Apr 23, 2024",0.0
5c34f1a0,2026-06-10,02:11:42,1962700,SUBNAUTICA 2,63,16438,Action,Unknown Worlds Entertainment,"May 14, 2026",29.99
dbb3c5f2,2026-06-10,02:11:42,2246340,MONSTER HUNTER WILDS,64,16648,Action,"CAPCOM Co., Ltd.","27 Feb, 2025",22.04
55cfff22,2026-06-10,02:11:42,251570,7 DAYS TO DIE,65,16364,Action,The Fun Pimps,"Jul 25, 2024",44.99
9fd3b363,2026-06-10,02:11:42,1326470,SONS OF THE FOREST,66,16322,Action,Endnight Games Ltd,"22 Feb, 2024",8.69
fb84d9bc,2026-06-10,02:11:42,3551340,FOOTBALL MANAGER 26,67,15981,Simulation,Sports Interactive,"Nov 4, 2025",59.99
e32bb9f7,2026-06-10,02:11:42,250900,THE BINDING OF ISAAC: REBIRTH,68,15961,Action,"Nicalis, Inc.","Nov 4, 2014",14.99
1f427b59,2026-06-10,02:11:42,813780,AGE OF EMPIRES II: DEFINITIVE EDITION,69,15875,Strategy,World's Edge,"Nov 14, 2019",12.24
70766f2b,2026-06-10,02:11:42,582660,BLACK DESERT,70,15846,Action,Pearl Abyss,"May 24, 2017",0.99
646a72cd,2026-06-10,02:11:42,284160,BEAMNG.DRIVE,71,15086,Racing,BeamNG,"May 29, 2015",24.99
9d81912b,2026-06-10,02:11:42,892970,VALHEIM,72,14880,Action,Iron Gate AB,"Feb 2, 2021",9.99
1a04d82a,2026-06-10,02:11:42,594650,HUNT: SHOWDOWN 1896,73,14716,Action,Crytek,"Aug 27, 2019",13.49
4e8d8eda,2026-06-10,02:11:42,1665460,EFOOTBALL™,74,14012,Simulation,KONAMI,"Sep 29, 2021",0.0
ab862846,2026-06-10,02:11:42,275850,NO MAN'S SKY,75,14126,Action,Hello Games,"Aug 12, 2016",59.99
aed20c71,2026-06-10,02:11:42,3768760,007 FIRST LIGHT,76,13949,Action,IO Interactive A/S,"May 26, 2026",69.99
b68b9c9b,2026-06-10,02:11:42,2300320,FARMING SIMULATOR 25,77,13749,Simulation,GIANTS Software,"Nov 12, 2024",29.99
47485264,2026-06-10,02:11:42,427520,FACTORIO,78,13775,Casual,Wube Software LTD.,"Aug 14, 2020",35.0
5adf35e4,2026-06-10,02:11:42,346110,ARK: SURVIVAL EVOLVED,79,13750,Action,Studio Wildcard,"Aug 27, 2017",14.99
ee6df27a,2026-06-10,02:11:42,1158310,CRUSADER KINGS III,80,13579,RPG,Paradox Development Studio,"Sep 1, 2020",14.99
ae1e5af0,2026-06-10,02:11:42,3892270,GAMBLE WITH YOUR FRIENDS,81,13427,Adventure,SkyBrave,"1 May, 2026",4.95
d88e8dd5,2026-06-10,02:11:42,2050650,RESIDENT EVIL 4,82,13462,Action,"CAPCOM Co., Ltd.","23 Mar, 2023",9.99
a9b725a6,2026-06-10,02:11:42,1364780,STREET FIGHTER™ 6,83,13230,Action,"CAPCOM Co., Ltd.","Jun 1, 2023",19.99
c32dc30c,2026-06-10,02:11:42,2183900,"WARHAMMER 40,000: SPACE MARINE 2",84,13339,Action,Saber Interactive,"9 Sep, 2024",17.99
ca60881e,2026-06-10,02:11:42,261550,MOUNT & BLADE II: BANNERLORD,85,13186,Action,TaleWorlds Entertainment,"Oct 25, 2022",24.99
bd8a96ae,2026-06-10,02:11:42,322330,DON'T STARVE TOGETHER,86,13021,Action,Klei Entertainment,"Apr 21, 2016",14.99
3e60d0bb,2026-06-10,02:11:42,3527290,PEAK,87,12955,Action,Team PEAK,"16 Jun, 2025",7.49
8337078b,2026-06-10,02:11:42,1118520,PARALIVES,88,12440,Simulation,Alex Massé and team,"25 May, 2026",44.99
40108b6b,2026-06-10,02:11:42,1449850,YU-GI-OH! MASTER DUEL,89,12822,Simulation,KONAMI,"18 Jan, 2022",0.0
daebbc5e,2026-06-10,02:11:42,218620,PAYDAY 2,90,12588,Action,OVERKILL - a Starbreeze Studio.,"Aug 13, 2013",9.99
f745d626,2026-06-10,02:11:42,1943950,ESCAPE THE BACKROOMS,91,12816,Action,Fancy Games,"Oct 23, 2025",7.99
767bfb80,2026-06-10,02:11:42,1905180,OBS STUDIO,92,12514,Utilities,OBS Project,"Mar 21, 2022",0.0
4c853711,2026-06-10,02:11:42,1297900,GOTHIC 1 REMAKE,93,12445,Action,Alkimia Interactive,"5 Jun, 2026",33.99
9e58c96e,2026-06-10,02:11:42,2073620,ARENA BREAKOUT: INFINITE,94,12407,Action,Morefun Studios,"Sep 15, 2025",0.0
0a9411d6,2026-06-10,02:11:42,2073850,THE FINALS,95,12288,Action,Embark Studios,"Dec 7, 2023",0.0
09cc3942,2026-06-10,02:11:42,2622380,ELDEN RING NIGHTREIGN,96,12090,Action,"FromSoftware, Inc.","29 May, 2025",39.99
25142e35,2026-06-10,02:11:42,582010,MONSTER HUNTER: WORLD,97,12646,Action,"CAPCOM Co., Ltd.","Aug 8, 2018",7.79
5211cfe5,2026-06-10,02:11:42,3041230,WINDROSE,98,11815,Action,Kraken Express,"Apr 14, 2026",29.99
d4950dbb,2026-06-10,02:11:42,291550,BRAWLHALLA,99,11501,Action,Blue Mammoth Games,"Oct 17, 2017",0.0
212457a6,2026-06-10,02:11:42,8930,SID MEIER'S CIVILIZATION® V,100,11514,Strategy,Firaxis Games,"Sep 21, 2010",29.99
46dd483d,2026-06-10,02:11:42,281990,STELLARIS,,10276,Simulation,Paradox Development Studio,"May 9, 2016",39.99
6444d7e3,2026-06-10,02:11:42,238960,PATH OF EXILE,,3150,Action,Grinding Gear Games,"23 Oct, 2013",0.0
3c69e4ec,2026-06-10,02:11:42,1974050,TORCHLIGHT: INFINITE,,552,Action,XD,"May 9, 2023",0.0
e40d40bb,2026-06-10,02:11:42,1203220,NARAKA: BLADEPOINT,,10614,Action,24 Entertainment,"11 Aug, 2021",0.0
6e5b2cc2,2026-06-10,02:11:42,220200,KERBAL SPACE PROGRAM,,5553,Indie,Squad,"Apr 27, 2015",39.99
a90434a2,2026-06-10,02:11:42,376210,THE ISLE,,10608,Action,Afterthought LLC,"Dec 1, 2015",19.99
f3dcc0bf,2026-06-10,02:11:42,3932890,ESCAPE FROM TARKOV,,11140,Action,Battlestate Games,"Nov 15, 2025",49.99
5ac52306,2026-06-10,02:11:42,1716740,STARFIELD,,4435,RPG,Bethesda Game Studios,"Sep 5, 2023",49.99
f68486dc,2026-06-10,02:11:42,1203620,ENSHROUDED,,7118,Action,Keen Games GmbH,"Jan 24, 2024",23.99
76b20027,2026-06-10,02:11:42,2584990,SHADOWVERSE: WORLDS BEYOND,,3489,Casual,"Cygames, Inc.","Jun 14, 2025",0.0
0395b0b8,2026-06-10,02:11:42,1623660,MIR4,,11240,Action,Wemade Next,"Aug 25, 2021",0.0
74be3ae8,2026-06-10,02:11:42,1874880,ARMA REFORGER,,10005,Action,Bohemia Interactive,"Nov 16, 2023",39.99
f63e74a8,2026-06-10,02:11:42,1604030,V RISING,,4621,Action,Stunlock Studios,"May 8, 2024",15.74
2a244a88,2026-06-10,02:11:42,270880,AMERICAN TRUCK SIMULATOR,,7980,Indie,SCS Software,"Feb 2, 2016",4.99
de28ab90,2026-06-10,02:11:42,264710,SUBNAUTICA,,7829,Adventure,Unknown Worlds Entertainment,"Jan 23, 2018",7.49
79a8feee,2026-06-10,02:11:42,4465480,COUNTER-STRIKE:GLOBAL OFFENSIVE,,8778,Action,Valve,"Aug 21, 2012",0.0
45374da8,2026-06-10,02:11:42,3164500,SCHEDULE I,,10872,Action,TVGS,"Mar 24, 2025",19.99
00af5cdd,2026-06-10,02:11:42,3780860,HELL LET LOOSE VIETNAM: PLAYTEST,,0,Other,,"Apr 20, 2026",0.0
9b0d3f55,2026-06-10,02:11:42,2119830,MISERY,,693,Action,Platypus Entertainment,"23 Oct, 2025",8.41
2a994b6a,2026-06-10,02:11:42,960090,BLOONS TD 6,,8020,Strategy,Ninja Kiwi,"Dec 17, 2018",13.99
cade2165,2026-06-10,02:11:42,3124540,FAR FAR WEST,,4115,Action,Evil Raptor,"Apr 28, 2026",17.99
638c8aea,2026-06-10,02:11:42,3357650,PRAGMATA,,1858,Action,"CAPCOM Co., Ltd.","Apr 17, 2026",59.99
f08bc93e,2026-06-10,02:11:42,2646460,SOULMASK,,2499,Adventure,CampFire Studio,"Apr 9, 2026",29.99
6ae162ca,2026-06-10,02:11:42,3105440,HEROES OF MIGHT AND MAGIC: OLDEN ERA,,3958,RPG,Unfrozen,"Apr 30, 2026",29.99
8d5b7f58,2026-06-10,02:11:42,306130,THE ELDER SCROLLS® ONLINE,,10576,Action,ZeniMax Online Studios,"May 22, 2017",19.99
a356534d,2026-06-10,02:11:42,240,COUNTER-STRIKE: SOURCE,,10295,Action,Valve,"1 Nov, 2004",5.79
a9ef2b63,2026-06-10,02:11:42,2252570,FOOTBALL MANAGER 2024,,9695,Simulation,Sports Interactive,"Nov 6, 2023",0.0
ee19f7a1,2026-06-10,02:11:42,2605790,DEEP ROCK GALACTIC: ROGUE CORE,,2568,Action,Ghost Ship Games,"20 May, 2026",29.99
541682b3,2026-06-10,02:11:42,1295660,SID MEIER'S CIVILIZATION VII,,8736,Simulation,Firaxis Games,"Feb 10, 2025",41.99
965a84b5,2026-06-10,02:11:42,2215200,LEGO® BATMAN™: LEGACY OF THE DARK KNIGHT,,5413,Action,TT Games,"22 May, 2026",28999.0
45452e49,2026-06-10,02:11:42,227300,EURO TRUCK SIMULATOR 2,,10282,Indie,SCS Software,"Oct 12, 2012",19.99
80e9416f,2026-06-10,02:11:42,304930,UNTURNED,,9556,Action,Smartly Dressed Games,"Jul 7, 2017",0.0
cb88fda2,2026-06-10,02:11:42,1144200,READY OR NOT,,7223,Action,VOID Interactive,"Dec 13, 2023",24.99
03076778,2026-06-10,02:11:42,739630,PHASMOPHOBIA,,8800,Action,Kinetic Games,"Sep 18, 2020",19.99
4482c02b,2026-06-10,02:11:42,3764200,RESIDENT EVIL REQUIEM,,6865,Action,"CAPCOM Co., Ltd.","Feb 26, 2026",69.99
86748104,2026-06-10,02:11:42,4025700,HEARTOPIA,,8030,Casual,XD,"16 Jan, 2026",0.0
810b9a78,2026-06-10,02:11:42,3224770,UMAMUSUME: PRETTY DERBY,,6525,Simulation,"Cygames, Inc.","24 Jun, 2025",0.0
6f88c865,2026-06-10,02:11:42,3679080,THE SEVEN DEADLY SINS: ORIGIN,,5127,Action,Netmarble F&C,"Mar 16, 2026",0.0
d139f494,2026-06-10,02:11:42,4128580,BIDKING,,11266,Casual,MindSurge Network & Games,"Apr 15, 2026",2.99
692f54a4,2026-06-10,02:11:42,3265700,VAMPIRE CRAWLERS: THE TURBO WILDCARD FROM VAMPIRE SURVIVORS,,1554,Action,poncle,"Apr 21, 2026",9.99
729ba222,2026-06-10,02:11:42,2707930,PALIA,,9057,Adventure,Singularity 6 Corporation,"Mar 25, 2024",0.0
0870a89c,2026-06-10,02:11:42,1476970,IDLEON,,8134,Casual,Lavaflame2,"Nov 6, 2025",0.0
0e3093e5,2026-06-10,02:11:42,2479810,GRAY ZONE WARFARE,,3855,Action,"MADFINGER Games, a.s.","Apr 30, 2024",39.99
789079c0,2026-06-10,02:11:42,216150,MAPLESTORY,,9728,Action,NEXON Korea Corporation,"Aug 9, 2012",0.0
2c8de94d,2026-06-10,02:11:42,440900,CONAN EXILES ENHANCED,,10360,Action,Funcom,"May 8, 2018",29.99
39b7fafe,2026-06-10,02:11:42,2344520,DIABLO® IV,,10682,Action,"Blizzard Entertainment, Inc.","Oct 17, 2023",49.99
c937e7db,2026-06-10,02:11:42,629520,SOUNDPAD,,10075,Audio Production,Leppsoft,"Sep 30, 2017",4.99
77457478,2026-06-10,02:11:42,377160,FALLOUT 4,,10145,RPG,Bethesda Game Studios,"Nov 9, 2015",19.99
f3e01695,2026-06-10,02:11:42,4197610,LIBRARIAN: TIDY UP THE ARCANE LIBRARY!,,9121,Casual,ArtRising,"Apr 30, 2026",5.99
339e435c,2026-06-10,02:11:42,3564740,WHERE WINDS MEET,,11282,Action,Everstone Studio,"14 Nov, 2025",0.0
ca819653,2026-06-11,02:34:40,730,COUNTER-STRIKE 2,1,605079,Action,Valve,"21 Aug, 2012",0.0
f34d738f,2026-06-11,02:34:40,3678970,TBH: TASK BAR HERO,2,431041,Casual,Nugem Studio,"27 May, 2026",0.0
192baffd,2026-06-11,02:34:40,570,DOTA 2,3,318426,Action,Valve,"Jul 9, 2013",0.0
1c3b28a9,2026-06-11,02:34:40,2694490,PATH OF EXILE 2,4,154030,Action,Grinding Gear Games,"Dec 6, 2024",29.99
d7f804a0,2026-06-11,02:34:40,3419430,BONGO CAT,5,137784,Casual,Marcel Zurawka,"Mar 5, 2025",0.0
fb4c6f7f,2026-06-11,02:34:40,1085660,DESTINY 2,6,132471,Action,Bungie,"Oct 1, 2019",0.0
67c9ae66,2026-06-11,02:34:40,578080,PUBG: BATTLEGROUNDS,7,126867,Action,PUBG Corporation,"21 Dec, 2017",0.0
2585caea,2026-06-11,02:34:40,2676230,FIVEM,8,117350,Other,,,0.0
3aab1597,2026-06-11,02:34:40,2767030,MARVEL RIVALS,9,85556,Action,NetEase Games,"5 Dec, 2024",0.0
896f40ca,2026-06-11,02:34:40,359550,TOM CLANCY'S RAINBOW SIX SIEGE,10,79091,Action,Ubisoft Montreal,"Dec 1, 2015",0.0
a8ffaca2,2026-06-11,02:34:40,2868840,SLAY THE SPIRE 2,11,74778,Indie,Mega Crit,"Mar 5, 2026",24.99
8208cfed,2026-06-11,02:34:40,2483190,FORZA HORIZON 6,12,71171,Racing,Playground Games,"18 May, 2026",69.99
9c1711f3,2026-06-11,02:34:40,252490,RUST,13,68400,Action,Facepunch Studios,"Feb 8, 2018",39.99
66ba12e7,2026-06-11,02:34:40,1172470,APEX LEGENDS™,14,65837,Action,Respawn,"4 Nov, 2020",0.0
e2965ef2,2026-06-11,02:34:40,431960,WALLPAPER ENGINE,15,59722,Casual,Wallpaper Engine Team,"Nov 16, 2018",4.99
f1aac92c,2026-06-11,02:34:40,2357570,OVERWATCH®,16,58554,Action,"Blizzard Entertainment, Inc.","Aug 10, 2023",0.0
b9c0681a,2026-06-11,02:34:40,1422450,DEADLOCK,17,0,Action,Valve,To be announced,0.0
51ca8236,2026-06-11,02:34:40,381210,DEAD BY DAYLIGHT,18,52211,Action,Behaviour Interactive Inc.,"Jun 14, 2016",7.99
2ce66966,2026-06-11,02:34:40,413150,STARDEW VALLEY,19,46801,Indie,ConcernedApe,"Feb 26, 2016",14.99
ae7fae72,2026-06-11,02:34:40,230410,WARFRAME,20,44390,Action,Digital Extremes,"25 Mar, 2013",0.0
9b4b62c7,2026-06-11,02:34:40,3405690,EA SPORTS FC™ 26,21,43448,Simulation,EA Canada,"25 Sep, 2025",20.99
76121042,2026-06-11,02:34:40,322170,GEOMETRY DASH,22,42867,Action,RobTop Games,"Dec 22, 2014",4.99
d587ab23,2026-06-11,02:34:40,438100,VRCHAT,23,42841,Adventure,VRChat Inc.,"1 Feb, 2017",0.0
1f7c3a26,2026-06-11,02:34:40,1086940,BALDUR'S GATE 3,24,41099,Adventure,Larian Studios,"Aug 3, 2023",59.99
d8e6ef98,2026-06-11,02:34:40,271590,GRAND THEFT AUTO V LEGACY,25,39642,Action,Rockstar North,"Apr 13, 2015",0.0
3a95d2f2,2026-06-11,02:34:40,1808500,ARC RAIDERS,26,39141,Action,Embark Studios,"30 Oct, 2025",39.99
8cd5dd9f,2026-06-11,02:34:40,2807960,BATTLEFIELD™ 6,27,38009,Action,Battlefield Studios,"10 Oct, 2025",41.99
75cb62ea,2026-06-11,02:34:40,2507950,DELTA FORCE,28,36366,Action,Team Jade,"4 Dec, 2024",0.0
877a42a7,2026-06-11,02:34:40,3241660,R.E.P.O.,29,35792,Action,semiwork,"Feb 26, 2025",9.99
f1d90753,2026-06-11,02:34:40,440,TEAM FORTRESS 2,30,35175,Action,Valve,"Oct 10, 2007",0.0
b019dab4,2026-06-11,02:34:40,1938090,CALL OF DUTY®,31,33755,Action,Treyarch,"Oct 27, 2022",0.0
c9801f66,2026-06-11,02:34:40,1366800,CROSSHAIR X,32,31852,Action,CenterPoint Gaming,"Aug 17, 2020",9.99
5f6b640e,2026-06-11,02:34:40,236390,WAR THUNDER,33,31134,Action,Gaijin Entertainment,"Aug 15, 2013",0.0
db530799,2026-06-11,02:34:40,1245620,ELDEN RING,34,30104,Action,"FromSoftware, Inc.","Feb 24, 2022",59.99
9e106e01,2026-06-11,02:34:40,3240220,GRAND THEFT AUTO V ENHANCED,35,29369,Action,Rockstar North,"Mar 4, 2025",19.79
da008c17,2026-06-11,02:34:40,550,LEFT 4 DEAD 2,36,29189,Action,Valve,"Nov 16, 2009",9.99
05dfbeae,2026-06-11,02:34:40,39210,FINAL FANTASY XIV ONLINE,37,27049,Massively Multiplayer,Square Enix,"Feb 18, 2014",19.99
6bcfed55,2026-06-11,02:34:40,221100,DAYZ,38,26201,Action,Bohemia Interactive,"Dec 13, 2018",49.99
c47c99f9,2026-06-11,02:34:40,553850,HELLDIVERS™ 2,39,26488,Action,Arrowhead Game Studios,"8 Feb, 2024",39.99
05cf3563,2026-06-11,02:34:40,218620,PAYDAY 2,40,24853,Action,OVERKILL - a Starbreeze Studio.,"Aug 13, 2013",9.99
8ec0f049,2026-06-11,02:34:40,489830,THE ELDER SCROLLS V: SKYRIM SPECIAL EDITION,41,24108,RPG,Bethesda Game Studios,"Oct 27, 2016",39.99
0ed79fe1,2026-06-11,02:34:40,252950,ROCKET LEAGUE®,42,23296,Action,Psyonix LLC,"Jul 7, 2015",0.0
291d7c0e,2026-06-11,02:34:40,294100,RIMWORLD,43,22628,Indie,Ludeon Studios,"Oct 17, 2018",34.99
ce1c6fd2,2026-06-11,02:34:40,108600,PROJECT ZOMBOID,44,22238,Indie,The Indie Stone,"Nov 8, 2013",19.99
369da06e,2026-06-11,02:34:40,289070,SID MEIER’S CIVILIZATION® VI,45,21691,Strategy,Firaxis Games,"Oct 21, 2016",59.99
eb2557ce,2026-06-11,02:34:40,1623730,PALWORLD,46,21545,Action,Pocketpair,"Jan 19, 2024",29.99
f6a539fb,2026-06-11,02:34:40,2399830,ARK: SURVIVAL ASCENDED,47,21080,Action,Studio Wildcard,"Oct 25, 2023",44.99
51727ea5,2026-06-11,02:34:40,105600,TERRARIA,48,20933,Action,Re-Logic,"May 16, 2011",9.99
db1d0a99,2026-06-11,02:34:40,1222670,THE SIMS™ 4,49,20555,Adventure,Maxis,"Jun 18, 2020",0.0
49417056,2026-06-11,02:34:40,394360,HEARTS OF IRON IV,50,20550,Simulation,Paradox Development Studio,"Jun 6, 2016",49.99
1f1dad7b,2026-06-11,02:34:40,526870,SATISFACTORY,51,20190,Adventure,Coffee Stain Studios,"Sep 10, 2024",27.99
c3d9efad,2026-06-11,02:34:40,1281930,TMODLOADER,52,19602,Action,TML Team,"May 16, 2020",0.0
e2504b65,2026-06-11,02:34:40,1091500,CYBERPUNK 2077,53,19455,RPG,CD PROJEKT RED,"Dec 9, 2020",20.99
f83a9f43,2026-06-11,02:34:40,2923300,BANANA,54,19395,Adventure,Sky,"Apr 23, 2024",0.0
78e915ed,2026-06-11,02:34:40,3472040,NBA 2K26,55,19237,Sports,Visual Concepts,"Sep 4, 2025",19.99
1a68609b,2026-06-11,02:34:40,3513350,WUTHERING WAVES,56,19148,Action,KURO GAMES,"Apr 28, 2025",0.0
96ef84f4,2026-06-11,02:34:40,4704690,MECCHA CHAMELEON,57,19006,Casual,lemorion_1224,"9 Jun, 2026",3.19
ad05fc09,2026-06-11,02:34:40,3321460,CRIMSON DESERT,58,18646,Action,Pearl Abyss,"Mar 19, 2026",69.99
9d27b526,2026-06-11,02:34:40,1174180,RED DEAD REDEMPTION 2,59,18387,Action,Rockstar Games,"Dec 5, 2019",59.99
d794e683,2026-06-11,02:34:40,3065800,MARATHON,60,17986,Action,Bungie,"Mar 5, 2026",31.99
dbe3a683,2026-06-11,02:34:40,1142710,TOTAL WAR: WARHAMMER III,61,17452,Action,CREATIVE ASSEMBLY,"Feb 17, 2022",59.99
1bff3d21,2026-06-11,02:34:40,1449850,YU-GI-OH! MASTER DUEL,62,17431,Simulation,KONAMI,"18 Jan, 2022",0.0
b473fd1a,2026-06-11,02:34:40,2246340,MONSTER HUNTER WILDS,63,17419,Action,"CAPCOM Co., Ltd.","27 Feb, 2025",22.04
8949c56f,2026-06-11,02:34:40,4000,GARRY'S MOD,64,17266,Casual,Facepunch Studios,"Nov 29, 2006",4.99
335df139,2026-06-11,02:34:40,1326470,SONS OF THE FOREST,65,16686,Action,Endnight Games Ltd,"22 Feb, 2024",8.69
3def3c31,2026-06-11,02:34:40,813780,AGE OF EMPIRES II: DEFINITIVE EDITION,66,16320,Strategy,World's Edge,"Nov 14, 2019",12.24
b7e9754a,2026-06-11,02:34:40,3551340,FOOTBALL MANAGER 26,67,16031,Simulation,Sports Interactive,"Nov 4, 2025",59.99
84e66412,2026-06-11,02:34:40,250900,THE BINDING OF ISAAC: REBIRTH,68,15678,Action,"Nicalis, Inc.","Nov 4, 2014",14.99
96fe1217,2026-06-11,02:34:40,251570,7 DAYS TO DIE,69,15638,Action,The Fun Pimps,"Jul 25, 2024",44.99
b6c37467,2026-06-11,02:34:40,240,COUNTER-STRIKE: SOURCE,70,15519,Action,Valve,"1 Nov, 2004",5.79
8cef4143,2026-06-11,02:34:40,1962700,SUBNAUTICA 2,71,14645,Action,Unknown Worlds Entertainment,"May 14, 2026",29.99
12335db9,2026-06-11,02:34:40,284160,BEAMNG.DRIVE,72,14457,Racing,BeamNG,"May 29, 2015",24.99
304f3de8,2026-06-11,02:34:40,892970,VALHEIM,73,14440,Action,Iron Gate AB,"Feb 2, 2021",9.99
93f803e1,2026-06-11,02:34:40,582660,BLACK DESERT,74,14057,Action,Pearl Abyss,"May 24, 2017",0.99
501a817f,2026-06-11,02:34:40,582010,MONSTER HUNTER: WORLD,75,14060,Action,"CAPCOM Co., Ltd.","Aug 8, 2018",7.79
cad425ee,2026-06-11,02:34:40,1364780,STREET FIGHTER™ 6,76,13692,Action,"CAPCOM Co., Ltd.","Jun 1, 2023",19.99
edfeaaf7,2026-06-11,02:34:40,2050650,RESIDENT EVIL 4,77,13665,Action,"CAPCOM Co., Ltd.","23 Mar, 2023",9.99
65f43999,2026-06-11,02:34:40,346110,ARK: SURVIVAL EVOLVED,78,13576,Action,Studio Wildcard,"Aug 27, 2017",14.99
64285310,2026-06-11,02:34:40,594650,HUNT: SHOWDOWN 1896,79,13527,Action,Crytek,"Aug 27, 2019",13.49
405ceca4,2026-06-11,02:34:40,322330,DON'T STARVE TOGETHER,80,13089,Action,Klei Entertainment,"Apr 21, 2016",14.99
9d840fa1,2026-06-11,02:34:40,2183900,"WARHAMMER 40,000: SPACE MARINE 2",81,13288,Action,Saber Interactive,"9 Sep, 2024",17.99
d6113b35,2026-06-11,02:34:40,427520,FACTORIO,82,13232,Casual,Wube Software LTD.,"Aug 14, 2020",35.0
ee510d5e,2026-06-11,02:34:40,261550,MOUNT & BLADE II: BANNERLORD,83,13200,Action,TaleWorlds Entertainment,"Oct 25, 2022",24.99
7f26673d,2026-06-11,02:34:40,2300320,FARMING SIMULATOR 25,84,13145,Simulation,GIANTS Software,"Nov 12, 2024",29.99
554c3c97,2026-06-11,02:34:40,275850,NO MAN'S SKY,85,12997,Action,Hello Games,"Aug 12, 2016",59.99
d01a1c8a,2026-06-11,02:34:40,1158310,CRUSADER KINGS III,86,12954,RPG,Paradox Development Studio,"Sep 1, 2020",14.99
5802ecc9,2026-06-11,02:34:40,2622380,ELDEN RING NIGHTREIGN,87,12889,Action,"FromSoftware, Inc.","29 May, 2025",39.99
4e7722b4,2026-06-11,02:34:40,1203220,NARAKA: BLADEPOINT,88,12087,Action,24 Entertainment,"11 Aug, 2021",0.0
aa67db55,2026-06-11,02:34:40,3892270,GAMBLE WITH YOUR FRIENDS,89,12727,Adventure,SkyBrave,"1 May, 2026",4.95
ae0dbbf2,2026-06-11,02:34:40,1905180,OBS STUDIO,90,12563,Utilities,OBS Project,"Mar 21, 2022",0.0
77886d9e,2026-06-11,02:34:40,3564740,WHERE WINDS MEET,91,12308,Action,Everstone Studio,"14 Nov, 2025",0.0
dff0412d,2026-06-11,02:34:40,3768760,007 FIRST LIGHT,92,12188,Action,IO Interactive A/S,"May 26, 2026",69.99
383e1a22,2026-06-11,02:34:40,1943950,ESCAPE THE BACKROOMS,93,11731,Action,Fancy Games,"Oct 23, 2025",7.99
14f1c59b,2026-06-11,02:34:40,2073620,ARENA BREAKOUT: INFINITE,94,11817,Action,Morefun Studios,"Sep 15, 2025",0.0
97dd9e93,2026-06-11,02:34:40,2073850,THE FINALS,95,11666,Action,Embark Studios,"Dec 7, 2023",0.0
b51bd64e,2026-06-11,02:34:40,3527290,PEAK,96,11663,Action,Team PEAK,"16 Jun, 2025",7.49
7af309d3,2026-06-11,02:34:40,3932890,ESCAPE FROM TARKOV,97,11297,Action,Battlestate Games,"Nov 15, 2025",49.99
a2fe376e,2026-06-11,02:34:40,440900,CONAN EXILES ENHANCED,98,11268,Action,Funcom,"May 8, 2018",29.99
8b1ac154,2026-06-11,02:34:40,1623660,MIR4,99,11245,Action,Wemade Next,"Aug 25, 2021",0.0
7313c1e4,2026-06-11,02:34:40,291550,BRAWLHALLA,100,11141,Action,Blue Mammoth Games,"Oct 17, 2017",0.0
3e916b29,2026-06-11,02:34:40,2215200,LEGO® BATMAN™: LEGACY OF THE DARK KNIGHT,,4820,Action,TT Games,"22 May, 2026",28999.0
18929b5b,2026-06-11,02:34:40,4197610,LIBRARIAN: TIDY UP THE ARCANE LIBRARY!,,8403,Casual,ArtRising,"Apr 30, 2026",5.99
61767862,2026-06-11,02:34:40,304930,UNTURNED,,9007,Action,Smartly Dressed Games,"Jul 7, 2017",0.0
04a4f9e4,2026-06-11,02:34:40,3780860,HELL LET LOOSE VIETNAM: PLAYTEST,,0,Other,,"Apr 20, 2026",0.0
594198ec,2026-06-11,02:34:40,3105440,HEROES OF MIGHT AND MAGIC: OLDEN ERA,,3920,RPG,Unfrozen,"Apr 30, 2026",29.99
27a828af,2026-06-11,02:34:40,264710,SUBNAUTICA,,7164,Adventure,Unknown Worlds Entertainment,"Jan 23, 2018",7.49
142ee6a5,2026-06-11,02:34:40,2479810,GRAY ZONE WARFARE,,3572,Action,"MADFINGER Games, a.s.","Apr 30, 2024",39.99
26a50353,2026-06-11,02:34:40,3357650,PRAGMATA,,1713,Action,"CAPCOM Co., Ltd.","Apr 17, 2026",59.99
a1da6abf,2026-06-11,02:34:40,1716740,STARFIELD,,4118,RPG,Bethesda Game Studios,"Sep 5, 2023",49.99
60962972,2026-06-11,02:34:40,2584990,SHADOWVERSE: WORLDS BEYOND,,3514,Casual,"Cygames, Inc.","Jun 14, 2025",0.0
6c32c50b,2026-06-11,02:34:40,1297900,GOTHIC 1 REMAKE,,10997,Action,Alkimia Interactive,"5 Jun, 2026",33.99
65f96112,2026-06-11,02:34:40,8930,SID MEIER'S CIVILIZATION® V,,11102,Strategy,Firaxis Games,"Sep 21, 2010",29.99
10c65b84,2026-06-11,02:34:40,2119830,MISERY,,693,Action,Platypus Entertainment,"23 Oct, 2025",8.41
218a83b0,2026-06-11,02:34:40,2252570,FOOTBALL MANAGER 2024,,9690,Simulation,Sports Interactive,"Nov 6, 2023",0.0
8992a9ea,2026-06-11,02:34:40,1974050,TORCHLIGHT: INFINITE,,530,Action,XD,"May 9, 2023",0.0
0967f145,2026-06-11,02:34:40,3764200,RESIDENT EVIL REQUIEM,,6601,Action,"CAPCOM Co., Ltd.","Feb 26, 2026",69.99
a69acae7,2026-06-11,02:34:40,3164500,SCHEDULE I,,10466,Action,TVGS,"Mar 24, 2025",19.99
c6a58fce,2026-06-11,02:34:40,216150,MAPLESTORY,,10478,Action,NEXON Korea Corporation,"Aug 9, 2012",0.0
15d754b1,2026-06-11,02:34:40,1604030,V RISING,,4504,Action,Stunlock Studios,"May 8, 2024",15.74
ed984a1d,2026-06-11,02:34:40,552990,WORLD OF WARSHIPS,,5283,Action,Wargaming Group Limited,"Nov 15, 2017",0.0
771191ac,2026-06-11,02:34:40,1874880,ARMA REFORGER,,9741,Action,Bohemia Interactive,"Nov 16, 2023",39.99
8831d94b,2026-06-11,02:34:40,3679080,THE SEVEN DEADLY SINS: ORIGIN,,4466,Action,Netmarble F&C,"Mar 16, 2026",0.0
cb4a2f62,2026-06-11,02:34:40,3265700,VAMPIRE CRAWLERS: THE TURBO WILDCARD FROM VAMPIRE SURVIVORS,,1485,Action,poncle,"Apr 21, 2026",9.99
46fd341c,2026-06-11,02:34:40,1973530,LIMBUS COMPANY,,2995,Other,ProjectMoon,"26 Feb, 2023",0.0
36629b5d,2026-06-11,02:34:40,1295660,SID MEIER'S CIVILIZATION VII,,8264,Simulation,Firaxis Games,"Feb 10, 2025",41.99
5ecd0d1c,2026-06-11,02:34:40,1118520,PARALIVES,,10926,Simulation,Alex Massé and team,"25 May, 2026",44.99
f2dca9b8,2026-06-11,02:34:40,238960,PATH OF EXILE,,3058,Action,Grinding Gear Games,"23 Oct, 2013",0.0
3e9a43b3,2026-06-11,02:34:40,4128580,BIDKING,,2357,Casual,MindSurge Network & Games,"Apr 15, 2026",2.99
1fba69da,2026-06-11,02:34:40,2605790,DEEP ROCK GALACTIC: ROGUE CORE,,2146,Action,Ghost Ship Games,"20 May, 2026",29.99
34b84482,2026-06-11,02:34:40,377160,FALLOUT 4,,9770,RPG,Bethesda Game Studios,"Nov 9, 2015",19.99
88d15254,2026-06-11,02:34:40,376210,THE ISLE,,10152,Action,Afterthought LLC,"Dec 1, 2015",19.99
c208c5f4,2026-06-11,02:34:40,1665460,EFOOTBALL™,,3932,Simulation,KONAMI,"Sep 29, 2021",0.0
e60277d0,2026-06-11,02:34:40,3124540,FAR FAR WEST,,3686,Action,Evil Raptor,"Apr 28, 2026",17.99
7840754c,2026-06-11,02:34:40,1476970,IDLEON,,7888,Casual,Lavaflame2,"Nov 6, 2025",0.0
2de6a2f4,2026-06-11,02:34:40,220200,KERBAL SPACE PROGRAM,,5290,Indie,Squad,"Apr 27, 2015",39.99
9ce6211a,2026-06-11,02:34:40,1144200,READY OR NOT,,6817,Action,VOID Interactive,"Dec 13, 2023",24.99
5d02579b,2026-06-11,02:34:40,2646460,SOULMASK,,2478,Adventure,CampFire Studio,"Apr 9, 2026",29.99
715f894f,2026-06-11,02:34:40,4025700,HEARTOPIA,,8282,Casual,XD,"16 Jan, 2026",0.0
0b8ff4c2,2026-06-11,02:34:40,270880,AMERICAN TRUCK SIMULATOR,,7948,Indie,SCS Software,"Feb 2, 2016",4.99
f0cc8cf1,2026-06-11,02:34:40,3041230,WINDROSE,,10783,Action,Kraken Express,"Apr 14, 2026",29.99
48b25b53,2026-06-11,02:34:40,739630,PHASMOPHOBIA,,8856,Action,Kinetic Games,"Sep 18, 2020",19.99
51ec098f,2026-06-11,02:34:40,1203620,ENSHROUDED,,6645,Action,Keen Games GmbH,"Jan 24, 2024",23.99
71099338,2026-06-11,02:34:40,3224770,UMAMUSUME: PRETTY DERBY,,5968,Simulation,"Cygames, Inc.","24 Jun, 2025",0.0
820750f1,2026-06-11,02:34:40,4465480,COUNTER-STRIKE:GLOBAL OFFENSIVE,,11181,Action,Valve,"Aug 21, 2012",0.0
d3759812,2026-06-11,02:34:40,306130,THE ELDER SCROLLS® ONLINE,,9655,Action,ZeniMax Online Studios,"May 22, 2017",19.99
277574bd,2026-06-11,02:34:40,2344520,DIABLO® IV,,8292,Action,"Blizzard Entertainment, Inc.","Oct 17, 2023",49.99
7535576c,2026-06-11,02:34:40,2707930,PALIA,,8487,Adventure,Singularity 6 Corporation,"Mar 25, 2024",0.0
74553b60,2026-06-11,02:34:40,281990,STELLARIS,,10139,Simulation,Paradox Development Studio,"May 9, 2016",39.99
e0199815,2026-06-11,02:34:40,227300,EURO TRUCK SIMULATOR 2,,10110,Indie,SCS Software,"Oct 12, 2012",19.99
fdc2e18f,2026-06-11,02:34:40,629520,SOUNDPAD,,9563,Audio Production,Leppsoft,"Sep 30, 2017",4.99
28bc90f0,2026-06-11,02:34:40,960090,BLOONS TD 6,,8140,Strategy,Ninja Kiwi,"Dec 17, 2018",13.99
5f40c387,2026-06-12,02:29:39,730,COUNTER-STRIKE 2,1,546601,Action,Valve,"21 Aug, 2012",0.0
cf942796,2026-06-12,02:29:39,3678970,TBH: TASK BAR HERO,2,440064,Casual,Nugem Studio,"27 May, 2026",0.0
5021f3b8,2026-06-12,02:29:39,570,DOTA 2,3,307535,Action,Valve,"Jul 9, 2013",0.0
5dde278d,2026-06-12,02:29:39,2694490,PATH OF EXILE 2,4,158995,Action,Grinding Gear Games,"Dec 6, 2024",29.99
53808fd2,2026-06-12,02:29:39,1085660,DESTINY 2,5,126508,Action,Bungie,"Oct 1, 2019",0.0
9982266a,2026-06-12,02:29:39,578080,PUBG: BATTLEGROUNDS,6,121113,Action,PUBG Corporation,"21 Dec, 2017",0.0
b2f9dce8,2026-06-12,02:29:39,3419430,BONGO CAT,7,108844,Casual,Marcel Zurawka,"Mar 5, 2025",0.0
8370a1e7,2026-06-12,02:29:39,2676230,FIVEM,8,118333,Other,,,0.0
8d87d3e1,2026-06-12,02:29:39,2767030,MARVEL RIVALS,9,87337,Action,NetEase Games,"5 Dec, 2024",0.0
269a3bd1,2026-06-12,02:29:39,252490,RUST,10,80145,Action,Facepunch Studios,"Feb 8, 2018",39.99
bb811e73,2026-06-12,02:29:39,2483190,FORZA HORIZON 6,11,78550,Racing,Playground Games,"18 May, 2026",69.99
17327323,2026-06-12,02:29:39,359550,TOM CLANCY'S RAINBOW SIX SIEGE,12,77810,Action,Ubisoft Montreal,"Dec 1, 2015",0.0
da6b8b56,2026-06-12,02:29:39,2868840,SLAY THE SPIRE 2,13,73272,Indie,Mega Crit,"Mar 5, 2026",24.99
cf37418e,2026-06-12,02:29:39,2357570,OVERWATCH®,14,72219,Action,"Blizzard Entertainment, Inc.","Aug 10, 2023",0.0
2fea6700,2026-06-12,02:29:39,1172470,APEX LEGENDS™,15,62625,Action,Respawn,"4 Nov, 2020",0.0
4c434abe,2026-06-12,02:29:39,431960,WALLPAPER ENGINE,16,60671,Casual,Wallpaper Engine Team,"Nov 16, 2018",4.99
1589d918,2026-06-12,02:29:39,1422450,DEADLOCK,17,0,Action,Valve,To be announced,0.0
1837d752,2026-06-12,02:29:39,3405690,EA SPORTS FC™ 26,18,49338,Simulation,EA Canada,"25 Sep, 2025",20.99
af489a43,2026-06-12,02:29:39,381210,DEAD BY DAYLIGHT,19,50613,Action,Behaviour Interactive Inc.,"Jun 14, 2016",7.99
abd7fd8c,2026-06-12,02:29:39,1973530,LIMBUS COMPANY,20,46949,Other,ProjectMoon,"26 Feb, 2023",0.0
cc1d4d1d,2026-06-12,02:29:39,271590,GRAND THEFT AUTO V LEGACY,21,46759,Action,Rockstar North,"Apr 13, 2015",0.0
382ba384,2026-06-12,02:29:39,413150,STARDEW VALLEY,22,45425,Indie,ConcernedApe,"Feb 26, 2016",14.99
e838e52f,2026-06-12,02:29:39,230410,WARFRAME,23,44988,Action,Digital Extremes,"25 Mar, 2013",0.0
0ee1d3eb,2026-06-12,02:29:39,322170,GEOMETRY DASH,24,42605,Action,RobTop Games,"Dec 22, 2014",4.99
19fea267,2026-06-12,02:29:39,440,TEAM FORTRESS 2,25,39437,Action,Valve,"Oct 10, 2007",0.0
236c197b,2026-06-12,02:29:39,438100,VRCHAT,26,41065,Adventure,VRChat Inc.,"1 Feb, 2017",0.0
565f3ad7,2026-06-12,02:29:39,1086940,BALDUR'S GATE 3,27,40638,Adventure,Larian Studios,"Aug 3, 2023",59.99
2b5bb7b4,2026-06-12,02:29:39,1808500,ARC RAIDERS,28,39219,Action,Embark Studios,"30 Oct, 2025",39.99
960db1c0,2026-06-12,02:29:39,2807960,BATTLEFIELD™ 6,29,38016,Action,Battlefield Studios,"10 Oct, 2025",41.99
101b44d8,2026-06-12,02:29:39,1938090,CALL OF DUTY®,30,36804,Action,Treyarch,"Oct 27, 2022",0.0
e7c666ef,2026-06-12,02:29:39,2507950,DELTA FORCE,31,35433,Action,Team Jade,"4 Dec, 2024",0.0
b89b92aa,2026-06-12,02:29:39,3241660,R.E.P.O.,32,34015,Action,semiwork,"Feb 26, 2025",9.99
c258899a,2026-06-12,02:29:39,1366800,CROSSHAIR X,33,33737,Action,CenterPoint Gaming,"Aug 17, 2020",9.99
92fa2821,2026-06-12,02:29:39,236390,WAR THUNDER,34,31138,Action,Gaijin Entertainment,"Aug 15, 2013",0.0
68589dda,2026-06-12,02:29:39,3240220,GRAND THEFT AUTO V ENHANCED,35,29650,Action,Rockstar North,"Mar 4, 2025",19.79
540ce683,2026-06-12,02:29:39,1245620,ELDEN RING,36,29676,Action,"FromSoftware, Inc.","Feb 24, 2022",59.99
788727b9,2026-06-12,02:29:39,550,LEFT 4 DEAD 2,37,28813,Action,Valve,"Nov 16, 2009",9.99
bd6ff0ac,2026-06-12,02:29:39,221100,DAYZ,38,26882,Action,Bohemia Interactive,"Dec 13, 2018",49.99
01b89e97,2026-06-12,02:29:39,4704690,MECCHA CHAMELEON,39,26321,Casual,lemorion_1224,"9 Jun, 2026",3.19
39acad6e,2026-06-12,02:29:39,39210,FINAL FANTASY XIV ONLINE,40,26246,Massively Multiplayer,Square Enix,"Feb 18, 2014",19.99
9a6f85a8,2026-06-12,02:29:39,553850,HELLDIVERS™ 2,41,25805,Action,Arrowhead Game Studios,"8 Feb, 2024",39.99
f479093e,2026-06-12,02:29:39,218620,PAYDAY 2,42,24777,Action,OVERKILL - a Starbreeze Studio.,"Aug 13, 2013",9.99
316fb72b,2026-06-12,02:29:39,489830,THE ELDER SCROLLS V: SKYRIM SPECIAL EDITION,43,23945,RPG,Bethesda Game Studios,"Oct 27, 2016",39.99
0c23f2d0,2026-06-12,02:29:39,394360,HEARTS OF IRON IV,44,23454,Simulation,Paradox Development Studio,"Jun 6, 2016",49.99
a14bef6a,2026-06-12,02:29:39,294100,RIMWORLD,45,22435,Indie,Ludeon Studios,"Oct 17, 2018",34.99
9c7d06e3,2026-06-12,02:29:39,252950,ROCKET LEAGUE®,46,22363,Action,Psyonix LLC,"Jul 7, 2015",0.0
cd63ce50,2026-06-12,02:29:39,108600,PROJECT ZOMBOID,47,22191,Indie,The Indie Stone,"Nov 8, 2013",19.99
71ffe49d,2026-06-12,02:29:39,105600,TERRARIA,48,21328,Action,Re-Logic,"May 16, 2011",9.99
0d90206d,2026-06-12,02:29:39,289070,SID MEIER’S CIVILIZATION® VI,49,21318,Strategy,Firaxis Games,"Oct 21, 2016",59.99
68b2a60e,2026-06-12,02:29:39,1623730,PALWORLD,50,21138,Action,Pocketpair,"Jan 19, 2024",29.99
37296475,2026-06-12,02:29:39,4465480,COUNTER-STRIKE:GLOBAL OFFENSIVE,51,21070,Action,Valve,"Aug 21, 2012",0.0
f2b41a58,2026-06-12,02:29:39,1222670,THE SIMS™ 4,52,20592,Adventure,Maxis,"Jun 18, 2020",0.0
1aecc1b6,2026-06-12,02:29:39,526870,SATISFACTORY,53,19796,Adventure,Coffee Stain Studios,"Sep 10, 2024",27.99
201f50a0,2026-06-12,02:29:39,3472040,NBA 2K26,54,19987,Sports,Visual Concepts,"Sep 4, 2025",19.99
e796576f,2026-06-12,02:29:39,1091500,CYBERPUNK 2077,55,19699,RPG,CD PROJEKT RED,"Dec 9, 2020",20.99
65b1b28c,2026-06-12,02:29:39,322330,DON'T STARVE TOGETHER,56,18700,Action,Klei Entertainment,"Apr 21, 2016",14.99
73a06e64,2026-06-12,02:29:39,2399830,ARK: SURVIVAL ASCENDED,57,18393,Action,Studio Wildcard,"Oct 25, 2023",44.99
50155edc,2026-06-12,02:29:39,3321460,CRIMSON DESERT,58,18317,Action,Pearl Abyss,"Mar 19, 2026",69.99
c3450ded,2026-06-12,02:29:39,1174180,RED DEAD REDEMPTION 2,59,18017,Action,Rockstar Games,"Dec 5, 2019",59.99
e79da807,2026-06-12,02:29:39,1281930,TMODLOADER,60,17834,Action,TML Team,"May 16, 2020",0.0
1fb0a1a5,2026-06-12,02:29:39,4000,GARRY'S MOD,61,17656,Casual,Facepunch Studios,"Nov 29, 2006",4.99
189f466b,2026-06-12,02:29:39,2246340,MONSTER HUNTER WILDS,62,17359,Action,"CAPCOM Co., Ltd.","27 Feb, 2025",22.04
08e57d70,2026-06-12,02:29:39,3513350,WUTHERING WAVES,63,17340,Action,KURO GAMES,"Apr 28, 2025",0.0
e2b57b07,2026-06-12,02:29:39,1142710,TOTAL WAR: WARHAMMER III,64,17135,Action,CREATIVE ASSEMBLY,"Feb 17, 2022",59.99
043cd4f4,2026-06-12,02:29:39,3551340,FOOTBALL MANAGER 26,65,16310,Simulation,Sports Interactive,"Nov 4, 2025",59.99
21252699,2026-06-12,02:29:39,2923300,BANANA,66,14878,Adventure,Sky,"Apr 23, 2024",0.0
0e07fc69,2026-06-12,02:29:39,813780,AGE OF EMPIRES II: DEFINITIVE EDITION,67,16004,Strategy,World's Edge,"Nov 14, 2019",12.24
c8521a5b,2026-06-12,02:29:39,1665460,EFOOTBALL™,68,15340,Simulation,KONAMI,"Sep 29, 2021",0.0
68315302,2026-06-12,02:29:39,1449850,YU-GI-OH! MASTER DUEL,69,15827,Simulation,KONAMI,"18 Jan, 2022",0.0
1c638bc6,2026-06-12,02:29:39,251570,7 DAYS TO DIE,70,15839,Action,The Fun Pimps,"Jul 25, 2024",44.99
49d995d3,2026-06-12,02:29:39,3065800,MARATHON,71,15837,Action,Bungie,"Mar 5, 2026",31.99
466bbb1b,2026-06-12,02:29:39,250900,THE BINDING OF ISAAC: REBIRTH,72,15728,Action,"Nicalis, Inc.","Nov 4, 2014",14.99
36c68c6e,2026-06-12,02:29:39,582660,BLACK DESERT,73,15480,Action,Pearl Abyss,"May 24, 2017",0.99
94272b77,2026-06-12,02:29:39,1326470,SONS OF THE FOREST,74,15343,Action,Endnight Games Ltd,"22 Feb, 2024",8.69
88ea2d7b,2026-06-12,02:29:39,284160,BEAMNG.DRIVE,75,14279,Racing,BeamNG,"May 29, 2015",24.99
3dcd971b,2026-06-12,02:29:39,892970,VALHEIM,76,14493,Action,Iron Gate AB,"Feb 2, 2021",9.99
9af031d5,2026-06-12,02:29:39,582010,MONSTER HUNTER: WORLD,77,13622,Action,"CAPCOM Co., Ltd.","Aug 8, 2018",7.79
625e3afe,2026-06-12,02:29:39,1364780,STREET FIGHTER™ 6,78,13807,Action,"CAPCOM Co., Ltd.","Jun 1, 2023",19.99
258fb08e,2026-06-12,02:29:39,2050650,RESIDENT EVIL 4,79,13507,Action,"CAPCOM Co., Ltd.","23 Mar, 2023",9.99
dc532720,2026-06-12,02:29:39,2300320,FARMING SIMULATOR 25,80,13471,Simulation,GIANTS Software,"Nov 12, 2024",29.99
d30f3343,2026-06-12,02:29:39,1962700,SUBNAUTICA 2,81,13247,Action,Unknown Worlds Entertainment,"May 14, 2026",29.99
8e0beaa6,2026-06-12,02:29:39,346110,ARK: SURVIVAL EVOLVED,82,13239,Action,Studio Wildcard,"Aug 27, 2017",14.99
d9eea23f,2026-06-12,02:29:39,427520,FACTORIO,83,13262,Casual,Wube Software LTD.,"Aug 14, 2020",35.0
b7121250,2026-06-12,02:29:39,261550,MOUNT & BLADE II: BANNERLORD,84,12866,Action,TaleWorlds Entertainment,"Oct 25, 2022",24.99
e207cd30,2026-06-12,02:29:39,1905180,OBS STUDIO,85,12865,Utilities,OBS Project,"Mar 21, 2022",0.0
7f22ab5e,2026-06-12,02:29:39,2183900,"WARHAMMER 40,000: SPACE MARINE 2",86,12869,Action,Saber Interactive,"9 Sep, 2024",17.99
6dc70e5b,2026-06-12,02:29:39,1158310,CRUSADER KINGS III,87,12862,RPG,Paradox Development Studio,"Sep 1, 2020",14.99
62579d12,2026-06-12,02:29:39,2622380,ELDEN RING NIGHTREIGN,88,12612,Action,"FromSoftware, Inc.","29 May, 2025",39.99
a0b573d7,2026-06-12,02:29:39,594650,HUNT: SHOWDOWN 1896,89,12653,Action,Crytek,"Aug 27, 2019",13.49
3ec1eb75,2026-06-12,02:29:39,275850,NO MAN'S SKY,90,12329,Action,Hello Games,"Aug 12, 2016",59.99
641a88d6,2026-06-12,02:29:39,2073620,ARENA BREAKOUT: INFINITE,91,12342,Action,Morefun Studios,"Sep 15, 2025",0.0
da022b7e,2026-06-12,02:29:39,2073850,THE FINALS,92,12280,Action,Embark Studios,"Dec 7, 2023",0.0
e56463f4,2026-06-12,02:29:39,1203220,NARAKA: BLADEPOINT,93,11328,Action,24 Entertainment,"11 Aug, 2021",0.0
ebc798a1,2026-06-12,02:29:39,3892270,GAMBLE WITH YOUR FRIENDS,94,11973,Adventure,SkyBrave,"1 May, 2026",4.95
e9200b00,2026-06-12,02:29:39,3527290,PEAK,95,11675,Action,Team PEAK,"16 Jun, 2025",7.49
19c216df,2026-06-12,02:29:39,4128580,BIDKING,96,11623,Casual,MindSurge Network & Games,"Apr 15, 2026",2.99
2ae4c5e6,2026-06-12,02:29:39,3932890,ESCAPE FROM TARKOV,97,11450,Action,Battlestate Games,"Nov 15, 2025",49.99
19d524c9,2026-06-12,02:29:39,3768760,007 FIRST LIGHT,98,11378,Action,IO Interactive A/S,"May 26, 2026",69.99
0478ffc9,2026-06-12,02:29:39,440900,CONAN EXILES ENHANCED,99,11233,Action,Funcom,"May 8, 2018",29.99
6091a236,2026-06-12,02:29:39,291550,BRAWLHALLA,100,11188,Action,Blue Mammoth Games,"Oct 17, 2017",0.0
6d9401d2,2026-06-12,02:29:39,3564740,WHERE WINDS MEET,,11046,Action,Everstone Studio,"14 Nov, 2025",0.0
672258f1,2026-06-12,02:29:39,1144200,READY OR NOT,,6606,Action,VOID Interactive,"Dec 13, 2023",24.99
03920a4d,2026-06-12,02:29:39,2479810,GRAY ZONE WARFARE,,3703,Action,"MADFINGER Games, a.s.","Apr 30, 2024",39.99
f3619c75,2026-06-12,02:29:39,306130,THE ELDER SCROLLS® ONLINE,,9489,Action,ZeniMax Online Studios,"May 22, 2017",19.99
d9f4709e,2026-06-12,02:29:39,3041230,WINDROSE,,10496,Action,Kraken Express,"Apr 14, 2026",29.99
0278c40d,2026-06-12,02:29:39,552990,WORLD OF WARSHIPS,,4892,Action,Wargaming Group Limited,"Nov 15, 2017",0.0
d23e8c07,2026-06-12,02:29:39,8930,SID MEIER'S CIVILIZATION® V,,11010,Strategy,Firaxis Games,"Sep 21, 2010",29.99
81c9d461,2026-06-12,02:29:39,304930,UNTURNED,,9565,Action,Smartly Dressed Games,"Jul 7, 2017",0.0
55609208,2026-06-12,02:29:39,3105440,HEROES OF MIGHT AND MAGIC: OLDEN ERA,,3952,RPG,Unfrozen,"Apr 30, 2026",29.99
6170b349,2026-06-12,02:29:39,264710,SUBNAUTICA,,6806,Adventure,Unknown Worlds Entertainment,"Jan 23, 2018",7.49
cc5be258,2026-06-12,02:29:39,3764200,RESIDENT EVIL REQUIEM,,6328,Action,"CAPCOM Co., Ltd.","Feb 26, 2026",69.99
93f34a40,2026-06-12,02:29:39,1295660,SID MEIER'S CIVILIZATION VII,,8273,Simulation,Firaxis Games,"Feb 10, 2025",41.99
e162d1ad,2026-06-12,02:29:39,2646460,SOULMASK,,2411,Adventure,CampFire Studio,"Apr 9, 2026",29.99
06738f96,2026-06-12,02:29:39,739630,PHASMOPHOBIA,,8197,Action,Kinetic Games,"Sep 18, 2020",19.99
7f2f6404,2026-06-12,02:29:39,629520,SOUNDPAD,,9924,Audio Production,Leppsoft,"Sep 30, 2017",4.99
d7d96a32,2026-06-12,02:29:39,3265700,VAMPIRE CRAWLERS: THE TURBO WILDCARD FROM VAMPIRE SURVIVORS,,1377,Action,poncle,"Apr 21, 2026",9.99
93ad9eb4,2026-06-12,02:29:39,3357650,PRAGMATA,,1675,Action,"CAPCOM Co., Ltd.","Apr 17, 2026",59.99
b862c494,2026-06-12,02:29:39,1623660,MIR4,,11206,Action,Wemade Next,"Aug 25, 2021",0.0
02f16a5c,2026-06-12,02:29:39,3780860,HELL LET LOOSE VIETNAM: PLAYTEST,,0,Other,,"Apr 20, 2026",0.0
bfa0b642,2026-06-12,02:29:39,227300,EURO TRUCK SIMULATOR 2,,10073,Indie,SCS Software,"Oct 12, 2012",19.99
7caa4302,2026-06-12,02:29:39,2584990,SHADOWVERSE: WORLDS BEYOND,,3536,Casual,"Cygames, Inc.","Jun 14, 2025",0.0
c1d3eabf,2026-06-12,02:29:39,2119830,MISERY,,667,Action,Platypus Entertainment,"23 Oct, 2025",8.41
9cc70175,2026-06-12,02:29:39,2252570,FOOTBALL MANAGER 2024,,9514,Simulation,Sports Interactive,"Nov 6, 2023",0.0
4a1113c8,2026-06-12,02:29:39,1203620,ENSHROUDED,,6779,Action,Keen Games GmbH,"Jan 24, 2024",23.99
291a773e,2026-06-12,02:29:39,2215200,LEGO® BATMAN™: LEGACY OF THE DARK KNIGHT,,4241,Action,TT Games,"22 May, 2026",28999.0
ff8505c7,2026-06-12,02:29:39,4025700,HEARTOPIA,,7932,Casual,XD,"16 Jan, 2026",0.0
ae9bc414,2026-06-12,02:29:39,281990,STELLARIS,,10154,Simulation,Paradox Development Studio,"May 9, 2016",39.99
3f3285bb,2026-06-12,02:29:39,270880,AMERICAN TRUCK SIMULATOR,,7620,Indie,SCS Software,"Feb 2, 2016",4.99
c81638eb,2026-06-12,02:29:39,238960,PATH OF EXILE,,3044,Action,Grinding Gear Games,"23 Oct, 2013",0.0
89c00757,2026-06-12,02:29:39,3224770,UMAMUSUME: PRETTY DERBY,,8220,Simulation,"Cygames, Inc.","24 Jun, 2025",0.0
fd64067d,2026-06-12,02:29:39,376210,THE ISLE,,9995,Action,Afterthought LLC,"Dec 1, 2015",19.99
3ffb0c7f,2026-06-12,02:29:39,3124540,FAR FAR WEST,,3584,Action,Evil Raptor,"Apr 28, 2026",17.99
48067658,2026-06-12,02:29:39,1716740,STARFIELD,,3798,RPG,Bethesda Game Studios,"Sep 5, 2023",49.99
ea161cf6,2026-06-12,02:29:39,2344520,DIABLO® IV,,9112,Action,"Blizzard Entertainment, Inc.","Oct 17, 2023",49.99
a00cf408,2026-06-12,02:29:39,216150,MAPLESTORY,,9788,Action,NEXON Korea Corporation,"Aug 9, 2012",0.0
52caea79,2026-06-12,02:29:39,3679080,THE SEVEN DEADLY SINS: ORIGIN,,4059,Action,Netmarble F&C,"Mar 16, 2026",0.0
c9bf8a49,2026-06-12,02:29:39,2605790,DEEP ROCK GALACTIC: ROGUE CORE,,2550,Action,Ghost Ship Games,"20 May, 2026",29.99
f432493a,2026-06-12,02:29:39,1118520,PARALIVES,,10073,Simulation,Alex Massé and team,"25 May, 2026",44.99
24a1c91d,2026-06-12,02:29:39,960090,BLOONS TD 6,,8385,Strategy,Ninja Kiwi,"Dec 17, 2018",13.99
91f90000,2026-06-12,02:29:39,240,COUNTER-STRIKE: SOURCE,,10127,Action,Valve,"1 Nov, 2004",5.79
f5f18617,2026-06-12,02:29:39,377160,FALLOUT 4,,9844,RPG,Bethesda Game Studios,"Nov 9, 2015",19.99
2852faa0,2026-06-12,02:29:39,1974050,TORCHLIGHT: INFINITE,,492,Action,XD,"May 9, 2023",0.0
b015e267,2026-06-12,02:29:39,4197610,LIBRARIAN: TIDY UP THE ARCANE LIBRARY!,,7770,Casual,ArtRising,"Apr 30, 2026",5.99
5ea89d29,2026-06-12,02:29:39,3164500,SCHEDULE I,,9899,Action,TVGS,"Mar 24, 2025",19.99
1ac6e8e2,2026-06-12,02:29:39,1604030,V RISING,,4199,Action,Stunlock Studios,"May 8, 2024",15.74
3abd1087,2026-06-12,02:29:39,1874880,ARMA REFORGER,,9880,Action,Bohemia Interactive,"Nov 16, 2023",39.99
8c1fedbd,2026-06-12,02:29:39,1476970,IDLEON,,8029,Casual,Lavaflame2,"Nov 6, 2025",0.0
22e33edb,2026-06-12,02:29:39,1297900,GOTHIC 1 REMAKE,,10994,Action,Alkimia Interactive,"5 Jun, 2026",33.99
368cb22d,2026-06-12,02:29:39,2707930,PALIA,,8141,Adventure,Singularity 6 Corporation,"Mar 25, 2024",0.0
7a3efc32,2026-06-12,02:29:39,1943950,ESCAPE THE BACKROOMS,,11004,Action,Fancy Games,"Oct 23, 2025",7.99
94958562,2026-06-12,02:29:39,220200,KERBAL SPACE PROGRAM,,5216,Indie,Squad,"Apr 27, 2015",39.99
cf6ef8d9,2026-06-13,02:10:31,730,COUNTER-STRIKE 2,1,632309,Action,Valve,"21 Aug, 2012",0.0
4c9eef6e,2026-06-13,02:10:31,3678970,TBH: TASK BAR HERO,2,454440,Casual,Nugem Studio,"27 May, 2026",0.0
a59a7afa,2026-06-13,02:10:31,570,DOTA 2,3,323017,Action,Valve,"Jul 9, 2013",0.0
4e758cd0,2026-06-13,02:10:31,2694490,PATH OF EXILE 2,4,167932,Action,Grinding Gear Games,"Dec 6, 2024",29.99
be6c807b,2026-06-13,02:10:31,578080,PUBG: BATTLEGROUNDS,5,134199,Action,PUBG Corporation,"21 Dec, 2017",0.0
5dc02c6c,2026-06-13,02:10:31,1085660,DESTINY 2,6,130264,Action,Bungie,"Oct 1, 2019",0.0
f4a2755c,2026-06-13,02:10:31,3419430,BONGO CAT,7,128921,Casual,Marcel Zurawka,"Mar 5, 2025",0.0
d9fab568,2026-06-13,02:10:31,2676230,FIVEM,8,128705,Other,,,0.0
f4b24200,2026-06-13,02:10:31,2767030,MARVEL RIVALS,9,127048,Action,NetEase Games,"5 Dec, 2024",0.0
93398fc0,2026-06-13,02:10:31,252490,RUST,10,89218,Action,Facepunch Studios,"Feb 8, 2018",39.99
1a80c53b,2026-06-13,02:10:31,2483190,FORZA HORIZON 6,11,79878,Racing,Playground Games,"18 May, 2026",69.99
5c74cacd,2026-06-13,02:10:31,2868840,SLAY THE SPIRE 2,12,76759,Indie,Mega Crit,"Mar 5, 2026",24.99
7bf21298,2026-06-13,02:10:31,359550,TOM CLANCY'S RAINBOW SIX SIEGE,13,74133,Action,Ubisoft Montreal,"Dec 1, 2015",0.0
c7779292,2026-06-13,02:10:31,1172470,APEX LEGENDS™,14,73003,Action,Respawn,"4 Nov, 2020",0.0
12597a15,2026-06-13,02:10:31,2357570,OVERWATCH®,15,70003,Action,"Blizzard Entertainment, Inc.","Aug 10, 2023",0.0
0a0eec40,2026-06-13,02:10:31,3405690,EA SPORTS FC™ 26,16,67394,Simulation,EA Canada,"25 Sep, 2025",20.99
a7a749e9,2026-06-13,02:10:31,431960,WALLPAPER ENGINE,17,66657,Casual,Wallpaper Engine Team,"Nov 16, 2018",4.99
e1abb097,2026-06-13,02:10:31,1422450,DEADLOCK,18,0,Action,Valve,To be announced,0.0
353e50c5,2026-06-13,02:10:31,381210,DEAD BY DAYLIGHT,19,51873,Action,Behaviour Interactive Inc.,"Jun 14, 2016",7.99
bee786dd,2026-06-13,02:10:31,438100,VRCHAT,20,50919,Adventure,VRChat Inc.,"1 Feb, 2017",0.0
e79a1227,2026-06-13,02:10:31,230410,WARFRAME,21,50810,Action,Digital Extremes,"25 Mar, 2013",0.0
2869f852,2026-06-13,02:10:31,440,TEAM FORTRESS 2,22,49036,Action,Valve,"Oct 10, 2007",0.0
38f81792,2026-06-13,02:10:31,322170,GEOMETRY DASH,23,49072,Action,RobTop Games,"Dec 22, 2014",4.99
7bfcf55c,2026-06-13,02:10:31,271590,GRAND THEFT AUTO V LEGACY,24,48843,Action,Rockstar North,"Apr 13, 2015",0.0
379470f0,2026-06-13,02:10:31,413150,STARDEW VALLEY,25,47703,Indie,ConcernedApe,"Feb 26, 2016",14.99
31af9595,2026-06-13,02:10:31,1973530,LIMBUS COMPANY,26,46186,Other,ProjectMoon,"26 Feb, 2023",0.0
6b714c0c,2026-06-13,02:10:31,2507950,DELTA FORCE,27,42467,Action,Team Jade,"4 Dec, 2024",0.0
8b8467b4,2026-06-13,02:10:31,1086940,BALDUR'S GATE 3,28,42938,Adventure,Larian Studios,"Aug 3, 2023",59.99
2d214ad6,2026-06-13,02:10:31,2807960,BATTLEFIELD™ 6,29,42223,Action,Battlefield Studios,"10 Oct, 2025",41.99
4a91d1fa,2026-06-13,02:10:31,1808500,ARC RAIDERS,30,38395,Action,Embark Studios,"30 Oct, 2025",39.99
56340080,2026-06-13,02:10:31,1938090,CALL OF DUTY®,31,37704,Action,Treyarch,"Oct 27, 2022",0.0
d1e3fcf7,2026-06-13,02:10:31,3241660,R.E.P.O.,32,37226,Action,semiwork,"Feb 26, 2025",9.99
10a27d66,2026-06-13,02:10:31,236390,WAR THUNDER,33,36509,Action,Gaijin Entertainment,"Aug 15, 2013",0.0
18a02c5b,2026-06-13,02:10:31,4704690,MECCHA CHAMELEON,34,35654,Casual,lemorion_1224,"9 Jun, 2026",3.19
115fce27,2026-06-13,02:10:31,1366800,CROSSHAIR X,35,35400,Action,CenterPoint Gaming,"Aug 17, 2020",9.99
609f1db4,2026-06-13,02:10:31,3240220,GRAND THEFT AUTO V ENHANCED,36,32886,Action,Rockstar North,"Mar 4, 2025",19.79
6bf61225,2026-06-13,02:10:31,1245620,ELDEN RING,37,32133,Action,"FromSoftware, Inc.","Feb 24, 2022",59.99
67ebd696,2026-06-13,02:10:31,394360,HEARTS OF IRON IV,38,32320,Simulation,Paradox Development Studio,"Jun 6, 2016",49.99
534c6128,2026-06-13,02:10:31,550,LEFT 4 DEAD 2,39,31202,Action,Valve,"Nov 16, 2009",9.99
deacb4ac,2026-06-13,02:10:31,221100,DAYZ,40,31223,Action,Bohemia Interactive,"Dec 13, 2018",49.99
c246d553,2026-06-13,02:10:31,553850,HELLDIVERS™ 2,41,27372,Action,Arrowhead Game Studios,"8 Feb, 2024",39.99
6099c4f2,2026-06-13,02:10:31,39210,FINAL FANTASY XIV ONLINE,42,27394,Massively Multiplayer,Square Enix,"Feb 18, 2014",19.99
e0f53715,2026-06-13,02:10:31,240,COUNTER-STRIKE: SOURCE,43,25823,Action,Valve,"1 Nov, 2004",5.79
92f6cdf1,2026-06-13,02:10:31,322330,DON'T STARVE TOGETHER,44,24856,Action,Klei Entertainment,"Apr 21, 2016",14.99
94ebbb64,2026-06-13,02:10:31,289070,SID MEIER’S CIVILIZATION® VI,45,25022,Strategy,Firaxis Games,"Oct 21, 2016",59.99
2d8dd52e,2026-06-13,02:10:31,489830,THE ELDER SCROLLS V: SKYRIM SPECIAL EDITION,46,25211,RPG,Bethesda Game Studios,"Oct 27, 2016",39.99
9d3b63b5,2026-06-13,02:10:31,294100,RIMWORLD,47,25108,Indie,Ludeon Studios,"Oct 17, 2018",34.99
0e68389f,2026-06-13,02:10:31,218620,PAYDAY 2,48,25007,Action,OVERKILL - a Starbreeze Studio.,"Aug 13, 2013",9.99
a0c5550a,2026-06-13,02:10:31,1623730,PALWORLD,49,24793,Action,Pocketpair,"Jan 19, 2024",29.99
23a45884,2026-06-13,02:10:31,3472040,NBA 2K26,50,23891,Sports,Visual Concepts,"Sep 4, 2025",19.99
e2a8acaa,2026-06-13,02:10:31,2399830,ARK: SURVIVAL ASCENDED,51,24245,Action,Studio Wildcard,"Oct 25, 2023",44.99
08f5840e,2026-06-13,02:10:31,108600,PROJECT ZOMBOID,52,24184,Indie,The Indie Stone,"Nov 8, 2013",19.99
46069a8d,2026-06-13,02:10:31,4465480,COUNTER-STRIKE:GLOBAL OFFENSIVE,53,22106,Action,Valve,"Aug 21, 2012",0.0
9c300584,2026-06-13,02:10:31,105600,TERRARIA,54,22562,Action,Re-Logic,"May 16, 2011",9.99
a0131108,2026-06-13,02:10:31,526870,SATISFACTORY,55,21919,Adventure,Coffee Stain Studios,"Sep 10, 2024",27.99
3aeef296,2026-06-13,02:10:31,1091500,CYBERPUNK 2077,56,22015,RPG,CD PROJEKT RED,"Dec 9, 2020",20.99
5f1ebe7f,2026-06-13,02:10:31,2246340,MONSTER HUNTER WILDS,57,21554,Action,"CAPCOM Co., Ltd.","27 Feb, 2025",22.04
544dc196,2026-06-13,02:10:31,1222670,THE SIMS™ 4,58,21770,Adventure,Maxis,"Jun 18, 2020",0.0
698a39df,2026-06-13,02:10:31,3321460,CRIMSON DESERT,59,21726,Action,Pearl Abyss,"Mar 19, 2026",69.99
b3859d17,2026-06-13,02:10:31,252950,ROCKET LEAGUE®,60,21753,Action,Psyonix LLC,"Jul 7, 2015",0.0
6a20177d,2026-06-13,02:10:31,3513350,WUTHERING WAVES,61,19440,Action,KURO GAMES,"Apr 28, 2025",0.0
b59a79e7,2026-06-13,02:10:31,4000,GARRY'S MOD,62,20723,Casual,Facepunch Studios,"Nov 29, 2006",4.99
944fe50c,2026-06-13,02:10:31,1281930,TMODLOADER,63,20787,Action,TML Team,"May 16, 2020",0.0
d65fcdb0,2026-06-13,02:10:31,1142710,TOTAL WAR: WARHAMMER III,64,20108,Action,CREATIVE ASSEMBLY,"Feb 17, 2022",59.99
e85e266c,2026-06-13,02:10:31,1174180,RED DEAD REDEMPTION 2,65,20195,Action,Rockstar Games,"Dec 5, 2019",59.99
05a71dc0,2026-06-13,02:10:31,3551340,FOOTBALL MANAGER 26,66,19719,Simulation,Sports Interactive,"Nov 4, 2025",59.99
96d97912,2026-06-13,02:10:31,1364780,STREET FIGHTER™ 6,67,18500,Action,"CAPCOM Co., Ltd.","Jun 1, 2023",19.99
8491ea88,2026-06-13,02:10:31,251570,7 DAYS TO DIE,68,18311,Action,The Fun Pimps,"Jul 25, 2024",44.99
4116be5a,2026-06-13,02:10:31,1449850,YU-GI-OH! MASTER DUEL,69,18035,Simulation,KONAMI,"18 Jan, 2022",0.0
d84b7f8b,2026-06-13,02:10:31,813780,AGE OF EMPIRES II: DEFINITIVE EDITION,70,17203,Strategy,World's Edge,"Nov 14, 2019",12.24
8de0be5c,2026-06-13,02:10:31,2923300,BANANA,71,16397,Adventure,Sky,"Apr 23, 2024",0.0
549fe6b5,2026-06-13,02:10:31,582010,MONSTER HUNTER: WORLD,72,16288,Action,"CAPCOM Co., Ltd.","Aug 8, 2018",7.79
13af2e03,2026-06-13,02:10:31,250900,THE BINDING OF ISAAC: REBIRTH,73,16308,Action,"Nicalis, Inc.","Nov 4, 2014",14.99
aff5f06d,2026-06-13,02:10:31,284160,BEAMNG.DRIVE,74,16260,Racing,BeamNG,"May 29, 2015",24.99
2be07c73,2026-06-13,02:10:31,346110,ARK: SURVIVAL EVOLVED,75,16049,Action,Studio Wildcard,"Aug 27, 2017",14.99
ed11e074,2026-06-13,02:10:31,582660,BLACK DESERT,76,16059,Action,Pearl Abyss,"May 24, 2017",0.99
1a83065b,2026-06-13,02:10:31,2050650,RESIDENT EVIL 4,77,15719,Action,"CAPCOM Co., Ltd.","23 Mar, 2023",9.99
eed5e6af,2026-06-13,02:10:31,261550,MOUNT & BLADE II: BANNERLORD,78,15490,Action,TaleWorlds Entertainment,"Oct 25, 2022",24.99
6174fc5d,2026-06-13,02:10:31,2622380,ELDEN RING NIGHTREIGN,79,15286,Action,"FromSoftware, Inc.","29 May, 2025",39.99
d03eaae5,2026-06-13,02:10:31,892970,VALHEIM,80,15413,Action,Iron Gate AB,"Feb 2, 2021",9.99
80d0d32c,2026-06-13,02:10:31,427520,FACTORIO,81,15198,Casual,Wube Software LTD.,"Aug 14, 2020",35.0
73e6695e,2026-06-13,02:10:31,1665460,EFOOTBALL™,82,14522,Simulation,KONAMI,"Sep 29, 2021",0.0
4bfdb2cc,2026-06-13,02:10:31,2300320,FARMING SIMULATOR 25,83,14582,Simulation,GIANTS Software,"Nov 12, 2024",29.99
8e27eb1a,2026-06-13,02:10:31,1326470,SONS OF THE FOREST,84,14499,Action,Endnight Games Ltd,"22 Feb, 2024",8.69
197c2a93,2026-06-13,02:10:31,1158310,CRUSADER KINGS III,85,14432,RPG,Paradox Development Studio,"Sep 1, 2020",14.99
b642c25f,2026-06-13,02:10:31,2183900,"WARHAMMER 40,000: SPACE MARINE 2",86,14107,Action,Saber Interactive,"9 Sep, 2024",17.99
3acf7809,2026-06-13,02:10:31,594650,HUNT: SHOWDOWN 1896,87,13921,Action,Crytek,"Aug 27, 2019",13.49
67391b88,2026-06-13,02:10:31,3065800,MARATHON,88,13922,Action,Bungie,"Mar 5, 2026",31.99
9ee69f8c,2026-06-13,02:10:31,1962700,SUBNAUTICA 2,89,13958,Action,Unknown Worlds Entertainment,"May 14, 2026",29.99
e0e6fc1c,2026-06-13,02:10:31,1297900,GOTHIC 1 REMAKE,90,13437,Action,Alkimia Interactive,"5 Jun, 2026",33.99
1d4cb2fc,2026-06-13,02:10:31,1905180,OBS STUDIO,91,13584,Utilities,OBS Project,"Mar 21, 2022",0.0
c9612ad3,2026-06-13,02:10:31,2073620,ARENA BREAKOUT: INFINITE,92,13349,Action,Morefun Studios,"Sep 15, 2025",0.0
c1ff7b25,2026-06-13,02:10:31,440900,CONAN EXILES ENHANCED,93,13179,Action,Funcom,"May 8, 2018",29.99
49ee8bb3,2026-06-13,02:10:31,3932890,ESCAPE FROM TARKOV,94,13135,Action,Battlestate Games,"Nov 15, 2025",49.99
000704e8,2026-06-13,02:10:31,1203220,NARAKA: BLADEPOINT,95,12578,Action,24 Entertainment,"11 Aug, 2021",0.0
6d1b2f15,2026-06-13,02:10:31,275850,NO MAN'S SKY,96,12916,Action,Hello Games,"Aug 12, 2016",59.99
621382ab,2026-06-13,02:10:31,4128580,BIDKING,97,12659,Casual,MindSurge Network & Games,"Apr 15, 2026",2.99
618cb75c,2026-06-13,02:10:31,227300,EURO TRUCK SIMULATOR 2,98,12484,Indie,SCS Software,"Oct 12, 2012",19.99
f24eff60,2026-06-13,02:10:31,3527290,PEAK,99,12335,Action,Team PEAK,"16 Jun, 2025",7.49
1875945c,2026-06-13,02:10:31,457140,OXYGEN NOT INCLUDED,100,12177,Indie,Klei Entertainment,"Jul 30, 2019",7.49
6fa48635,2026-06-13,02:10:31,739630,PHASMOPHOBIA,,8812,Action,Kinetic Games,"Sep 18, 2020",19.99
26921673,2026-06-13,02:10:31,2707930,PALIA,,8382,Adventure,Singularity 6 Corporation,"Mar 25, 2024",0.0
57d034ad,2026-06-13,02:10:31,220200,KERBAL SPACE PROGRAM,,5741,Indie,Squad,"Apr 27, 2015",39.99
0d92df95,2026-06-13,02:10:31,1623660,MIR4,,11285,Action,Wemade Next,"Aug 25, 2021",0.0
67002a3b,2026-06-13,02:10:31,2119830,MISERY,,699,Action,Platypus Entertainment,"23 Oct, 2025",8.41
4427e84d,2026-06-13,02:10:31,1476970,IDLEON,,8153,Casual,Lavaflame2,"Nov 6, 2025",0.0
70ceb4cf,2026-06-13,02:10:31,238960,PATH OF EXILE,,3271,Action,Grinding Gear Games,"23 Oct, 2013",0.0
c70cb691,2026-06-13,02:10:31,2584990,SHADOWVERSE: WORLDS BEYOND,,5180,Casual,"Cygames, Inc.","Jun 14, 2025",0.0
142c7cd6,2026-06-13,02:10:31,2646460,SOULMASK,,2977,Adventure,CampFire Studio,"Apr 9, 2026",29.99
4469865d,2026-06-13,02:10:31,3105440,HEROES OF MIGHT AND MAGIC: OLDEN ERA,,4894,RPG,Unfrozen,"Apr 30, 2026",29.99
cd217cad,2026-06-13,02:10:31,1943950,ESCAPE THE BACKROOMS,,10798,Action,Fancy Games,"Oct 23, 2025",7.99
f687cbb3,2026-06-13,02:10:31,281990,STELLARIS,,11225,Simulation,Paradox Development Studio,"May 9, 2016",39.99
693e6258,2026-06-13,02:10:31,1203620,ENSHROUDED,,7632,Action,Keen Games GmbH,"Jan 24, 2024",23.99
c953151a,2026-06-13,02:10:31,3892270,GAMBLE WITH YOUR FRIENDS,,11637,Adventure,SkyBrave,"1 May, 2026",4.95
0f6701bd,2026-06-13,02:10:31,4197610,LIBRARIAN: TIDY UP THE ARCANE LIBRARY!,,8066,Casual,ArtRising,"Apr 30, 2026",5.99
cfd6e24c,2026-06-13,02:10:31,264710,SUBNAUTICA,,7401,Adventure,Unknown Worlds Entertainment,"Jan 23, 2018",7.49
2d2f7345,2026-06-13,02:10:31,2252570,FOOTBALL MANAGER 2024,,11501,Simulation,Sports Interactive,"Nov 6, 2023",0.0
58d95f36,2026-06-13,02:10:31,306130,THE ELDER SCROLLS® ONLINE,,10471,Action,ZeniMax Online Studios,"May 22, 2017",19.99
8ddb8743,2026-06-13,02:10:31,3041230,WINDROSE,,12092,Action,Kraken Express,"Apr 14, 2026",29.99
5cc5d4eb,2026-06-13,02:10:31,3764200,RESIDENT EVIL REQUIEM,,7318,Action,"CAPCOM Co., Ltd.","Feb 26, 2026",69.99
19550982,2026-06-13,02:10:31,3164500,SCHEDULE I,,9901,Action,TVGS,"Mar 24, 2025",19.99
3ab52e51,2026-06-13,02:10:31,2605790,DEEP ROCK GALACTIC: ROGUE CORE,,2347,Action,Ghost Ship Games,"20 May, 2026",29.99
6c115a5b,2026-06-13,02:10:31,8930,SID MEIER'S CIVILIZATION® V,,12274,Strategy,Firaxis Games,"Sep 21, 2010",29.99
54c3d3e3,2026-06-13,02:10:31,2215200,LEGO® BATMAN™: LEGACY OF THE DARK KNIGHT,,4274,Action,TT Games,"22 May, 2026",28999.0
7bbceb7a,2026-06-13,02:10:31,3780860,HELL LET LOOSE VIETNAM: PLAYTEST,,0,Other,,"Apr 20, 2026",0.0
3dbd8ccd,2026-06-13,02:10:31,1144200,READY OR NOT,,7477,Action,VOID Interactive,"Dec 13, 2023",24.99
327ff170,2026-06-13,02:10:31,376210,THE ISLE,,11229,Action,Afterthought LLC,"Dec 1, 2015",19.99
f1c62b9c,2026-06-13,02:10:31,3564740,WHERE WINDS MEET,,12125,Action,Everstone Studio,"14 Nov, 2025",0.0
a09e7165,2026-06-13,02:10:31,216150,MAPLESTORY,,9987,Action,NEXON Korea Corporation,"Aug 9, 2012",0.0
666e55de,2026-06-13,02:10:31,2479810,GRAY ZONE WARFARE,,4461,Action,"MADFINGER Games, a.s.","Apr 30, 2024",39.99
dc346089,2026-06-13,02:10:31,552990,WORLD OF WARSHIPS,,5705,Action,Wargaming Group Limited,"Nov 15, 2017",0.0
1a61494e,2026-06-13,02:10:31,629520,SOUNDPAD,,10842,Audio Production,Leppsoft,"Sep 30, 2017",4.99
04e4c128,2026-06-13,02:10:31,3224770,UMAMUSUME: PRETTY DERBY,,7153,Simulation,"Cygames, Inc.","24 Jun, 2025",0.0
d94bae81,2026-06-13,02:10:31,270880,AMERICAN TRUCK SIMULATOR,,8236,Indie,SCS Software,"Feb 2, 2016",4.99
08f1a2a7,2026-06-13,02:10:31,377160,FALLOUT 4,,10669,RPG,Bethesda Game Studios,"Nov 9, 2015",19.99
0f73dcb0,2026-06-13,02:10:31,1118520,PARALIVES,,10733,Simulation,Alex Massé and team,"25 May, 2026",44.99
7158cbc9,2026-06-13,02:10:31,3768760,007 FIRST LIGHT,,11713,Action,IO Interactive A/S,"May 26, 2026",69.99
23229767,2026-06-13,02:10:31,1716740,STARFIELD,,4368,RPG,Bethesda Game Studios,"Sep 5, 2023",49.99
ed1545d6,2026-06-13,02:10:31,3357650,PRAGMATA,,2023,Action,"CAPCOM Co., Ltd.","Apr 17, 2026",59.99
5023a07b,2026-06-13,02:10:31,4025700,HEARTOPIA,,8570,Casual,XD,"16 Jan, 2026",0.0
630cc6f6,2026-06-13,02:10:31,3265700,VAMPIRE CRAWLERS: THE TURBO WILDCARD FROM VAMPIRE SURVIVORS,,1442,Action,poncle,"Apr 21, 2026",9.99
0b41483e,2026-06-13,02:10:31,2344520,DIABLO® IV,,10059,Action,"Blizzard Entertainment, Inc.","Oct 17, 2023",49.99
e265e232,2026-06-13,02:10:31,960090,BLOONS TD 6,,8812,Strategy,Ninja Kiwi,"Dec 17, 2018",13.99
97f548a4,2026-06-13,02:10:31,3679080,THE SEVEN DEADLY SINS: ORIGIN,,4072,Action,Netmarble F&C,"Mar 16, 2026",0.0
57fe89d2,2026-06-13,02:10:31,2073850,THE FINALS,,11976,Action,Embark Studios,"Dec 7, 2023",0.0
83070de4,2026-06-13,02:10:31,1295660,SID MEIER'S CIVILIZATION VII,,8964,Simulation,Firaxis Games,"Feb 10, 2025",41.99
79bf8a0b,2026-06-13,02:10:31,1604030,V RISING,,4646,Action,Stunlock Studios,"May 8, 2024",15.74
28c7a722,2026-06-13,02:10:31,3124540,FAR FAR WEST,,4277,Action,Evil Raptor,"Apr 28, 2026",17.99
42483c58,2026-06-13,02:10:31,1874880,ARMA REFORGER,,11290,Action,Bohemia Interactive,"Nov 16, 2023",39.99
65f70678,2026-06-13,02:10:31,1974050,TORCHLIGHT: INFINITE,,575,Action,XD,"May 9, 2023",0.0
451d2214,2026-06-13,02:10:31,291550,BRAWLHALLA,,11622,Action,Blue Mammoth Games,"Oct 17, 2017",0.0
df50237c,2026-06-13,02:10:31,304930,UNTURNED,,9950,Action,Smartly Dressed Games,"Jul 7, 2017",0.0
929e137a,2026-06-14,02:33:51,730,COUNTER-STRIKE 2,1,664592,Action,Valve,"21 Aug, 2012",0.0
89e5277b,2026-06-14,02:33:51,3678970,TBH: TASK BAR HERO,2,469996,Casual,Nugem Studio,"27 May, 2026",0.0
403edec3,2026-06-14,02:33:51,570,DOTA 2,3,350342,Action,Valve,"Jul 9, 2013",0.0
f161c737,2026-06-14,02:33:51,2694490,PATH OF EXILE 2,4,168960,Action,Grinding Gear Games,"Dec 6, 2024",29.99
ff103e17,2026-06-14,02:33:51,578080,PUBG: BATTLEGROUNDS,5,159782,Action,PUBG Corporation,"21 Dec, 2017",0.0
8748bad6,2026-06-14,02:33:51,1085660,DESTINY 2,6,135482,Action,Bungie,"Oct 1, 2019",0.0
a4854765,2026-06-14,02:33:51,3419430,BONGO CAT,7,130299,Casual,Marcel Zurawka,"Mar 5, 2025",0.0
b5800527,2026-06-14,02:33:51,2676230,FIVEM,8,121776,Other,,,0.0
fdf22c15,2026-06-14,02:33:51,2767030,MARVEL RIVALS,9,110834,Action,NetEase Games,"5 Dec, 2024",0.0
cb1bb484,2026-06-14,02:33:51,252490,RUST,10,85625,Action,Facepunch Studios,"Feb 8, 2018",39.99
72d137e0,2026-06-14,02:33:51,1172470,APEX LEGENDS™,11,82596,Action,Respawn,"4 Nov, 2020",0.0
e0284f69,2026-06-14,02:33:51,2483190,FORZA HORIZON 6,12,80333,Racing,Playground Games,"18 May, 2026",69.99
0d590c55,2026-06-14,02:33:51,2868840,SLAY THE SPIRE 2,13,80280,Indie,Mega Crit,"Mar 5, 2026",24.99
928ab8d5,2026-06-14,02:33:51,3405690,EA SPORTS FC™ 26,14,77682,Simulation,EA Canada,"25 Sep, 2025",20.99
7f12274a,2026-06-14,02:33:51,359550,TOM CLANCY'S RAINBOW SIX SIEGE,15,74037,Action,Ubisoft Montreal,"Dec 1, 2015",0.0
eda58b88,2026-06-14,02:33:51,431960,WALLPAPER ENGINE,16,71604,Casual,Wallpaper Engine Team,"Nov 16, 2018",4.99
3316f209,2026-06-14,02:33:51,2357570,OVERWATCH®,17,71055,Action,"Blizzard Entertainment, Inc.","Aug 10, 2023",0.0
8bda20f1,2026-06-14,02:33:51,438100,VRCHAT,18,56837,Adventure,VRChat Inc.,"1 Feb, 2017",0.0
3f0f3d1e,2026-06-14,02:33:51,413150,STARDEW VALLEY,19,55259,Indie,ConcernedApe,"Feb 26, 2016",14.99
9fdf8a79,2026-06-14,02:33:51,381210,DEAD BY DAYLIGHT,20,55126,Action,Behaviour Interactive Inc.,"Jun 14, 2016",7.99
cb855fb9,2026-06-14,02:33:51,1422450,DEADLOCK,21,0,Action,Valve,To be announced,0.0
d9e09943,2026-06-14,02:33:51,230410,WARFRAME,22,53749,Action,Digital Extremes,"25 Mar, 2013",0.0
175c18e1,2026-06-14,02:33:51,4704690,MECCHA CHAMELEON,23,53994,Casual,lemorion_1224,"9 Jun, 2026",3.19
eaa69b76,2026-06-14,02:33:51,440,TEAM FORTRESS 2,24,50153,Action,Valve,"Oct 10, 2007",0.0
e1eb94c2,2026-06-14,02:33:51,2507950,DELTA FORCE,25,49819,Action,Team Jade,"4 Dec, 2024",0.0
aa901afe,2026-06-14,02:33:51,1086940,BALDUR'S GATE 3,26,47537,Adventure,Larian Studios,"Aug 3, 2023",59.99
df5c996e,2026-06-14,02:33:51,322170,GEOMETRY DASH,27,46646,Action,RobTop Games,"Dec 22, 2014",4.99
cd45e5ba,2026-06-14,02:33:51,271590,GRAND THEFT AUTO V LEGACY,28,46765,Action,Rockstar North,"Apr 13, 2015",0.0
75287376,2026-06-14,02:33:51,2807960,BATTLEFIELD™ 6,29,44848,Action,Battlefield Studios,"10 Oct, 2025",41.99
69d3c5a7,2026-06-14,02:33:51,1973530,LIMBUS COMPANY,30,43722,Other,ProjectMoon,"26 Feb, 2023",0.0
84ecad49,2026-06-14,02:33:51,3241660,R.E.P.O.,31,42025,Action,semiwork,"Feb 26, 2025",9.99
3c3d6723,2026-06-14,02:33:51,236390,WAR THUNDER,32,40390,Action,Gaijin Entertainment,"Aug 15, 2013",0.0
0bee8cde,2026-06-14,02:33:51,1938090,CALL OF DUTY®,33,39049,Action,Treyarch,"Oct 27, 2022",0.0
767474e5,2026-06-14,02:33:51,1808500,ARC RAIDERS,34,39072,Action,Embark Studios,"30 Oct, 2025",39.99
1232c24d,2026-06-14,02:33:51,3240220,GRAND THEFT AUTO V ENHANCED,35,36483,Action,Rockstar North,"Mar 4, 2025",19.79
9ca0b12d,2026-06-14,02:33:51,1366800,CROSSHAIR X,36,36054,Action,CenterPoint Gaming,"Aug 17, 2020",9.99
2b87abbd,2026-06-14,02:33:51,550,LEFT 4 DEAD 2,37,36428,Action,Valve,"Nov 16, 2009",9.99
7e9d9b7e,2026-06-14,02:33:51,394360,HEARTS OF IRON IV,38,35874,Simulation,Paradox Development Studio,"Jun 6, 2016",49.99
2b165c55,2026-06-14,02:33:51,1245620,ELDEN RING,39,35600,Action,"FromSoftware, Inc.","Feb 24, 2022",59.99
a7ac46be,2026-06-14,02:33:51,221100,DAYZ,40,32765,Action,Bohemia Interactive,"Dec 13, 2018",49.99
abe10550,2026-06-14,02:33:51,322330,DON'T STARVE TOGETHER,41,31755,Action,Klei Entertainment,"Apr 21, 2016",14.99
182339ae,2026-06-14,02:33:51,1623730,PALWORLD,42,29432,Action,Pocketpair,"Jan 19, 2024",29.99
03b49891,2026-06-14,02:33:51,553850,HELLDIVERS™ 2,43,28969,Action,Arrowhead Game Studios,"8 Feb, 2024",39.99
dfc3588d,2026-06-14,02:33:51,294100,RIMWORLD,44,28416,Indie,Ludeon Studios,"Oct 17, 2018",34.99
d08a877a,2026-06-14,02:33:51,39210,FINAL FANTASY XIV ONLINE,45,27776,Massively Multiplayer,Square Enix,"Feb 18, 2014",19.99
78a89375,2026-06-14,02:33:51,289070,SID MEIER’S CIVILIZATION® VI,46,27684,Strategy,Firaxis Games,"Oct 21, 2016",59.99
fb2b8fb0,2026-06-14,02:33:51,489830,THE ELDER SCROLLS V: SKYRIM SPECIAL EDITION,47,27487,RPG,Bethesda Game Studios,"Oct 27, 2016",39.99
a6a9be06,2026-06-14,02:33:51,4465480,COUNTER-STRIKE:GLOBAL OFFENSIVE,48,28018,Action,Valve,"Aug 21, 2012",0.0
c98d69d5,2026-06-14,02:33:51,218620,PAYDAY 2,49,26719,Action,OVERKILL - a Starbreeze Studio.,"Aug 13, 2013",9.99
63f918b1,2026-06-14,02:33:51,108600,PROJECT ZOMBOID,50,26558,Indie,The Indie Stone,"Nov 8, 2013",19.99
10fe1e2b,2026-06-14,02:33:51,2399830,ARK: SURVIVAL ASCENDED,51,26568,Action,Studio Wildcard,"Oct 25, 2023",44.99
77c10170,2026-06-14,02:33:51,2246340,MONSTER HUNTER WILDS,52,25338,Action,"CAPCOM Co., Ltd.","27 Feb, 2025",22.04
bc91e553,2026-06-14,02:33:51,3321460,CRIMSON DESERT,53,25237,Action,Pearl Abyss,"Mar 19, 2026",69.99
61572b22,2026-06-14,02:33:51,105600,TERRARIA,54,25381,Action,Re-Logic,"May 16, 2011",9.99
f5946c22,2026-06-14,02:33:51,1091500,CYBERPUNK 2077,55,25377,RPG,CD PROJEKT RED,"Dec 9, 2020",20.99
3ce98723,2026-06-14,02:33:51,3472040,NBA 2K26,56,25091,Sports,Visual Concepts,"Sep 4, 2025",19.99
40fe8bd6,2026-06-14,02:33:51,1222670,THE SIMS™ 4,57,24305,Adventure,Maxis,"Jun 18, 2020",0.0
73abb115,2026-06-14,02:33:51,1281930,TMODLOADER,58,23939,Action,TML Team,"May 16, 2020",0.0
4ea21480,2026-06-14,02:33:51,240,COUNTER-STRIKE: SOURCE,59,21636,Action,Valve,"1 Nov, 2004",5.79
ee30edb8,2026-06-14,02:33:51,526870,SATISFACTORY,60,23713,Adventure,Coffee Stain Studios,"Sep 10, 2024",27.99
8726eb43,2026-06-14,02:33:51,1174180,RED DEAD REDEMPTION 2,61,23134,Action,Rockstar Games,"Dec 5, 2019",59.99
13f42f19,2026-06-14,02:33:51,3513350,WUTHERING WAVES,62,22885,Action,KURO GAMES,"Apr 28, 2025",0.0
0b649a10,2026-06-14,02:33:51,1142710,TOTAL WAR: WARHAMMER III,63,22467,Action,CREATIVE ASSEMBLY,"Feb 17, 2022",59.99
0445fc83,2026-06-14,02:33:51,251570,7 DAYS TO DIE,64,21944,Action,The Fun Pimps,"Jul 25, 2024",44.99
4831e170,2026-06-14,02:33:51,3551340,FOOTBALL MANAGER 26,65,21666,Simulation,Sports Interactive,"Nov 4, 2025",59.99
6c006432,2026-06-14,02:33:51,4000,GARRY'S MOD,66,20983,Casual,Facepunch Studios,"Nov 29, 2006",4.99
faa67ab6,2026-06-14,02:33:51,1364780,STREET FIGHTER™ 6,67,21220,Action,"CAPCOM Co., Ltd.","Jun 1, 2023",19.99
056e78f4,2026-06-14,02:33:51,252950,ROCKET LEAGUE®,68,20394,Action,Psyonix LLC,"Jul 7, 2015",0.0
95c7e5fb,2026-06-14,02:33:51,582010,MONSTER HUNTER: WORLD,69,19915,Action,"CAPCOM Co., Ltd.","Aug 8, 2018",7.79
08d163b0,2026-06-14,02:33:51,813780,AGE OF EMPIRES II: DEFINITIVE EDITION,70,19309,Strategy,World's Edge,"Nov 14, 2019",12.24
e756e0ed,2026-06-14,02:33:51,1449850,YU-GI-OH! MASTER DUEL,71,19148,Simulation,KONAMI,"18 Jan, 2022",0.0
509412e7,2026-06-14,02:33:51,2050650,RESIDENT EVIL 4,72,18754,Action,"CAPCOM Co., Ltd.","23 Mar, 2023",9.99
02c01cd5,2026-06-14,02:33:51,261550,MOUNT & BLADE II: BANNERLORD,73,17828,Action,TaleWorlds Entertainment,"Oct 25, 2022",24.99
12a753b8,2026-06-14,02:33:51,892970,VALHEIM,74,17801,Action,Iron Gate AB,"Feb 2, 2021",9.99
44c0db7b,2026-06-14,02:33:51,346110,ARK: SURVIVAL EVOLVED,75,17737,Action,Studio Wildcard,"Aug 27, 2017",14.99
5e8a70c3,2026-06-14,02:33:51,2622380,ELDEN RING NIGHTREIGN,76,17313,Action,"FromSoftware, Inc.","29 May, 2025",39.99
4955ef9f,2026-06-14,02:33:51,250900,THE BINDING OF ISAAC: REBIRTH,77,16838,Action,"Nicalis, Inc.","Nov 4, 2014",14.99
43f8c067,2026-06-14,02:33:51,427520,FACTORIO,78,16636,Casual,Wube Software LTD.,"Aug 14, 2020",35.0
9451b200,2026-06-14,02:33:51,284160,BEAMNG.DRIVE,79,16547,Racing,BeamNG,"May 29, 2015",24.99
f2aa17fa,2026-06-14,02:33:51,1665460,EFOOTBALL™,80,15918,Simulation,KONAMI,"Sep 29, 2021",0.0
d757f5f5,2026-06-14,02:33:51,582660,BLACK DESERT,81,16237,Action,Pearl Abyss,"May 24, 2017",0.99
695dac92,2026-06-14,02:33:51,2300320,FARMING SIMULATOR 25,82,15890,Simulation,GIANTS Software,"Nov 12, 2024",29.99
3bbf63f6,2026-06-14,02:33:51,1203220,NARAKA: BLADEPOINT,83,16524,Action,24 Entertainment,"11 Aug, 2021",0.0
d0e63b95,2026-06-14,02:33:51,2923300,BANANA,84,15762,Adventure,Sky,"Apr 23, 2024",0.0
b101804b,2026-06-14,02:33:51,1158310,CRUSADER KINGS III,85,15660,RPG,Paradox Development Studio,"Sep 1, 2020",14.99
70ec259d,2026-06-14,02:33:51,457140,OXYGEN NOT INCLUDED,86,15196,Indie,Klei Entertainment,"Jul 30, 2019",7.49
17dd0d6f,2026-06-14,02:33:51,1326470,SONS OF THE FOREST,87,15104,Action,Endnight Games Ltd,"22 Feb, 2024",8.69
77e78526,2026-06-14,02:33:51,1962700,SUBNAUTICA 2,88,15015,Action,Unknown Worlds Entertainment,"May 14, 2026",29.99
8ab0699e,2026-06-14,02:33:51,594650,HUNT: SHOWDOWN 1896,89,15053,Action,Crytek,"Aug 27, 2019",13.49
3664c5c0,2026-06-14,02:33:51,2183900,"WARHAMMER 40,000: SPACE MARINE 2",90,15029,Action,Saber Interactive,"9 Sep, 2024",17.99
7420784e,2026-06-14,02:33:51,3932890,ESCAPE FROM TARKOV,91,14473,Action,Battlestate Games,"Nov 15, 2025",49.99
f57d0a00,2026-06-14,02:33:51,2073620,ARENA BREAKOUT: INFINITE,92,14233,Action,Morefun Studios,"Sep 15, 2025",0.0
d12d3d80,2026-06-14,02:33:51,227300,EURO TRUCK SIMULATOR 2,93,13944,Indie,SCS Software,"Oct 12, 2012",19.99
eff62e2a,2026-06-14,02:33:51,4128580,BIDKING,94,14062,Casual,MindSurge Network & Games,"Apr 15, 2026",2.99
f4258dd2,2026-06-14,02:33:51,1905180,OBS STUDIO,95,13906,Utilities,OBS Project,"Mar 21, 2022",0.0
51a0f7d8,2026-06-14,02:33:51,440900,CONAN EXILES ENHANCED,96,13828,Action,Funcom,"May 8, 2018",29.99
38b2db8d,2026-06-14,02:33:51,1297900,GOTHIC 1 REMAKE,97,13768,Action,Alkimia Interactive,"5 Jun, 2026",33.99
0e96c696,2026-06-14,02:33:51,275850,NO MAN'S SKY,98,13961,Action,Hello Games,"Aug 12, 2016",59.99
64f993f9,2026-06-14,02:33:51,3564740,WHERE WINDS MEET,99,13688,Action,Everstone Studio,"14 Nov, 2025",0.0
155f1048,2026-06-14,02:33:51,3065800,MARATHON,100,13487,Action,Bungie,"Mar 5, 2026",31.99
7bdd6ff1,2026-06-14,02:33:51,2119830,MISERY,,801,Action,Platypus Entertainment,"23 Oct, 2025",8.41
5c6cb7c3,2026-06-14,02:33:51,960090,BLOONS TD 6,,9053,Strategy,Ninja Kiwi,"Dec 17, 2018",13.99
2e8a1dd6,2026-06-14,02:33:51,739630,PHASMOPHOBIA,,9115,Action,Kinetic Games,"Sep 18, 2020",19.99
91822b62,2026-06-14,02:33:51,3527290,PEAK,,13279,Action,Team PEAK,"16 Jun, 2025",7.49
bdede0e5,2026-06-14,02:33:51,2646460,SOULMASK,,3452,Adventure,CampFire Studio,"Apr 9, 2026",29.99
af6582a0,2026-06-14,02:33:51,4025700,HEARTOPIA,,8802,Casual,XD,"16 Jan, 2026",0.0
f014e892,2026-06-14,02:33:51,4197610,LIBRARIAN: TIDY UP THE ARCANE LIBRARY!,,8722,Casual,ArtRising,"Apr 30, 2026",5.99
91a3759d,2026-06-14,02:33:51,1203620,ENSHROUDED,,8394,Action,Keen Games GmbH,"Jan 24, 2024",23.99
276ef5a0,2026-06-14,02:33:51,3224770,UMAMUSUME: PRETTY DERBY,,7261,Simulation,"Cygames, Inc.","24 Jun, 2025",0.0
10864b32,2026-06-14,02:33:51,3041230,WINDROSE,,13158,Action,Kraken Express,"Apr 14, 2026",29.99
c0d41187,2026-06-14,02:33:51,2252570,FOOTBALL MANAGER 2024,,12622,Simulation,Sports Interactive,"Nov 6, 2023",0.0
fea34fb2,2026-06-14,02:33:51,2479810,GRAY ZONE WARFARE,,4814,Action,"MADFINGER Games, a.s.","Apr 30, 2024",39.99
d74862e2,2026-06-14,02:33:51,3679080,THE SEVEN DEADLY SINS: ORIGIN,,3892,Action,Netmarble F&C,"Mar 16, 2026",0.0
9288cac1,2026-06-14,02:33:51,1623660,MIR4,,11209,Action,Wemade Next,"Aug 25, 2021",0.0
c91e8b36,2026-06-14,02:33:51,2344520,DIABLO® IV,,10535,Action,"Blizzard Entertainment, Inc.","Oct 17, 2023",49.99
aecc5de1,2026-06-14,02:33:51,291550,BRAWLHALLA,,10960,Action,Blue Mammoth Games,"Oct 17, 2017",0.0
34c2e3f0,2026-06-14,02:33:51,3265700,VAMPIRE CRAWLERS: THE TURBO WILDCARD FROM VAMPIRE SURVIVORS,,1536,Action,poncle,"Apr 21, 2026",9.99
3d4873af,2026-06-14,02:33:51,2584990,SHADOWVERSE: WORLDS BEYOND,,5394,Casual,"Cygames, Inc.","Jun 14, 2025",0.0
71bd66cb,2026-06-14,02:33:51,270880,AMERICAN TRUCK SIMULATOR,,8851,Indie,SCS Software,"Feb 2, 2016",4.99
c102cfe2,2026-06-14,02:33:51,377160,FALLOUT 4,,11478,RPG,Bethesda Game Studios,"Nov 9, 2015",19.99
30eb0319,2026-06-14,02:33:51,629520,SOUNDPAD,,10904,Audio Production,Leppsoft,"Sep 30, 2017",4.99
8e8686f0,2026-06-14,02:33:51,1974050,TORCHLIGHT: INFINITE,,650,Action,XD,"May 9, 2023",0.0
df4b80e6,2026-06-14,02:33:51,3124540,FAR FAR WEST,,4283,Action,Evil Raptor,"Apr 28, 2026",17.99
91833896,2026-06-14,02:33:51,3780860,HELL LET LOOSE VIETNAM: PLAYTEST,,0,Other,,"Apr 20, 2026",0.0
8d56caf0,2026-06-14,02:33:51,1144200,READY OR NOT,,7971,Action,VOID Interactive,"Dec 13, 2023",24.99
559a8d38,2026-06-14,02:33:51,304930,UNTURNED,,10067,Action,Smartly Dressed Games,"Jul 7, 2017",0.0
12bee47d,2026-06-14,02:33:51,238960,PATH OF EXILE,,3563,Action,Grinding Gear Games,"23 Oct, 2013",0.0
7777d8ce,2026-06-14,02:33:51,1604030,V RISING,,5157,Action,Stunlock Studios,"May 8, 2024",15.74
15655aca,2026-06-14,02:33:51,1476970,IDLEON,,8048,Casual,Lavaflame2,"Nov 6, 2025",0.0
fc00c9b9,2026-06-14,02:33:51,1118520,PARALIVES,,10700,Simulation,Alex Massé and team,"25 May, 2026",44.99
d2771fd7,2026-06-14,02:33:51,3357650,PRAGMATA,,2344,Action,"CAPCOM Co., Ltd.","Apr 17, 2026",59.99
04a5b261,2026-06-14,02:33:51,3764200,RESIDENT EVIL REQUIEM,,8094,Action,"CAPCOM Co., Ltd.","Feb 26, 2026",69.99
16deca3e,2026-06-14,02:33:51,3105440,HEROES OF MIGHT AND MAGIC: OLDEN ERA,,5916,RPG,Unfrozen,"Apr 30, 2026",29.99
9e3e91c2,2026-06-14,02:33:51,281990,STELLARIS,,12588,Simulation,Paradox Development Studio,"May 9, 2016",39.99
6ab571df,2026-06-14,02:33:51,3892270,GAMBLE WITH YOUR FRIENDS,,12452,Adventure,SkyBrave,"1 May, 2026",4.95
bc60fde9,2026-06-14,02:33:51,264710,SUBNAUTICA,,7669,Adventure,Unknown Worlds Entertainment,"Jan 23, 2018",7.49
e6cf9e7c,2026-06-14,02:33:51,376210,THE ISLE,,11427,Action,Afterthought LLC,"Dec 1, 2015",19.99
63edd908,2026-06-14,02:33:51,2073850,THE FINALS,,11916,Action,Embark Studios,"Dec 7, 2023",0.0
bb2b2db4,2026-06-14,02:33:51,1874880,ARMA REFORGER,,11906,Action,Bohemia Interactive,"Nov 16, 2023",39.99
05f7ddbb,2026-06-14,02:33:51,3768760,007 FIRST LIGHT,,12684,Action,IO Interactive A/S,"May 26, 2026",69.99
982cd331,2026-06-14,02:33:51,8930,SID MEIER'S CIVILIZATION® V,,12939,Strategy,Firaxis Games,"Sep 21, 2010",29.99
97541e38,2026-06-14,02:33:51,3164500,SCHEDULE I,,11132,Action,TVGS,"Mar 24, 2025",19.99
5e8577fd,2026-06-14,02:33:51,1716740,STARFIELD,,5151,RPG,Bethesda Game Studios,"Sep 5, 2023",49.99
5251a15c,2026-06-14,02:33:51,552990,WORLD OF WARSHIPS,,5978,Action,Wargaming Group Limited,"Nov 15, 2017",0.0
2e39b033,2026-06-14,02:33:51,2215200,LEGO® BATMAN™: LEGACY OF THE DARK KNIGHT,,4554,Action,TT Games,"22 May, 2026",28999.0
cd53d1a6,2026-06-14,02:33:51,1295660,SID MEIER'S CIVILIZATION VII,,10090,Simulation,Firaxis Games,"Feb 10, 2025",41.99
a79e7b0d,2026-06-14,02:33:51,306130,THE ELDER SCROLLS® ONLINE,,10557,Action,ZeniMax Online Studios,"May 22, 2017",19.99
985e3d65,2026-06-14,02:33:51,2707930,PALIA,,8495,Adventure,Singularity 6 Corporation,"Mar 25, 2024",0.0
ace95d9d,2026-06-14,02:33:51,220200,KERBAL SPACE PROGRAM,,5780,Indie,Squad,"Apr 27, 2015",39.99
73fc0e59,2026-06-14,02:33:51,2605790,DEEP ROCK GALACTIC: ROGUE CORE,,2480,Action,Ghost Ship Games,"20 May, 2026",29.99
9793352d,2026-06-14,02:33:51,216150,MAPLESTORY,,10271,Action,NEXON Korea Corporation,"Aug 9, 2012",0.0
2b81d199,2026-06-14,02:33:51,1943950,ESCAPE THE BACKROOMS,,11627,Action,Fancy Games,"Oct 23, 2025",7.99
